card_id,set_code,number,name,stage,evolves_from,hp,type,weakness_type,weakness_value,resistance_type,resistance_value,retreat_cost,rarity,dex_number,power_type,power_name,power_text,attack1_name,attack1_cost,attack1_damage,attack1_text,attack2_name,attack2_cost,attack2_damage,attack2_text,attack3_name,attack3_cost,attack3_damage,attack3_text,artist,flavor_text
base1-1,base1,1,Alakazam,Stage 2,Kadabra,80,P,P,x2,,,3,Rare Holo,65,Pokémon Power,Damage Swap,"As often as you like during your turn (before your attack), you may move 1 damage counter from 1 of your Pokémon to another as long as you don't Knock Out that Pokémon. This power can't be used if Alakazam is Asleep, Confused, or Paralyzed.",Confuse Ray,PPP,30,"Flip a coin. If heads, the Defending Pokémon is now Confused.",,,,,,,,,Ken Sugimori,Its brain can outperform a supercomputer. Its intelligence quotient is said to be 5000.
base1-2,base1,2,Blastoise,Stage 2,Wartortle,100,W,L,x2,,,3,Rare Holo,9,Pokémon Power,Rain Dance,"As often as you like during your turn (before your attack), you may attach 1 Water Energy card to 1 of your Water Pokémon. (This doesn't use up your 1 Energy card attachment for the turn.) This power can't be used if Blastoise is Asleep, Confused, or Paralyzed.",Hydro Pump,WWW,40+,Does 40 damage plus 10 more damage for each Water Energy attached to Blastoise but not used to pay for this attack's Energy cost. Extra Water Energy after the 2nd doesn't count.,,,,,,,,,Ken Sugimori,A brutal Pokémon with pressurized water jets on its shell. They are used for high-speed tackles.
base1-3,base1,3,Chansey,Basic,,120,C,F,x2,P,-30,1,Rare Holo,113,,,,Scrunch,CC,,"Flip a coin. If heads, prevent all damage done to Chansey during your opponent's next turn. (Any other effects of attacks still happen.)",Double-edge,CCCC,80,Chansey does 80 damage to itself.,,,,,Ken Sugimori,A rare and elusive Pokémon that is said to bring happiness to those who manage to catch it.
base1-4,base1,4,Charizard,Stage 2,Charmeleon,120,R,W,x2,F,-30,3,Rare Holo,6,Pokémon Power,Energy Burn,"As often as you like during your turn (before your attack), you may turn all Energy attached to Charizard into Fire Energy for the rest of the turn. This power can't be used if Charizard is Asleep, Confused, or Paralyzed.",Fire Spin,RRRR,100,Discard 2 Energy cards attached to Charizard in order to use this attack.,,,,,,,,,Mitsuhiro Arita,Spits fire that is hot enough to melt boulders. Known to unintentionally cause forest fires.
base1-5,base1,5,Clefairy,Basic,,40,C,F,x2,P,-30,1,Rare Holo,35,,,,Sing,C,,"Flip a coin. If heads, the Defending Pokémon is now Asleep.",Metronome,CCC,,"Choose 1 of the Defending Pokémon's attacks. Metronome copies that attack except for its Energy costs and anything else required in order to use that attack, such as discarding Energy cards. (No matter what type the Defending Pokémon is, Clefairy's type is still Colorless.)",,,,,Ken Sugimori,Its magical and cute appeal has many admirers. It is rare and found only in certain areas.
base1-6,base1,6,Gyarados,Stage 1,Magikarp,100,W,G,x2,F,-30,3,Rare Holo,130,,,,Dragon Rage,WWW,50,,Bubblebeam,WWWW,40,"Flip a coin. If heads, the Defending Pokémon is now Paralyzed.",,,,,Mitsuhiro Arita,"Rarely seen in the wild. Huge and vicious, it is capable of destroying entire cities in a rage."
base1-7,base1,7,Hitmonchan,Basic,,70,F,P,x2,,,2,Rare Holo,107,,,,Jab,F,20,,Special Punch,FFC,40,,,,,,Ken Sugimori,"While seeming to do nothing, it fires punches in lightning-fast volleys that are impossible to see."
base1-8,base1,8,Machamp,Stage 2,Machoke,100,F,P,x2,,,3,Rare Holo,68,Pokémon Power,Strikes Back,"Whenever your opponent's attack damages Machamp (even if Machamp is Knocked Out), this power does 10 damage to the attacking Pokémon. (Don't apply Weakness and Resistance.) This power can't be used if Machamp is Asleep, Confused, or Paralyzed when your opponent attacks.",Seismic Toss,FFFC,60,,,,,,,,,,Ken Sugimori,"Using its amazing muscles, it throws powerful punches that can knock its victim clear over the horizon."
base1-9,base1,9,Magneton,Stage 1,Magnemite,60,L,F,x2,,,1,Rare Holo,82,,,,Thunder Wave,LLC,30,"Flip a coin. If heads, the Defending Pokémon is now Paralyzed.",Selfdestruct,LLCC,80,Does 20 damage to each Pokémon on each player's Bench. (Don't apply Weakness and Resistance for Benched Pokémon.) Magneton does 80 damage to itself.,,,,,Keiji Kinebuchi,Formed by several Magnemites linked together. It frequently appears when sunspots flare up.
base1-10,base1,10,Mewtwo,Basic,,60,P,P,x2,,,3,Rare Holo,150,,,,Psychic,PC,10+,Does 10 damage plus 10 more damage for each Energy card attached to the Defending Pokémon.,Barrier,PP,,"Discard 1 Psychic Energy card attached to Mewtwo in order to prevent all effects of attacks, including damage, done to Mewtwo during your opponent's next turn.",,,,,Ken Sugimori,A scientist created this Pokémon after years of horrific gene-splicing and DNA engineering experiments.
base1-11,base1,11,Nidoking,Stage 2,Nidorino,90,G,P,x2,,,3,Rare Holo,34,,,,Thrash,GCC,30+,"Flip a coin. If heads, this attack does 30 damage plus 10 more damage; if tails, this attack does 30 damage and Nidoking does 10 damage to itself.",Toxic,GGG,20,The Defending Pokémon is now Poisoned. It now takes 20 Poison damage instead of 10 after each player's turn (even if it was already Poisoned).,,,,,Ken Sugimori,"Uses its powerful tail in battle to smash, constrict, then break its prey's bones."
base1-12,base1,12,Ninetales,Stage 1,Vulpix,80,R,W,x2,,,1,Rare Holo,38,,,,Lure,CC,,"If your opponent has any Benched Pokémon, choose 1 of them and switch it with his or her Active Pokémon.",Fire Blast,RRRR,80,Discard 1 Fire Energy card attached to Ninetales in order to use this attack.,,,,,Ken Sugimori,"Very smart and very vengeful. Grabbing one of its many tails could result in a 1,000-year curse."
base1-13,base1,13,Poliwrath,Stage 2,Poliwhirl,90,W,G,x2,,,3,Rare Holo,62,,,,Water Gun,WWC,30+,Does 30 damage plus 10 more damage for each Water Energy attached to Poliwrath but not used to pay for this attack's Energy cost. Extra Water Energy after the 2nd doesn't count.,Whirlpool,WWCC,40,"If the Defending Pokémon has any Energy cards attached to it, choose 1 of them and discard it.",,,,,Ken Sugimori,An adept swimmer at both the front crawl and breaststroke. Easily overtakes the best human swimmers.
base1-14,base1,14,Raichu,Stage 1,Pikachu,80,L,F,x2,,,1,Rare Holo,26,,,,Agility,LCC,20,"Flip a coin. If heads, during your opponent's next turn, prevent all effects of attacks, including damage, done to Raichu.",Thunder,LLLC,60,"Flip a coin. If tails, Raichu does 30 damage to itself.",,,,,Ken Sugimori,Its long tail serves as a ground to protect itself from its own high-voltage power.
base1-15,base1,15,Venusaur,Stage 2,Ivysaur,100,G,R,x2,,,2,Rare Holo,3,Pokémon Power,Energy Trans,"As often as you like during your turn (before your attack), you may take 1 Grass Energy card attached to 1 of your Pokémon and attach it to a different one. This power can't be used if Venusaur is Asleep, Confused, or Paralyzed.",Solarbeam,GGGG,60,,,,,,,,,,Mitsuhiro Arita,This plant blooms when it is absorbing solar energy. It stays on the move to seek sunlight.
base1-16,base1,16,Zapdos,Basic,,90,L,,,F,-30,3,Rare Holo,145,,,,Thunder,LLLC,60,"Flip a coin. If tails, Zapdos does 30 damage to itself.",Thunderbolt,LLLL,100,Discard all Energy cards attached to Zapdos in order to use this attack.,,,,,Ken Sugimori,A legendary bird Pokémon said to appear from clouds while wielding enormous lightning bolts.
base1-17,base1,17,Beedrill,Stage 2,Kakuna,80,G,R,x2,F,-30,0,Rare,15,,,,Twineedle,CCC,30×,Flip 2 coins. This attack does 30 damage times the number of heads.,Poison Sting,GGG,40,"Flip a coin. If heads, the Defending Pokémon is now Poisoned.",,,,,Ken Sugimori,"Flies at high speed and attacks using the large, venomous stingers on its forelegs and tail."
base1-18,base1,18,Dragonair,Stage 1,Dratini,80,C,,,P,-30,2,Rare,148,,,,Slam,CCC,30×,Flip 2 coins. This attack does 30 damage times the number of heads.,Hyper Beam,CCCC,20,"If the Defending Pokémon has any Energy cards attached to it, choose 1 of them and discard it.",,,,,Mitsuhiro Arita,A mystical Pokémon that exudes a gentle aura. Has the ability to change climate conditions.
base1-19,base1,19,Dugtrio,Stage 1,Diglett,70,F,G,x2,L,-30,2,Rare,51,,,,Slash,FFC,40,,Earthquake,FFFF,70,Does 10 damage to each of your own Benched Pokémon. (Don't apply Weakness and Resistance for Benched Pokémon.),,,,,Keiji Kinebuchi,A team of Diglett triplets. It triggers huge earthquakes by burrowing 60 miles underground.
base1-20,base1,20,Electabuzz,Basic,,70,L,F,x2,,,2,Rare,125,,,,Thundershock,L,10,"Flip a coin. If heads, the Defending Pokémon is now Paralyzed.",Thunderpunch,LC,30+,"Flip a coin. If heads, this attack does 30 damage plus 10 more damage; if tails, this attack does 30 damage plus Electabuzz does 10 damage to itself.",,,,,Ken Sugimori,"Normally found near power plants, it can wander away and cause major blackouts in cities."
base1-21,base1,21,Electrode,Stage 1,Voltorb,80,L,F,x2,,,1,Rare,101,Pokémon Power,Buzzap,"At any time during your turn (before your attack), you may Knock Out Electrode and attach it to 1 of your other Pokémon. If you do, choose a type of Energy. Electrode is now an Energy card (instead of a Pokémon) that provides 2 energy of that type. You can't use this power if Electrode is Asleep, Confused, or Paralyzed.",Electric Shock,LLL,50,"Flip a coin. If tails, Electrode does 10 damage to itself.",,,,,,,,,Keiji Kinebuchi,It stores electrical energy under very high pressure. It often explodes with little or no provocation.
base1-22,base1,22,Pidgeotto,Stage 1,Pidgey,60,C,L,x2,F,-30,1,Rare,17,,,,Whirlwind,CC,20,"If your opponent has any Benched Pokémon, he or she chooses 1 of them and switches it with the Defending Pokémon. (Do the damage before switching the Pokémon.)",Mirror Move,CCC,,"If Pidgeotto was attacked last turn, do the final result of that attack on Pidgeotto to the Defending Pokémon.",,,,,Ken Sugimori,"Very protective of its sprawling territory, this Pokémon will fiercely peck at any intruder."
base1-23,base1,23,Arcanine,Stage 1,Growlithe,100,R,W,x2,,,3,Uncommon,59,,,,Flamethrower,RRC,50,Discard 1 Fire Energy card attached to Arcanine in order to use this attack.,Take Down,RRCC,80,Arcanine does 30 damage to itself.,,,,,Ken Sugimori,"A Pokémon that has been long admired for its beauty. It runs gracefully, as if on wings."
base1-24,base1,24,Charmeleon,Stage 1,Charmander,80,R,W,x2,,,1,Uncommon,5,,,,Slash,CCC,30,,Flamethrower,RRC,50,Discard 1 Fire Energy card attached to Charmeleon in order to use this attack.,,,,,Mitsuhiro Arita,"When it swings its burning tail, it raises the temperature to unbearably high levels."
base1-25,base1,25,Dewgong,Stage 1,Seel,80,W,L,x2,,,3,Uncommon,87,,,,Aurora Beam,WWC,50,,Ice Beam,WWCC,30,"Flip a coin. If heads, the Defending Pokémon is now Paralyzed.",,,,,Mitsuhiro Arita,Stores thermal energy in its body. Swims at a steady 8 knots even in intensely cold waters.
base1-26,base1,26,Dratini,Basic,,40,C,,,P,-30,1,Uncommon,147,,,,Pound,C,10,,,,,,,,,,Ken Sugimori,"Long considered a mythical Pokémon until recently, when a small colony was found living underwater."
base1-27,base1,27,Farfetch'd,Basic,,50,C,L,x2,F,-30,1,Uncommon,83,,,,Leek Slap,C,30,"Flip a coin. If tails, this attack does nothing. Either way, you can't use this attack again as long as Farfetch'd stays in play (even putting Farfetch'd on the Bench won't let you use it again).",Pot Smash,CCC,30,,,,,,Ken Sugimori,The sprig of green onions it holds is its weapon. This sprig is used much like a metal sword.
base1-28,base1,28,Growlithe,Basic,,60,R,W,x2,,,1,Uncommon,58,,,,Flare,RC,20,,,,,,,,,,Ken Sugimori,Very protective of its territory. It will bark and bite to repel intruders from its space.
base1-29,base1,29,Haunter,Stage 1,Gastly,60,P,,,F,-30,1,Uncommon,93,,,,Hypnosis,P,,The Defending Pokémon is now Asleep.,Dream Eater,PP,50,You can't use this attack unless the Defending Pokémon is Asleep.,,,,,Keiji Kinebuchi,"Because of its ability to slip through block walls, it is said to be from another dimension."
base1-30,base1,30,Ivysaur,Stage 1,Bulbasaur,60,G,R,x2,,,1,Uncommon,2,,,,Vine Whip,GCC,30,,Poisonpowder,GGG,20,The Defending Pokémon is now Poisoned.,,,,,Ken Sugimori,"When the bulb on its back grows large, the Pokémon seems to lose the ability to stand on its hind legs."
base1-31,base1,31,Jynx,Basic,,70,P,P,x2,,,2,Uncommon,124,,,,Doubleslap,P,10×,Flip 2 coins. This attack does 10 damage times the number of heads.,Meditate,PPC,20+,Does 20 damage plus 10 more damage for each damage counter on the Defending Pokémon.,,,,,Ken Sugimori,"Merely by meditating, the Pokémon launches a powerful psychic energy attack."
base1-32,base1,32,Kadabra,Stage 1,Abra,60,P,P,x2,,,3,Uncommon,64,,,,Recover,PP,,Discard 1 Psychic Energy card attached to Kadabra in order to use this attack. Remove all damage counters from Kadabra.,Super Psy,PPC,50,,,,,,Ken Sugimori,It emits special alpha waves from its body that induce headaches even to those just nearby.
base1-33,base1,33,Kakuna,Stage 1,Weedle,80,G,R,x2,,,2,Uncommon,14,,,,Stiffen,CC,,"Flip a coin. If heads, prevent all damage done to Kakuna during your opponent's next turn. (Any other effects of attacks still happen.)",Poisonpowder,GG,20,"Flip a coin. If heads, the Defending Pokémon is now Poisoned.",,,,,Keiji Kinebuchi,"Almost incapable of moving, this Pokémon can only harden its shell to protect itself from predators."
base1-34,base1,34,Machoke,Stage 1,Machop,80,F,P,x2,,,3,Uncommon,67,,,,Karate Chop,FFC,50-,Does 50 damage minus 10 damage for each damage counter on Machoke.,Submission,FFCC,60,Machoke does 20 damage to itself.,,,,,Ken Sugimori,Its muscular body is so powerful that it must wear a power-save belt to help regulate its motions.
base1-35,base1,35,Magikarp,Basic,,30,W,L,x2,,,1,Uncommon,129,,,,Tackle,C,10,,Flail,W,10×,Does 10 damage times the number of damage counters on Magikarp.,,,,,Mitsuhiro Arita,"In the distant past, it was stronger than its horribly weak descendants that exist today."
base1-36,base1,36,Magmar,Basic,,50,R,W,x2,,,2,Uncommon,126,,,,Fire Punch,RR,30,,Flamethrower,RRC,50,Discard 1 Fire Energy card attached to Magmar in order to use this attack.,,,,,Ken Sugimori,Its body always burns with an orange glow that enables it to hide perfectly among flames.
base1-37,base1,37,Nidorino,Stage 1,Nidoran ♂,60,G,P,x2,,,1,Uncommon,33,,,,Double Kick,GCC,30×,Flip 2 coins. This attack does 30 damage times the number of heads.,Horn Drill,GGCC,50,,,,,,Mitsuhiro Arita,An aggressive Pokémon that is quick to attack. The horn on its head secretes a powerful venom.
base1-38,base1,38,Poliwhirl,Stage 1,Poliwag,60,W,G,x2,,,1,Uncommon,61,,,,Amnesia,WW,,Choose 1 of the Defending Pokémon's attacks. That Pokémon can't use that attack during your opponent's next turn.,Doubleslap,WWC,30×,Flip 2 coins. This attack does 30 damage times the number of heads.,,,,,Ken Sugimori,"Capable of living in or out of water. When out of water, it sweats to keep its body slimy."
base1-39,base1,39,Porygon,Basic,,30,C,F,x2,P,-30,1,Uncommon,137,,,,Conversion 1,C,,"If the Defending Pokémon has a Weakness, you may change it to a type of your choice other than Colorless.",Conversion 2,CC,,Change Porygon's Resistance to a type of your choice other than Colorless.,,,,,Tomoaki Imakuni,A Pokémon that consists entirely of programming code. Capable of moving freely in cyberspace.
base1-40,base1,40,Raticate,Stage 1,Rattata,60,C,F,x2,P,-30,1,Uncommon,20,,,,Bite,C,20,,Super Fang,CCC,?,Does damage to the Defending Pokémon equal to half the Defending Pokémon's remaining HP (rounded up to the nearest 10).,,,,,Ken Sugimori,It uses its whiskers to maintain its balance. It seems to slow down if they are cut off.
base1-41,base1,41,Seel,Basic,,60,W,L,x2,,,1,Uncommon,86,,,,Headbutt,W,10,,,,,,,,,,Ken Sugimori,The protruding horn on its head is very hard. This horn is used for bashing through thick ice.
base1-42,base1,42,Wartortle,Stage 1,Squirtle,70,W,L,x2,,,1,Uncommon,8,,,,Withdraw,WC,,"Flip a coin. If heads, prevent all damage done to Wartortle during your opponent's next turn. (Any other effects of attacks still happen.)",Bite,WCC,40,,,,,,Ken Sugimori,"Often hides in water to stalk unweary prey. When swimming quickly, it moves its ears to maintain balance."
base1-43,base1,43,Abra,Basic,,30,P,P,x2,,,0,Common,63,,,,Psyshock,P,10,"Flip a coin. If heads, the Defending Pokémon is now Paralyzed.",,,,,,,,,Mitsuhiro Arita,"Using its ability to read minds, it will identify impending danger and teleport to safety."
base1-44,base1,44,Bulbasaur,Basic,,40,G,R,x2,,,1,Common,1,,,,Leech Seed,GG,20,"Unless all damage from this attack is prevented, you may remove 1 damage counter from Bulbasaur.",,,,,,,,,Mitsuhiro Arita,"A strange seed was planted on its back at birth. Thus, a plant sprouted and now grows with this Pokémon."
base1-45,base1,45,Caterpie,Basic,,40,G,R,x2,,,1,Common,10,,,,String Shot,G,10,"Flip a coin. If heads, the Defending Pokémon is now Paralyzed.",,,,,,,,,Ken Sugimori,Its short feet are tipped with suction pads that enable it to tirelessly climb slopes and walls.
base1-46,base1,46,Charmander,Basic,,50,R,W,x2,,,1,Common,4,,,,Scratch,C,10,,Ember,RC,30,Discard 1 Fire Energy card attached to Charmander in order to use this attack.,,,,,Mitsuhiro Arita,"Obviously prefers hot places. If it gets caught in the rain, steam is said to spout from the tip of its tail."
base1-47,base1,47,Diglett,Basic,,30,F,G,x2,L,-30,0,Common,50,,,,Dig,F,10,,Mud Slap,FF,30,,,,,,Keiji Kinebuchi,"Lives about three feet underground, where it feeds on plant roots. It sometimes appears above ground."
base1-48,base1,48,Doduo,Basic,,50,C,L,x2,F,-30,0,Common,84,,,,Fury Attack,C,10×,Flip 2 coins. This attack does 10 damage times the number of heads.,,,,,,,,,Mitsuhiro Arita,A bird that makes up for its poor flying with its fast foot speed. Leaves giant footprints.
base1-49,base1,49,Drowzee,Basic,,50,P,P,x2,,,1,Common,96,,,,Pound,C,10,,Confuse Ray,PP,10,"Flip a coin. If heads, the Defending Pokémon is now Confused.",,,,,Ken Sugimori,"Puts enemies to sleep, then eats their dreams. Occasionally gets sick from eating bad dreams."
base1-50,base1,50,Gastly,Basic,,30,P,,,F,-30,0,Common,92,,,,Sleeping Gas,P,,"Flip a coin. If heads, the Defending Pokémon is now Asleep.",Destiny Bond,PC,,"Discard 1 Psychic Energy card attached to Gastly in order to use this attack. If a Pokémon Knocks Out Gastly during your opponent's next turn, Knock Out that Pokémon.",,,,,Keiji Kinebuchi,"Almost invisible, this gaseous Pokémon cloaks the target and puts it to sleep without notice."
base1-51,base1,51,Koffing,Basic,,50,G,P,x2,,,1,Common,109,,,,Foul Gas,GG,10,"Flip a coin. If heads, the Defending Pokémon is now Poisoned; if tails, it is now Confused.",,,,,,,,,Mitsuhiro Arita,"Because it stores several kinds of toxic gases in its body, it is prone to exploding without warning."
base1-52,base1,52,Machop,Basic,,50,F,P,x2,,,1,Common,66,,,,Low Kick,F,20,,,,,,,,,,Mitsuhiro Arita,Loves to build its muscles. It trains in all styles of martial arts to become even stronger.
base1-53,base1,53,Magnemite,Basic,,40,L,F,x2,,,1,Common,81,,,,Thunder Wave,L,10,"Flip a coin. If heads, the Defending Pokémon is now Paralyzed.",Selfdestruct,LC,40,Does 10 damage to each Pokémon on each player's Bench. (Don't apply Weakness and Resistance for Benched Pokémon.) Magnemite does 40 damage to itself.,,,,,Keiji Kinebuchi,Uses anti-gravity to stay suspended. Appears without warning and uses attacks like Thunder Wave.
base1-54,base1,54,Metapod,Stage 1,Caterpie,70,G,R,x2,,,2,Common,11,,,,Stiffen,CC,,"Flip a coin. If heads, prevent all damage done to Metapod during your opponent's next turn. (Any other effects of attacks still happen.)",Stun Spore,GG,20,"Flip a coin. If heads, the Defending Pokémon is now Paralyzed.",,,,,Ken Sugimori,"It is vulnerable to attack because its shell is soft, exposing its weak and tender body."
base1-55,base1,55,Nidoran ♂,Basic,,40,G,P,x2,,,1,Common,32,,,,Horn Hazard,G,30,"Flip a coin. If tails, this attack does nothing.",,,,,,,,,Ken Sugimori,"Stiffens its ears to sense danger. The larger, more powerful of its horns secretes venom."
base1-56,base1,56,Onix,Basic,,90,F,G,x2,,,3,Common,95,,,,Rock Throw,F,10,,Harden,FF,,"During your opponent's next turn, whenever 30 or less damage is done to Onix (after applying Weakness and Resistance), prevent that damage. (Any other effects of attacks still happen.)",,,,,Ken Sugimori,"As it grows, the stone portions of its body harden to become similar to a diamond, though colored black."
base1-57,base1,57,Pidgey,Basic,,40,C,L,x2,F,-30,1,Common,16,,,,Whirlwind,CC,10,"If your opponent has any Benched Pokémon, he or she chooses 1 of them and switches it with the Defending Pokémon. (Do the damage before switching the Pokémon.)",,,,,,,,,Ken Sugimori,A common sight in forests and woods. It flaps its wings at ground level to kick up blinding sand.
base1-58,base1,58,Pikachu,Basic,,40,L,F,x2,,,1,Common,25,,,,Gnaw,C,10,,Thunder Jolt,LC,30,"Flip a coin. If tails, Pikachu does 10 damage to itself.",,,,,Mitsuhiro Arita,"When several of these Pokémon gather, their electricity can cause lightning storms."
base1-59,base1,59,Poliwag,Basic,,40,W,G,x2,,,1,Common,60,,,,Water Gun,W,10+,Does 10 damage plus 10 more damage for each Water Energy attached to Poliwag but not used to pay for this attack's Energy cost. Extra Water Energy after the 2nd don't count.,,,,,,,,,Ken Sugimori,Its newly grown legs prevent it from running. It appears to prefer swimming over trying to stand.
base1-60,base1,60,Ponyta,Basic,,40,R,W,x2,,,1,Common,77,,,,Smash Kick,CC,20,,Flame Tail,RR,30,,,,,,Ken Sugimori,Its hooves are 10 times harder than diamonds. It can trample anything flat in moments.
base1-61,base1,61,Rattata,Basic,,30,C,F,x2,P,-30,0,Common,19,,,,Bite,C,20,,,,,,,,,,Mitsuhiro Arita,"Bites anything when it attacks. Small and very quick, it is a common sight in many places."
base1-62,base1,62,Sandshrew,Basic,,40,F,G,x2,L,-30,1,Common,27,,,,Sand-attack,F,10,"If the Defending Pokémon tries to attack during your opponent's next turn, your opponent flips a coin. If tails, that attack does nothing.",,,,,,,,,Ken Sugimori,Burrows deep underground in arid locations far from water. It only emerges to hunt for food.
base1-63,base1,63,Squirtle,Basic,,40,W,L,x2,,,1,Common,7,,,,Bubble,W,10,"Flip a coin. If heads, the Defending Pokémon is now Paralyzed.",Withdraw,WC,,"Flip a coin. If heads, prevent all damage done to Squirtle during your opponent's next turn. (Any other effects of attacks still happen.)",,,,,Mitsuhiro Arita,"After birth, its back swells and hardens into a shell. It powerfully sprays foam from its mouth."
base1-64,base1,64,Starmie,Stage 1,Staryu,60,W,L,x2,,,1,Common,121,,,,Recover,WW,,Discard 1 Water Energy card attached to Starmie in order to use this attack. Remove all damage counters from Starmie.,Star Freeze,WCC,20,"Flip a coin. If heads, the Defending Pokémon is now Paralyzed.",,,,,Keiji Kinebuchi,Its central core glows with the seven colors of the rainbow. Some people value this core as a gem.
base1-65,base1,65,Staryu,Basic,,40,W,L,x2,,,1,Common,120,,,,Slap,W,20,,,,,,,,,,Keiji Kinebuchi,An enigmatic Pokémon that can effortlessly regenerate any appendage it loses in battle.
base1-66,base1,66,Tangela,Basic,,50,G,R,x2,,,2,Common,114,,,,Bind,GC,20,"Flip a coin. If heads, the Defending Pokémon is now Paralyzed.",Poisonpowder,GGG,20,The Defending Pokémon is now Poisoned.,,,,,Mitsuhiro Arita,Its whole body is swathed with wide vines that are similar to seaweed. These vines shake as it walks.
base1-67,base1,67,Voltorb,Basic,,40,L,F,x2,,,1,Common,100,,,,Tackle,C,10,,,,,,,,,,Keiji Kinebuchi,"Usually found in power plants. Easily mistaken for a Monster Ball, it has zapped many people."
base1-68,base1,68,Vulpix,Basic,,50,R,W,x2,,,1,Common,37,,,,Confuse Ray,RR,10,"Flip a coin. If heads, the Defending Pokémon is now Confused.",,,,,,,,,Ken Sugimori,"At the time of birth, it has just one tail. Its tail splits from the tip as it grows older."
base1-69,base1,69,Weedle,Basic,,40,G,R,x2,,,1,Common,13,,,,Poison Sting,G,10,"Flip a coin. If heads, the Defending Pokémon is now Poisoned.",,,,,,,,,Mitsuhiro Arita,"Often found in forests, eating leaves. It has a sharp, venomous stinger on its head."
base2-1,base2,1,Clefable,Stage 1,Clefairy,70,C,F,x2,P,-30,2,Rare Holo,36,,,,Metronome,C,,"Choose 1 of the Defending Pokémon's attacks. Metronome copies that attack except for its Energy costs and anything else required in order to use that attack, such as discarding Energy cards. (No matter what type the Defending Pokémon is, Clefable's type is still Colorless.)",Minimize,CC,,All damage done by attacks to Clefable during your opponent's next turn is reduced by 20 (after applying Weakness and Resistance).,,,,,Mitsuhiro Arita,A timid Fairy Pokémon that is rarely seen. It will run and hide the moment it senses people.
base2-2,base2,2,Electrode,Stage 1,Voltorb,90,L,F,x2,,,1,Rare Holo,101,,,,Tackle,CC,20,,Chain Lightning,LLL,20,"If the Defending Pokémon isn't Colorless, this attack does 10 damage to each Benched Pokémon of the same type as the Defending Pokémon (including your own).",,,,,Mitsuhiro Arita,It stores electrical energy under very high pressure. It often explodes with little or no provocation.
base2-3,base2,3,Flareon,Stage 1,Eevee,70,R,W,x2,,,1,Rare Holo,136,,,,Quick Attack,CC,10+,"Flip a coin. If heads, this attack does 10 damage plus 20 more damage; if tails, this attack does 10 damage.",Flamethrower,RRCC,60,Discard 1 Fire Energy card attached to Flareon in order to use this attack.,,,,,Kagemaru Himeno,"When storing thermal energy in its body, its temperature could soar to over 1600 degrees."
base2-4,base2,4,Jolteon,Stage 1,Eevee,70,L,F,x2,,,1,Rare Holo,135,,,,Quick Attack,CC,10+,"Flip a coin. If heads, this attack does 10 damage plus 20 more damage; if tails, this attack does 10 damage.",Pin Missile,LLC,20×,Flip 4 coins. This attack does 20 damage times the number of heads.,,,,,Kagemaru Himeno,"It accumulates negative ions from the atmosphere to blast out 10,000-volt lightning bolts."
base2-5,base2,5,Kangaskhan,Basic,,90,C,F,x2,P,-30,3,Rare Holo,115,,,,Fetch,C,,Draw a card.,Comet Punch,CCCC,20×,Flip 4 coins. This attack does 20 damage times the number of heads.,,,,,Mitsuhiro Arita,The infant rarely ventures out of its mother's protective pouch until it is three years old.
base2-6,base2,6,Mr. Mime,Basic,,40,P,P,x2,,,1,Rare Holo,122,Pokémon Power,Invisible Wall,"Whenever an attack (including your own) does 30 or more damage to Mr. Mime (after applying Weakness and Resistance), prevent that damage. (Any other effects of attacks still happen.) This power can't be used if Mr. Mime is Asleep, Confused, or Paralyzed.",Meditate,PC,10+,Does 10 damage plus 10 more damage for each damage counter on the Defending Pokémon.,,,,,,,,,Ken Sugimori,"If interrupted while miming, it will slap around the enemy with its broad hands."
base2-7,base2,7,Nidoqueen,Stage 2,Nidorina,90,G,P,x2,,,3,Rare Holo,31,,,,Boyfriends,GC,20+,Does 20 damage plus 20 more damage for each Nidoking you have in play.,Mega Punch,GGCC,50,,,,,,Ken Sugimori,Its hard scales provide strong protection. It uses its hefty bulk to execute powerful moves.
base2-8,base2,8,Pidgeot,Stage 2,Pidgeotto,80,C,L,x2,F,-30,0,Rare Holo,18,,,,Wing Attack,CC,20,,Hurricane,CCC,30,"Unless this attack Knocks Out the Defending Pokémon, return the Defending Pokémon and all cards attached to it to your opponent's hand.",,,,,Kagemaru Himeno,"When hunting, it skims the surface of water at high speed to pick off unwary prey such as Magikarp."
base2-9,base2,9,Pinsir,Basic,,60,G,R,x2,,,1,Rare Holo,127,,,,Irongrip,GG,20,"Flip a coin. If heads, the Defending Pokémon is now Paralyzed.",Guillotine,GGCC,50,,,,,,Kagemaru Himeno,"If it fails to crush the victim in its pincers, it will swing its victim around and toss it hard."
base2-10,base2,10,Scyther,Basic,,70,G,R,x2,F,-30,0,Rare Holo,123,,,,Swords Dance,G,,"During your next turn, Scyther's Slash attack's base damage is 60 instead of 30.",Slash,CCC,30,,,,,,Ken Sugimori,"With ninja-like agility and speed, it can create the illusion that there is more than one of it."
base2-11,base2,11,Snorlax,Basic,,90,C,F,x2,P,-30,4,Rare Holo,143,Pokémon Power,Thick Skinned,"Snorlax can't become Asleep, Confused, Paralyzed, or Poisoned. This power can't be used if Snorlax is already Asleep, Confused, or Paralyzed.",Body Slam,CCCC,30,"Flip a coin. If heads, the Defending Pokémon is now Paralyzed.",,,,,,,,,Ken Sugimori,"Very lazy. Just eats and sleeps. As its rotund bulk builds, it becomes steadily more slothful."
base2-12,base2,12,Vaporeon,Stage 1,Eevee,80,W,L,x2,,,1,Rare Holo,134,,,,Quick Attack,CC,10+,"Flip a coin. If heads, this attack does 10 damage plus 20 more damage; if tails, this attack does 10 damage.",Water Gun,WWC,30+,Does 30 damage plus 10 more damage for each Water Energy attached to Vaporeon but not used to pay for this attack's Energy cost. Extra Water Energy after the 2nd doesn't count.,,,,,Kagemaru Himeno,Lives close to water. Its long tail is ridged with a fin that is often mistaken for a mermaid's.
base2-13,base2,13,Venomoth,Stage 1,Venonat,70,G,R,x2,F,-30,0,Rare Holo,49,Pokémon Power,Shift,"Once during your turn (before your attack), you may change the type of Venomoth to the type of any other Pokémon in play other than Colorless. This power can't be used if Venomoth is Asleep, Confused, or Paralyzed.",Venom Powder,GG,10,"Flip a coin. If heads, the Defending Pokémon is now Confused and Poisoned.",,,,,,,,,Ken Sugimori,The dust-like scales covering its wings are color coded to indicate the kinds of poison it has.
base2-14,base2,14,Victreebel,Stage 2,Weepinbell,80,G,R,x2,,,2,Rare Holo,71,,,,Lure,G,,"If your opponent has any Benched Pokémon, choose 1 of them and switch it with his or her Active Pokémon.",Acid,GG,20,"Flip a coin. If heads, the Defending Pokémon can't retreat during your next turn.",,,,,Ken Sugimori,"Said to live in huge colonies deep in jungles, although no one has ever returned from there."
base2-15,base2,15,Vileplume,Stage 2,Gloom,80,G,R,x2,,,2,Rare Holo,45,Pokémon Power,Heal,"Once during your turn (before your attack), you may flip a coin. If heads, remove 1 damage counter from 1 of your Pokémon. This power can't be used if Vileplume is Asleep, Confused, or Paralyzed.",Petal Dance,GGG,40×,Flip 3 coins. This attack does 40 damage times the number of heads. Vileplume is now Confused (after doing damage).,,,,,,,,,Keiji Kinebuchi,"The larger its petals, the more toxic pollen it contains. Its big head is heavy and hard to hold up."
base2-16,base2,16,Wigglytuff,Stage 1,Jigglypuff,80,C,F,x2,P,-30,2,Rare Holo,40,,,,Lullaby,C,,The Defending Pokémon is now Asleep.,Do the Wave,CCC,10+,Does 10 damage plus 10 more damage for each of your Benched Pokémon.,,,,,Mitsuhiro Arita,"The body is soft and rubbery. When angered, it will suck in air and inflate itself to an enormous size."
base2-17,base2,17,Clefable,Stage 1,Clefairy,70,C,F,x2,P,-30,2,Rare,36,,,,Metronome,C,,"Choose 1 of the Defending Pokémon's attacks. Metronome copies that attack except for its Energy costs and anything else required in order to use that attack, such as discarding Energy cards. (No matter what type the Defending Pokémon is, Clefable's type is still Colorless.)",Minimize,CC,,All damage done by attacks to Clefable during your opponent's next turn is reduced by 20 (after applying Weakness and Resistance).,,,,,Mitsuhiro Arita,A timid Fairy Pokémon that is rarely seen. It will run and hide the moment it senses people.
base2-18,base2,18,Electrode,Stage 1,Voltorb,90,L,F,x2,,,1,Rare,101,,,,Tackle,CC,20,,Chain Lightning,LLL,20,"If the Defending Pokémon isn't Colorless, this attack does 10 damage to each Benched Pokémon of the same type as the Defending Pokémon (including your own).",,,,,Mitsuhiro Arita,It stores electrical energy under very high pressure. It often explodes with little or no provocation.
base2-19,base2,19,Flareon,Stage 1,Eevee,70,R,W,x2,,,1,Rare,136,,,,Quick Attack,CC,10+,"Flip a coin. If heads, this attack does 10 damage plus 20 more damage; if tails, this attack does 10 damage.",Flamethrower,RRCC,60,Discard 1 Fire Energy card attached to Flareon in order to use this attack.,,,,,Kagemaru Himeno,"When storing thermal energy in its body, its temperature could soar to over 1600 degrees."
base2-20,base2,20,Jolteon,Stage 1,Eevee,70,L,F,x2,,,1,Rare,135,,,,Quick Attack,CC,10+,"Flip a coin. If heads, this attack does 10 damage plus 20 more damage; if tails, this attack does 10 damage.",Pin Missile,LLC,20×,Flip 4 coins. This attack does 20 damage times the number of heads.,,,,,Kagemaru Himeno,"It accumulates negative ions from the atmosphere to blast out 10,000-volt lightning bolts."
base2-21,base2,21,Kangaskhan,Basic,,90,C,F,x2,P,-30,3,Rare,115,,,,Fetch,C,,Draw a card.,Comet Punch,CCCC,20×,Flip 4 coins. This attack does 20 damage times the number of heads.,,,,,Mitsuhiro Arita,The infant rarely ventures out of its mother's protective pouch until it is three years old.
base2-22,base2,22,Mr. Mime,Basic,,40,P,P,x2,,,1,Rare,122,Pokémon Power,Invisible Wall,"Whenever an attack (including your own) does 30 or more damage to Mr. Mime (after applying Weakness and Resistance), prevent that damage. (Any other effects of attacks still happen.) This power can't be used if Mr. Mime is Asleep, Confused, or Paralyzed.",Meditate,PC,10+,Does 10 damage plus 10 more damage for each damage counter on the Defending Pokémon.,,,,,,,,,Ken Sugimori,"If interrupted while miming, it will slap around the enemy with its broad hands."
base2-23,base2,23,Nidoqueen,Stage 2,Nidorina,90,G,P,x2,,,3,Rare,31,,,,Boyfriends,GC,20+,Does 20 damage plus 20 more damage for each Nidoking you have in play.,Mega Punch,GGCC,50,,,,,,Ken Sugimori,Its hard scales provide strong protection. It uses its hefty bulk to execute powerful moves.
base2-24,base2,24,Pidgeot,Stage 2,Pidgeotto,80,C,L,x2,F,-30,0,Rare,18,,,,Wing Attack,CC,20,,Hurricane,CCC,30,"Unless this attack Knocks Out the Defending Pokémon, return the Defending Pokémon and all cards attached to it to your opponent's hand.",,,,,Kagemaru Himeno,"When hunting, it skims the surface of water at high speed to pick off unwary prey such as Magikarp."
base2-25,base2,25,Pinsir,Basic,,60,G,R,x2,,,1,Rare,127,,,,Irongrip,GG,20,"Flip a coin. If heads, the Defending Pokémon is now Paralyzed.",Guillotine,GGCC,50,,,,,,Kagemaru Himeno,"If it fails to crush the victim in its pincers, it will swing its victim around and toss it hard."
base2-26,base2,26,Scyther,Basic,,70,G,R,x2,F,-30,0,Rare,123,,,,Swords Dance,G,,"During your next turn, Scyther's Slash attack's base damage is 60 instead of 30.",Slash,CCC,30,,,,,,Ken Sugimori,"With ninja-like agility and speed, it can create the illusion that there is more than one of it."
base2-27,base2,27,Snorlax,Basic,,90,C,F,x2,P,-30,4,Rare,143,Pokémon Power,Thick Skinned,"Snorlax can't become Asleep, Confused, Paralyzed, or Poisoned. This power can't be used if Snorlax is already Asleep, Confused, or Paralyzed.",Body Slam,CCCC,30,"Flip a coin. If heads, the Defending Pokémon is now Paralyzed.",,,,,,,,,Ken Sugimori,"Very lazy. Just eats and sleeps. As its rotund bulk builds, it becomes steadily more slothful."
base2-28,base2,28,Vaporeon,Stage 1,Eevee,80,W,L,x2,,,1,Rare,134,,,,Quick Attack,CC,10+,"Flip a coin. If heads, this attack does 10 damage plus 20 more damage; if tails, this attack does 10 damage.",Water Gun,WWC,30+,Does 30 damage plus 10 more damage for each Water Energy attached to Vaporeon but not used to pay for this attack's Energy cost. Extra Water Energy after the 2nd doesn't count.,,,,,Kagemaru Himeno,Lives close to water. Its long tail is ridged with a fin that is often mistaken for a mermaid's.
base2-29,base2,29,Venomoth,Stage 1,Venonat,70,G,R,x2,F,-30,0,Rare,49,Pokémon Power,Shift,"Once during your turn (before your attack), you may change the type of Venomoth to the type of any other Pokémon in play other than Colorless. This power can't be used if Venomoth is Asleep, Confused, or Paralyzed.",Venom Powder,GG,10,"Flip a coin. If heads, the Defending Pokémon is now Confused and Poisoned.",,,,,,,,,Ken Sugimori,The dust-like scales covering its wings are color coded to indicate the kinds of poison it has.
base2-30,base2,30,Victreebel,Stage 2,Weepinbell,80,G,R,x2,,,2,Rare,71,,,,Lure,G,,"If your opponent has any Benched Pokémon, choose 1 of them and switch it with his or her Active Pokémon.",Acid,GG,20,"Flip a coin. If heads, the Defending Pokémon can't retreat during your next turn.",,,,,Ken Sugimori,"Said to live in huge colonies deep in jungles, although no one has ever returned from there."
base2-31,base2,31,Vileplume,Stage 2,Gloom,80,G,R,x2,,,2,Rare,45,Pokémon Power,Heal,"Once during your turn (before your attack), you may flip a coin. If heads, remove 1 damage counter from 1 of your Pokémon. This power can't be used if Vileplume is Asleep, Confused, or Paralyzed.",Petal Dance,GGG,40×,Flip 3 coins. This attack does 40 damage times the number of heads. Vileplume is now Confused (after doing damage).,,,,,,,,,Keiji Kinebuchi,"The larger its petals, the more toxic pollen it contains. Its big head is heavy and hard to hold up."
base2-32,base2,32,Wigglytuff,Stage 1,Jigglypuff,80,C,F,x2,P,-30,2,Rare,40,,,,Lullaby,C,,The Defending Pokémon is now Asleep.,Do the Wave,CCC,10+,Does 10 damage plus 10 more damage for each of your Benched Pokémon.,,,,,Mitsuhiro Arita,"The body is soft and rubbery. When angered, it will suck in air and inflate itself to an enormous size."
base2-33,base2,33,Butterfree,Stage 2,Metapod,70,G,R,x2,F,-30,0,Uncommon,12,,,,Whirlwind,CC,20,"If your opponent has any Benched Pokémon, he or she chooses 1 of them and switches it with the Defending Pokémon. (Do the damage before switching the Pokémon.)",Mega Drain,GGGG,40,Remove a number of damage counters from Butterfree equal to half the damage done to the Defending Pokémon (after applying Weakness and Resistance) (rounded up to the nearest 10).,,,,,Kagemaru Himeno,"In battle, it flaps its wings at high speed to release highly toxic dust into the air."
base2-34,base2,34,Dodrio,Stage 1,Doduo,70,C,L,x2,F,-30,0,Uncommon,85,Pokémon Power,Retreat Aid,"As long as Dodrio is Benched, pay Colorless less to retreat your Active Pokémon.",Rage,CCC,10+,Does 10 damage plus 10 more damage for each damage counter on Dodrio.,,,,,,,,,Mitsuhiro Arita,"Uses its three brains to execute complex plans. While two heads sleep, one head stays awake."
base2-35,base2,35,Exeggutor,Stage 1,Exeggcute,80,G,R,x2,,,3,Uncommon,103,,,,Teleport,P,,Switch Exeggutor with 1 of your Benched Pokémon.,Big Eggsplosion,C,20×,Flip a number of coins equal to the number of Energy attached to Exeggutor. This attack does 20 damage times the number of heads.,,,,,Kagemaru Himeno,"Legend has it that on rare occasions, one of its heads will drop off and continue on as an Exeggcute."
base2-36,base2,36,Fearow,Stage 1,Spearow,70,C,L,x2,F,-30,0,Uncommon,22,,,,Agility,CCC,20,"Flip a coin. If heads, during your opponent's next turn, prevent all effects of attacks, including damage, done to Fearow.",Drill Peck,CCCC,40,,,,,,Mitsuhiro Arita,"With its huge and magnificent wings, it can keep aloft without ever having to land for rest."
base2-37,base2,37,Gloom,Stage 1,Oddish,60,G,R,x2,,,1,Uncommon,44,,,,Poisonpowder,G,,The Defending Pokémon is now Poisoned.,Foul Odor,GG,20,Both the Defending Pokémon and Gloom are now Confused (after doing damage).,,,,,Keiji Kinebuchi,The fluid that oozes from its mouth isn't drool; it is a nectar that is used to attract prey.
base2-38,base2,38,Lickitung,Basic,,90,C,F,x2,P,-30,3,Uncommon,108,,,,Tongue Wrap,C,10,"Flip a coin. If heads, the Defending Pokémon is now Paralyzed.",Supersonic,CC,,"Flip a coin. If heads, the Defending Pokémon is now Confused.",,,,,Mitsuhiro Arita,Its tongue can be extended like a chameleon's. It leaves a stinging sensation when it licks enemies.
base2-39,base2,39,Marowak,Stage 1,Cubone,60,F,G,x2,L,-30,1,Uncommon,105,,,,Bonemerang,FF,30×,Flip 2 coins. This attack does 30 damage times the number of heads.,Call for Friend,FFC,,Search your deck for a Fighting Basic Pokémon card and put it onto your Bench. Shuffle your deck afterward. (You can't use this attack if your Bench is full.),,,,,Mitsuhiro Arita,The bone it holds is its key weapon. It throws the bone skillfully like a boomerang to K.O. targets.
base2-40,base2,40,Nidorina,Stage 1,Nidoran ♀,70,G,P,x2,,,1,Uncommon,30,,,,Supersonic,G,,"Flip a coin. If heads, the Defending Pokémon is now Confused.",Double Kick,GCC,30×,Flip 2 coins. This attack does 30 damage times the number of heads.,,,,,Ken Sugimori,The female's horn develops slowly. Prefers physical attacks such as clawing and biting.
base2-41,base2,41,Parasect,Stage 1,Paras,60,G,R,x2,,,1,Uncommon,47,,,,Spore,GG,,The Defending Pokémon is now Asleep.,Slash,CCC,30,,,,,,Ken Sugimori,A host-parasite pair in which the parasite mushroom has taken over the host bug. Prefers damp places.
base2-42,base2,42,Persian,Stage 1,Meowth,70,C,F,x2,P,-30,0,Uncommon,53,,,,Scratch,CC,20,,Pounce,CCC,30,"If the Defending Pokémon attacks Persian during your next turn, any damage done by the attack is reduced by 10 (after applying Weakness and Resistance). (Benching either Pokémon ends this effect.)",,,,,Kagemaru Himeno,"Although its fur has many admirers, it is tough to raise as a pet because of its fickle meanness."
base2-43,base2,43,Primeape,Stage 1,Mankey,70,F,P,x2,,,1,Uncommon,57,,,,Fury Swipes,FF,20×,Flip 3 coins. This attack does 20 damage times the number of heads.,Tantrum,FFC,50,"Flip a coin. If tails, Primeape is now Confused (after doing damage).",,,,,Kagemaru Himeno,Always furious and tenacious to boot. It will not abandon chasing its quarry until its quarry is caught.
base2-44,base2,44,Rapidash,Stage 1,Ponyta,70,R,W,x2,,,0,Uncommon,78,,,,Stomp,CC,20+,"Flip a coin. If heads, this attack does 20 damage plus 10 more damage; if tails, this attack does 20 damage.",Agility,RRC,30,"Flip a coin. If heads, during your opponent's next turn, prevent all effects of attacks, including damage, done to Rapidash.",,,,,Mitsuhiro Arita,"Very competitive, this Pokémon will chase anything that moves fast in the hopes of racing it."
base2-45,base2,45,Rhydon,Stage 1,Rhyhorn,100,F,G,x2,L,-30,3,Uncommon,112,,,,Horn Attack,FCC,30,,Ram,FFFF,50,"Rhydon does 20 damage to itself. If your opponent has any Benched Pokémon, he or she chooses 1 of them and switches it with the Defending Pokémon. (Do the damage before switching the Pokémon. Switch the Pokémon even if Rhydon is knocked out.)",,,,,Kagemaru Himeno,"Protected by an armor-like hide, it is capable of living in molten lava of 3600 degrees."
base2-46,base2,46,Seaking,Stage 1,Goldeen,70,W,L,x2,,,1,Uncommon,119,,,,Horn Attack,W,10,,Waterfall,WC,30,,,,,,Kagemaru Himeno,"In the autumn spawning season, they can be seen swimming powerfully up rivers and creeks."
base2-47,base2,47,Tauros,Basic,,60,C,F,x2,P,-30,2,Uncommon,128,,,,Stomp,CC,20+,"Flip a coin. If heads, this attack does 20 damage plus 10 more damage; if tails, this attack does 20 damage.",Rampage,CCC,20+,"Does 20 damage plus 10 more damage for each damage counter on Tauros. Flip a coin. If tails, Tauros is now Confused (after doing damage).",,,,,Kagemaru Himeno,"When it targets an enemy, it charges furiously while whipping its body with its long tails."
base2-48,base2,48,Weepinbell,Stage 1,Bellsprout,70,G,R,x2,,,1,Uncommon,70,,,,Poisonpowder,G,10,"Flip a coin. If heads, the Defending Pokémon is now Poisoned.",Razor Leaf,GG,30,,,,,,Kagemaru Himeno,"It spits out poisonpowder to immobilize the enemy, and then finishes the enemy with a spray of acid."
base2-49,base2,49,Bellsprout,Basic,,40,G,R,x2,,,1,Common,69,,,,Vine Whip,G,10,,Call for Family,G,,Search your deck for a Basic Pokémon named Bellsprout and put it onto your Bench. Shuffle your deck afterward. (You can't use this attack if your Bench is full.),,,,,Kagemaru Himeno,A carnivorous Pokémon that traps and eats bugs. It uses its root feet to soak up needed moisture.
base2-50,base2,50,Cubone,Basic,,40,F,G,x2,L,-30,1,Common,104,,,,Snivel,C,,"If the Defending Pokémon attacks Cubone during your opponent's next turn, any damage done by the attack is reduced by 20 (after applying Weakness and Resistance). (Benching either Pokémon ends this effect.)",Rage,FF,10+,Does 10 damage plus 10 more damage for each damage counter on Cubone.,,,,,Mitsuhiro Arita,"Because it never removes its skull helmet, no one has ever seen this Pokémon's real face."
base2-51,base2,51,Eevee,Basic,,50,C,F,x2,P,-30,1,Common,133,,,,Tail Wag,C,,"Flip a coin. If heads, the Defending Pokémon can't attack Eevee during your opponent's next turn. (Benching either Pokémon ends this effect.)",Quick Attack,CC,10+,"Flip a coin. If heads, this attack does 10 damage plus 20 more damage; if tails, this attack does 10 damage.",,,,,Kagemaru Himeno,Its genetic code is irregular. It may mutate if it is exposed to radiation from elemental stones.
base2-52,base2,52,Exeggcute,Basic,,50,G,R,x2,,,1,Common,102,,,,Hypnosis,P,,The Defending Pokémon is now Asleep.,Leech Seed,GG,20,"Unless all damage from this attack is prevented, you may remove 1 damage counter from Exeggcute.",,,,,Mitsuhiro Arita,"Often mistaken for eggs. When disturbed, they quickly gather and attack in swarms."
base2-53,base2,53,Goldeen,Basic,,40,W,L,x2,,,0,Common,118,,,,Horn Attack,W,10,,,,,,,,,,Kagemaru Himeno,"Its tail fin billows like an elegant ballroom dress, giving it the nickname ""Water Queen."""
base2-54,base2,54,Jigglypuff,Basic,,60,C,F,x2,P,-30,1,Common,39,,,,Lullaby,C,,The Defending Pokémon is now Asleep.,Pound,CC,20,,,,,,Kagemaru Himeno,"When its huge eyes light up, it sings a mysteriously soothing melody that lulls its enemies to sleep."
base2-55,base2,55,Mankey,Basic,,30,F,P,x2,,,0,Common,56,Pokémon Power,Peek,"Once during your turn (before your attack), you may look at one of the following: the top card of either player's deck, a random card from your opponent's hand, or one of either player's Prizes. This power can't be used if Mankey is Asleep, Confused, or Paralyzed.",Scratch,C,10,,,,,,,,,,Kagemaru Himeno,"Extremely quick to anger. It could be docile one moment, then thrashing away the next."
base2-56,base2,56,Meowth,Basic,,50,C,F,x2,P,-30,1,Common,52,,,,Pay Day,CC,10,"Flip a coin. If heads, draw a card.",,,,,,,,,Mitsuhiro Arita,Adores circular objects. Wanders the streets on a nightly basis to look for dropped loose change.
base2-57,base2,57,Nidoran ♀,Basic,,60,G,P,x2,,,1,Common,29,,,,Fury Swipes,G,10×,Flip 3 coins. This attack does 10 damage times the number of heads.,Call for Family,GG,,Search your deck for a Basic Pokémon named Nidoran ♂ or Nidoran ♀ and put it onto your Bench. Shuffle your deck afterward. (You can't use this attack if your Bench is full.),,,,,Ken Sugimori,"Although small, its venomous barbs make this Pokémon dangerous. The female has smaller horns."
base2-58,base2,58,Oddish,Basic,,50,G,R,x2,,,1,Common,43,,,,Stun Spore,G,10,"Flip a coin. If heads, the Defending Pokémon is now Paralyzed.",Sprout,GG,,Search your deck for a Basic Pokémon named Oddish and put it onto your Bench. Shuffle your deck afterward. (You can't use this attack if your Bench is full.),,,,,Keiji Kinebuchi,"During the day, it keeps its face buried in the ground. At night, it wanders around sowing its seeds."
base2-59,base2,59,Paras,Basic,,40,G,R,x2,,,1,Common,46,,,,Scratch,CC,20,,Spore,GG,,The Defending Pokémon is now Asleep.,,,,,Ken Sugimori,Burrows to suck tree roots. The mushrooms on its back grow by drawing nutrients from the bug host.
base2-60,base2,60,Pikachu,Basic,,50,L,F,x2,,,1,Common,25,,,,Spark,LL,20,"If your opponent has any Benched Pokémon, choose 1 of them and this attack does 10 damage to it. (Don't apply Weakness and Resistance for Benched Pokémon.)",,,,,,,,,Ken Sugimori,"When several of these Pokémon gather, their electricity can build and cause lightning storms."
base2-61,base2,61,Rhyhorn,Basic,,70,F,G,x2,L,-30,3,Common,111,,,,Leer,C,,"Flip a coin. If heads, the Defending Pokémon can't attack Rhyhorn during your opponent's next turn. (Benching either Pokémon ends this effect.)",Horn Attack,FCC,30,,,,,,Mitsuhiro Arita,"Its massive bones are 1,000 times harder than human bones. It can easily knock a trailer flying."
base2-62,base2,62,Spearow,Basic,,50,C,L,x2,F,-30,0,Common,21,,,,Peck,C,10,,Mirror Move,CCC,,"If Spearow was attacked last turn, do the final result of that attack on Spearow to the Defending Pokémon.",,,,,Mitsuhiro Arita,Eats bugs in grassy areas. It has to flap its short wings at high speeds to stay airborne.
base2-63,base2,63,Venonat,Basic,,40,G,R,x2,,,1,Common,48,,,,Stun Spore,G,10,"Flip a coin. If heads, the Defending Pokémon is now Paralyzed.",Leech Life,GC,10,Remove a number of damage counters from Venonat equal to the damage done to the Defending Pokémon (after applying Weakness and Resistance).,,,,,Mitsuhiro Arita,Lives in the shadows of tall trees where it eats insects. It is attracted by light at night.
base3-1,base3,1,Aerodactyl,Stage 1,Mysterious Fossil,60,F,G,x2,F,-30,2,Rare Holo,142,Pokémon Power,Prehistoric Power,"No more Evolution cards can be played. This power stops working while Aerodactyl is Asleep, Confused, or Paralyzed.",Wing Attack,CCC,30,,,,,,,,,,Kagemaru Himeno,A ferocious prehistoric Pokémon that goes for the enemy's throat with its serrated saw-like fangs.
base3-2,base3,2,Articuno,Basic,,70,W,,,F,-30,2,Rare Holo,144,,,,Freeze Dry,WWW,30,"Flip a coin. If heads, the Defending Pokémon is now Paralyzed.",Blizzard,WWWW,50,"Flip a coin. If heads, this attack does 10 damage to each of your opponent's Benched Pokémon. If tails, this attack does 10 damage to each of your own Benched Pokémon. (Don't apply Weakness and Resistance for Benched Pokémon.)",,,,,Mitsuhiro Arita,A legendary bird Pokémon that is said to appear to doomed people who are lost in icy mountains.
base3-3,base3,3,Ditto,Basic,,50,C,F,x2,P,-30,1,Rare Holo,132,Pokémon Power,Transform,"If Ditto is your Active Pokémon, treat it as if it were the same card as the Defending Pokémon, including type, Hit Points, Weakness, and so on, except Ditto can't evolve, always has this Pokémon Power, and you may treat any Energy attached to Ditto as Energy of any type. Ditto isn't a copy of any other Pokémon while Ditto is Asleep, Confused, or Paralyzed.",,,,,,,,,,,,,Keiji Kinebuchi,Capable of copying an enemy's genetic code to instantly transform itself into a duplicate of the enemy.
base3-4,base3,4,Dragonite,Stage 2,Dragonair,100,C,,,F,-30,1,Rare Holo,149,Pokémon Power,Step In,"Once during your turn (before your attack), if Dragonite is on your Bench, you may switch it with your Active Pokémon.",Slam,CCCC,40×,Flip 2 coins. This attack does 40 damage times the number of heads.,,,,,,,,,Kagemaru Himeno,An extremely rarely seen marine Pokémon. Its intelligence is said to match that of humans.
base3-5,base3,5,Gengar,Stage 2,Haunter,80,P,,,F,-30,1,Rare Holo,94,Pokémon Power,Curse,"Once during your turn (before your attack), you may move 1 damage counter from 1 of your opponent's Pokémon to another (even if it would Knock Out the other Pokémon). This power can't be used if Gengar is Asleep, Confused, or Paralyzed.",Dark Mind,PPP,30,"If your opponent has any Benched Pokémon, choose 1 of them and this attack does 10 damage to it. (Don't apply Weakness and Resistance for Benched Pokémon.)",,,,,,,,,Keiji Kinebuchi,"Under a full moon, this Pokémon likes to mimic the shadows of people and laugh at their fright."
base3-6,base3,6,Haunter,Stage 1,Gastly,50,P,,,F,-30,0,Rare Holo,93,Pokémon Power,Transparency,"Whenever an attack does anything to Haunter, flip a coin. If heads, prevent all effects of that attack, including damage, done to Haunter. This power stops working while Haunter is Asleep, Confused, or Paralyzed.",Nightmare,PC,10,The Defending Pokémon is now Asleep.,,,,,,,,,Ken Sugimori,"Because of its ability to slip through block walls, it is said to be from another dimension."
base3-7,base3,7,Hitmonlee,Basic,,60,F,P,x2,,,1,Rare Holo,106,,,,Stretch Kick,FF,,"If your opponent has any Benched Pokémon, choose 1 of them and this attack does 20 damage to it. (Don't apply Weakness and Resistance for Benched Pokémon.)",High Jump Kick,FFF,50,,,,,,Ken Sugimori,"When in a hurry, its legs lengthen progressively. It runs smoothly with extra long, loping strides."
base3-8,base3,8,Hypno,Stage 1,Drowzee,90,P,P,x2,,,2,Rare Holo,97,,,,Prophecy,P,,Look at up to 3 cards from the top of either player's deck and rearrange them as you like.,Dark Mind,PPP,30,"If your opponent has any Benched Pokémon, choose 1 of them and this attack does 10 damage to it. (Don't apply Weakness and Resistance for Benched Pokémon.)",,,,,Ken Sugimori,"When it locks eyes with an enemy, it will use a mix of psi moves such as Hypnosis and Confusion."
base3-9,base3,9,Kabutops,Stage 2,Kabuto,60,F,G,x2,,,1,Rare Holo,141,,,,Sharp Sickle,FF,30,,Absorb,FFFF,40,"Remove a number of damage counters from Kabutops equal to half the damage done to the Defending Pokémon (after applying Weakness and Resistance) (rounded up to the nearest 10). If Kabutops has fewer damage counters than that, remove all of them.",,,,,Ken Sugimori,Its sleek shape is perfect for swimming. It slashes prey with its claws and drains the body fluids.
base3-10,base3,10,Lapras,Basic,,80,W,L,x2,,,2,Rare Holo,131,,,,Water Gun,W,10+,Does 10 damage plus 10 more damage for each Water Energy attached to Lapras but not used to pay for this attack's Energy cost. You can't add more than 20 damage in this way.,Confuse Ray,WW,10,"Flip a coin. If heads, the Defending Pokémon is now Confused.",,,,,Ken Sugimori,A Pokémon that has been overhunted almost to extinction. It can ferry people across water.
base3-11,base3,11,Magneton,Stage 1,Magnemite,80,L,F,x2,,,2,Rare Holo,82,,,,Sonicboom,LC,20,Don't apply Weakness and Resistance for this attack. (Any other effects that would happen after applying Weakness and Resistance still happen.),Selfdestruct,LLLL,100,Does 20 damage to each Pokémon on each player's Bench. (Don't apply Weakness and Resistance for Benched Pokémon.) Magneton does 100 damage to itself.,,,,,Ken Sugimori,Formed by several Magnemites linked together. They frequently appear when sunspots flare up.
base3-12,base3,12,Moltres,Basic,,70,R,,,F,-30,2,Rare Holo,146,,,,Wildfire,R,,"You may discard any number of Fire Energy cards attached to Moltres when you use this attack. If you do, discard that many cards from the top of your opponent's deck.",Dive Bomb,RRRR,80,"Flip a coin. If tails, this attack does nothing.",,,,,Mitsuhiro Arita,Known as the legendary bird of fire. Every flap of its wings creates a dazzling flash of flames.
base3-13,base3,13,Muk,Stage 1,Grimer,70,G,P,x2,,,2,Rare Holo,89,Pokémon Power,Toxic Gas,"Ignore all Pokémon Powers other than Toxic Gases. This power stops working while Muk is Asleep, Confused, or Paralyzed.",Sludge,GGG,30,"Flip a coin. If heads, the Defending Pokémon is now Poisoned.",,,,,,,,,Mitsuhiro Arita,"Thickly covered with a filthy, vile sludge. It is so toxic, even its footprints contain poison."
base3-14,base3,14,Raichu,Stage 1,Pikachu,90,L,F,x2,,,1,Rare Holo,26,,,,Gigashock,LLLL,30,"Choose 3 of your opponent's Benched Pokémon and this attack does 10 damage to each of them. (Don't apply Weakness and Resistance for Benched Pokémon.) If your opponent has fewer than 3 Benched Pokémon, do the damage to each of them.",,,,,,,,,Mitsuhiro Arita,Its long tail serves as a ground to protect itself from its own high-voltage power.
base3-15,base3,15,Zapdos,Basic,,80,L,,,F,-30,2,Rare Holo,145,,,,Thunderstorm,LLLL,40,"For each of your opponent's Benched Pokémon, flip a coin. If heads, this attack does 20 damage to that Pokémon. (Don't apply Weakness and Resistance for Benched Pokémon.) Then, Zapdos does 10 damage times the number of tails to itself.",,,,,,,,,Mitsuhiro Arita,A legendary thunderbird Pokémon whose anger is said to cause storms. Some say it has lived above the clouds for thousands of years.
base3-16,base3,16,Aerodactyl,Stage 1,Mysterious Fossil,60,F,G,x2,F,-30,2,Rare,142,Pokémon Power,Prehistoric Power,"No more Evolution cards can be played. This power stops working while Aerodactyl is Asleep, Confused, or Paralyzed.",Wing Attack,CCC,30,,,,,,,,,,Kagemaru Himeno,A ferocious prehistoric Pokémon that goes for the enemy's throat with its serrated saw-like fangs.
base3-17,base3,17,Articuno,Basic,,70,W,,,F,-30,2,Rare,144,,,,Freeze Dry,WWW,30,"Flip a coin. If heads, the Defending Pokémon is now Paralyzed.",Blizzard,WWWW,50,"Flip a coin. If heads, this attack does 10 damage to each of your opponent's Benched Pokémon. If tails, this attack does 10 damage to each of your own Benched Pokémon. (Don't apply Weakness and Resistance for Benched Pokémon.)",,,,,Mitsuhiro Arita,A legendary bird Pokémon that is said to appear to doomed people who are lost in icy mountains.
base3-18,base3,18,Ditto,Basic,,50,C,F,x2,P,-30,1,Rare,132,Pokémon Power,Transform,"If Ditto is your Active Pokémon, treat it as if it were the same card as the Defending Pokémon, including type, Hit Points, Weakness, and so on, except Ditto can't evolve, always has this Pokémon Power, and you may treat any Energy attached to Ditto as Energy of any type. Ditto isn't a copy of any other Pokémon while Ditto is Asleep, Confused, or Paralyzed.",,,,,,,,,,,,,Keiji Kinebuchi,Capable of copying an enemy's genetic code to instantly transform itself into a duplicate of the enemy.
base3-19,base3,19,Dragonite,Stage 2,Dragonair,100,C,,,F,-30,1,Rare,149,Pokémon Power,Step In,"Once during your turn (before your attack), if Dragonite is on your Bench, you may switch it with your Active Pokémon.",Slam,CCCC,40×,Flip 2 coins. This attack does 40 damage times the number of heads.,,,,,,,,,Kagemaru Himeno,An extremely rarely seen marine Pokémon. Its intelligence is said to match that of humans.
base3-20,base3,20,Gengar,Stage 2,Haunter,80,P,,,F,-30,1,Rare,94,Pokémon Power,Curse,"Once during your turn (before your attack), you may move 1 damage counter from 1 of your opponent's Pokémon to another (even if it would Knock Out the other Pokémon). This power can't be used if Gengar is Asleep, Confused, or Paralyzed.",Dark Mind,PPP,30,"If your opponent has any Benched Pokémon, choose 1 of them and this attack does 10 damage to it. (Don't apply Weakness and Resistance for Benched Pokémon.)",,,,,,,,,Keiji Kinebuchi,"Under a full moon, this Pokémon likes to mimic the shadows of people and laugh at their fright."
base3-21,base3,21,Haunter,Stage 1,Gastly,50,P,,,F,-30,0,Rare,93,Pokémon Power,Transparency,"Whenever an attack does anything to Haunter, flip a coin. If heads, prevent all effects of that attack, including damage, done to Haunter. This power stops working while Haunter is Asleep, Confused, or Paralyzed.",Nightmare,PC,10,The Defending Pokémon is now Asleep.,,,,,,,,,Ken Sugimori,"Because of its ability to slip through block walls, it is said to be from another dimension."
base3-22,base3,22,Hitmonlee,Basic,,60,F,P,x2,,,1,Rare,106,,,,Stretch Kick,FF,,"If your opponent has any Benched Pokémon, choose 1 of them and this attack does 20 damage to it. (Don't apply Weakness and Resistance for Benched Pokémon.)",High Jump Kick,FFF,50,,,,,,Ken Sugimori,"When in a hurry, its legs lengthen progressively. It runs smoothly with extra long, loping strides."
base3-23,base3,23,Hypno,Stage 1,Drowzee,90,P,P,x2,,,2,Rare,97,,,,Prophecy,P,,Look at up to 3 cards from the top of either player's deck and rearrange them as you like.,Dark Mind,PPP,30,"If your opponent has any Benched Pokémon, choose 1 of them and this attack does 10 damage to it. (Don't apply Weakness and Resistance for Benched Pokémon.)",,,,,Ken Sugimori,"When it locks eyes with an enemy, it will use a mix of psi moves such as Hypnosis and Confusion."
base3-24,base3,24,Kabutops,Stage 2,Kabuto,60,F,G,x2,,,1,Rare,141,,,,Sharp Sickle,FF,30,,Absorb,FFFF,40,"Remove a number of damage counters from Kabutops equal to half the damage done to the Defending Pokémon (after applying Weakness and Resistance) (rounded up to the nearest 10). If Kabutops has fewer damage counters than that, remove all of them.",,,,,Ken Sugimori,Its sleek shape is perfect for swimming. It slashes prey with its claws and drains the body fluids. 
base3-25,base3,25,Lapras,Basic,,80,W,L,x2,,,2,Rare,131,,,,Water Gun,W,10+,Does 10 damage plus 10 more damage for each Water Energy attached to Lapras but not used to pay for this attack's Energy cost. You can't add more than 20 damage in this way.,Confuse Ray,WW,10,"Flip a coin. If heads, the Defending Pokémon is now Confused.",,,,,Ken Sugimori,A Pokémon that has been overhunted almost to extinction. It can ferry people across water.
base3-26,base3,26,Magneton,Stage 1,Magnemite,80,L,F,x2,,,2,Rare,82,,,,Sonicboom,LC,20,Don't apply Weakness and Resistance for this attack. (Any other effects that would happen after applying Weakness and Resistance still happen.),Selfdestruct,LLLL,100,Does 20 damage to each Pokémon on each player's Bench. (Don't apply Weakness and Resistance for Benched Pokémon.) Magneton does 100 damage to itself.,,,,,Ken Sugimori,Formed by several Magnemites linked together. They frequently appear when sunspots flare up.
base3-27,base3,27,Moltres,Basic,,70,R,,,F,-30,2,Rare,146,,,,Wildfire,R,,"You may discard any number of Fire Energy cards attached to Moltres when you use this attack. If you do, discard that many cards from the top of your opponent's deck.",Dive Bomb,RRRR,80,"Flip a coin. If tails, this attack does nothing.",,,,,Mitsuhiro Arita,Known as the legendary bird of fire. Every flap of its wings creates a dazzling flash of flames.
base3-28,base3,28,Muk,Stage 1,Grimer,70,G,P,x2,,,2,Rare,89,Pokémon Power,Toxic Gas,"Ignore all Pokémon Powers other than Toxic Gases. This power stops working while Muk is Asleep, Confused, or Paralyzed.",Sludge,GGG,30,"Flip a coin. If heads, the Defending Pokémon is now Poisoned.",,,,,,,,,Mitsuhiro Arita,"Thickly covered with a filthy, vile sludge. It is so toxic, even its footprints contain poison."
base3-29,base3,29,Raichu,Stage 1,Pikachu,90,L,F,x2,,,1,Rare,26,,,,Gigashock,LLLL,30,"Choose 3 of your opponent's Benched Pokémon and this attack does 10 damage to each of them. (Don't apply Weakness and Resistance for Benched Pokémon.) If your opponent has fewer than 3 Benched Pokémon, do that damage to each of them.",,,,,,,,,Mitsuhiro Arita,Its long tail serves as a ground to protect itself from its own high voltage power.
base3-30,base3,30,Zapdos,Basic,,80,L,,,F,-30,2,Rare,145,,,,Thunderstorm,LLLL,40,"For each of your opponent's Benched Pokémon, flip a coin. If heads, this attack does 20 damage to that Pokémon. (Don't apply Weakness and Resistance for Benched Pokémon.) Then, Zapdos does 10 damage times the number of tails to itself.",,,,,,,,,Mitsuhiro Arita,A legendary thunderbird Pokémon whose anger is said to cause storms. Some say it has lived above the clouds for thousands of years.
base3-31,base3,31,Arbok,Stage 1,Ekans,60,G,P,x2,,,2,Uncommon,24,,,,Terror Strike,G,10,"Flip a coin. If heads and if your opponent has any Benched Pokémon, he or she chooses 1 of them and switches it with the Defending Pokémon. (Do the damage before switching the Pokémon.)",Poison Fang,GGC,20,The Defending Pokémon is now Poisoned.,,,,,Ken Sugimori,It is rumored that the ferocious warning markings on its belly differ from area to area.
base3-32,base3,32,Cloyster,Stage 1,Shellder,50,W,L,x2,,,2,Uncommon,91,,,,Clamp,WW,30,"Flip a coin. If heads, the Defending Pokémon is now Paralyzed. If tails, this attack does nothing (not even damage).",Spike Cannon,WW,30×,Flip 2 coins. This attack does 30 damage times the number of heads.,,,,,Kagemaru Himeno,"When attacked, it launches its horns in quick volleys. Its innards have never been seen."
base3-33,base3,33,Gastly,Basic,,50,P,,,F,-30,0,Uncommon,92,,,,Lick,P,10,"Flip a coin. If heads, the Defending Pokémon is now Paralyzed.",Energy Conversion,PP,,Put up to 2 Energy cards from your discard pile into your hand. Gastly does 10 damage to itself.,,,,,Mitsuhiro Arita,"A mysterious Pokémon. Some say it is a lifeform from another dimension, while other believe it is formed from smog."
base3-34,base3,34,Golbat,Stage 1,Zubat,60,G,P,x2,F,-30,0,Uncommon,42,,,,Wing Attack,CCC,30,,Leech Life,GGC,20,"Remove a number of damage counters from Golbat equal to the damage done to the Defending Pokémon (after applying Weakness and Resistance). If Golbat has fewer damage counters than that, remove all of them.",,,,,Kagemaru Himeno,"Once it strikes, it will not stop draining energy from the victim even if it gets too heavy to fly."
base3-35,base3,35,Golduck,Stage 1,Psyduck,70,W,L,x2,,,1,Uncommon,55,,,,Psyshock,P,10,"Flip a coin. If heads, the Defending Pokémon is now Paralyzed.",Hyper Beam,WWC,20,"If the Defending Pokémon has any Energy cards attached to it, choose 1 of them and discard it.",,,,,Kagemaru Himeno,"Often seen swimming elegantly by lake shores. It is often mistaken for the Japanese monster, Kappa."
base3-36,base3,36,Golem,Stage 2,Graveler,80,F,G,x2,,,4,Uncommon,76,,,,Avalanche,FFFC,60,,Selfdestruct,FFFF,100,Does 20 damage to each Pokémon on each player's Bench. (Don't apply Weakness and Resistance for Benched Pokémon.) Golem does 100 damage to itself.,,,,,Kagemaru Himeno,Its boulder-like body is extremely hard. It can easily withstand dynamite blasts without damage.
base3-37,base3,37,Graveler,Stage 1,Geodude,60,F,G,x2,,,2,Uncommon,75,,,,Harden,FF,,"During your opponent's next turn, whenever 30 or less damage is done to Graveler (after applying Weakness and Resistance), prevent that damage. (Any other effects of attacks still happen.)",Rock Throw,FFC,40,,,,,,Kagemaru Himeno,Rolls down slopes to move. It rolls over any obstacle without slowing or changing its direction.
base3-38,base3,38,Kingler,Stage 1,Krabby,60,W,L,x2,,,3,Uncommon,99,,,,Flail,W,10×,Does 10 damage times the number of damage counters on Kingler.,Crabhammer,WWC,40,,,,,,Kagemaru Himeno,"The large pincer has 10,000 horsepower of crushing power. However, its huge size makes it unwieldy to use."
base3-39,base3,39,Magmar,Basic,,70,R,W,x2,,,1,Uncommon,126,,,,Smokescreen,R,10,"If the Defending Pokémon tries to attack during your opponent's next turn, your opponent flips a coin. If tails, that attack does nothing.",Smog,RR,20,"Flip a coin. If heads, the Defending Pokémon is now Poisoned.",,,,,Mitsuhiro Arita,Found at the mouths of volcanoes and extremely hard to spot. There are very few instances of capturing this Pokémon.
base3-40,base3,40,Omastar,Stage 2,Omanyte,70,W,G,x2,,,1,Uncommon,139,,,,Water Gun,WC,20+,Does 20 damage plus 10 more damage for each Water Energy attached to Omastar but not used to pay for this attack's Energy cost. You can't add more than 20 damage in this way.,Spike Cannon,WW,30×,Flip 2 coins. This attack does 30 damage times the number of heads.,,,,,Ken Sugimori,A prehistoric Pokémon that died out when its heavy shell made it impossible for it to catch prey.
base3-41,base3,41,Sandslash,Stage 1,Sandshrew,70,F,G,x2,L,-30,1,Uncommon,28,,,,Slash,CC,20,,Fury Swipes,FF,20×,Flip 3 coins. This attack does 20 damage times the number of heads.,,,,,Ken Sugimori,Curls up into a spiny ball when threatened. It can roll while curled up to attack or escape.
base3-42,base3,42,Seadra,Stage 1,Horsea,60,W,L,x2,,,1,Uncommon,117,,,,Water Gun,WC,20+,Does 20 damage plus 10 more damage for each Water Energy attached to Seadra but not used to pay for this attack's Energy cost. You can't add more than 20 damage in this way.,Agility,WCC,20,"Flip a coin. If heads, during your opponent's next turn, prevent all effects of attacks, including damage, done to Seadra.",,,,,Ken Sugimori,Capable of swimming backward by rapidly flapping its wing-like pectoral fins and stout tail.
base3-43,base3,43,Slowbro,Stage 1,Slowpoke,60,P,P,x2,,,1,Uncommon,80,Pokémon Power,Strange Behavior,"As often as you like during your turn (before your attack), you may move 1 damage counter from 1 of your Pokémon to Slowbro as long as you don't Knock Out Slowbro. This power can't be used if Slowbro is Asleep, Confused, or Paralyzed.",Psyshock,PP,20,"Flip a coin. If heads, the Defending Pokémon is now Paralyzed.",,,,,,,,,Kagemaru Himeno,The Shellder that is latched onto Slowpoke's tail is said to feed on the host's left-over scraps.
base3-44,base3,44,Tentacruel,Stage 1,Tentacool,60,W,L,x2,,,0,Uncommon,73,,,,Supersonic,W,,"Flip a coin. If heads, the Defending Pokémon is now Confused.",Jellyfish Sting,WW,10,The Defending Pokémon is now Poisoned.,,,,,Kagemaru Himeno,"The tentacles are normally kept short. On hunts, they are extended to ensnare and immobilize prey."
base3-45,base3,45,Weezing,Stage 1,Koffing,60,G,P,x2,,,1,Uncommon,110,,,,Smog,GG,20,"Flip a coin. If heads, the Defending Pokémon is now Poisoned.",Selfdestruct,GGC,60,Does 10 damage to each Pokémon on each player's Bench. (Don't apply Weakness and Resistance for Benched Pokémon.) Weezing does 60 damage to itself.,,,,,Mitsuhiro Arita,"Where two kinds of poison gases meet, two Koffings can fuse into a Weezing over many years."
base3-46,base3,46,Ekans,Basic,,40,G,P,x2,,,1,Common,23,,,,Spit Poison,G,,"Flip a coin. If heads, the Defending Pokémon is now Poisoned.",Wrap,GC,20,"Flip a coin. If heads, the Defending Pokémon is now Paralyzed.",,,,,Kagemaru Himeno,Moves silently and stealthily. Eats the eggs of birds such as Pidgey and Spearow whole.
base3-47,base3,47,Geodude,Basic,,50,F,G,x2,,,1,Common,74,,,,Stone Barrage,FC,10×,Flip a coin until you get tails. This attack does 10 damage times the number of heads.,,,,,,,,,Kagemaru Himeno,"Found in fields and mountains. Mistaking them for boulders, people often step or trip on them."
base3-48,base3,48,Grimer,Basic,,50,G,P,x2,,,1,Common,88,,,,Nasty Goo,C,10,"Flip a coin. If heads, the Defending Pokémon is now Paralyzed.",Minimize,G,,All damage done by attacks to Grimer during your opponent's next turn is reduced by 20 (after applying Weakness and Resistance).,,,,,Mitsuhiro Arita,Appears in filthy areas. Thrives by sucking up polluted sludge that is pumped out of factories.
base3-49,base3,49,Horsea,Basic,,40,W,L,x2,,,0,Common,116,,,,Smokescreen,W,10,"If the Defending Pokémon tries to attack during your opponent's next turn, your opponent flips a coin. If tails, that attack does nothing.",,,,,,,,,Mitsuhiro Arita,Known to shoot down flying bugs with precision blasts of ink from the surface of the water.
base3-50,base3,50,Kabuto,Stage 1,Mysterious Fossil,30,F,G,x2,,,1,Common,140,Pokémon Power,Kabuto Armor,"Whenever an attack (even your own) does damage to Kabuto (after applying Weakness and Resistance), that attack does half the damage to Kabuto (rounded down to the nearest 10). (Any other effects of attacks still happen.) This power stops working while Kabuto is Asleep, Confused, or Paralyzed.",Scratch,C,10,,,,,,,,,,Ken Sugimori,A Pokémon that was resurrected from a fossil found in what was once the ocean floor eons ago.
base3-51,base3,51,Krabby,Basic,,50,W,L,x2,,,2,Common,98,,,,Call for Family,W,,Search your deck for a Basic Pokémon named Krabby and put it onto your Bench. Shuffle your deck afterward. (You can't use this attack if your Bench if full.),Irongrip,WC,20,,,,,,Mitsuhiro Arita,"Its pincers are not only powerful weapons, they are used for balance when walking sideways."
base3-52,base3,52,Omanyte,Stage 1,Mysterious Fossil,40,W,G,x2,,,1,Common,138,Pokémon Power,Clairvoyance,"Your opponent plays with his or her hand face up. This power stops working while Omanyte is Asleep, Confused, or Paralyzed.",Water Gun,W,10+,Does 10 damage plus 10 more damage for each Water Energy attached to Omanyte but not used to pay for this attack's Energy cost. You can't add more than 20 damage in this way.,,,,,,,,,Kagemaru Himeno,"Although long extinct, in rare cases, it can be genetically resurrected from fossils."
base3-53,base3,53,Psyduck,Basic,,50,W,L,x2,,,1,Common,54,,,,Headache,P,,Your opponent can't play Trainer cards during his or her next turn.,Fury Swipes,W,10×,Flip 3 coins. This attack does 10 damage times the number of heads.,,,,,Kagemaru Himeno,"While lulling its enemies with its vacant look, this wily Pokémon will use psychokinetic powers."
base3-54,base3,54,Shellder,Basic,,30,W,L,x2,,,1,Common,90,,,,Supersonic,W,,"Flip a coin. If heads, the Defending Pokémon is now Confused.",Hide in Shell,W,,"Flip a coin. If heads, prevent all damage done to Shellder during your opponent's next turn. (Any other effects of attacks still happen.)",,,,,Mitsuhiro Arita,Its hard shell repels any kind of attack. It is vulnerable only when its shell is open.
base3-55,base3,55,Slowpoke,Basic,,50,P,P,x2,,,1,Common,79,,,,Spacing Out,C,,"Flip a coin. If heads, remove a damage counter from Slowpoke. This attack can't be used if Slowpoke has no damage counters on it.",Scavenge,PP,,Discard 1 Psychic Energy card attached to Slowpoke in order to use this attack. Put a Trainer card from your discard pile into your hand.,,,,,Miki Tanaka,Incredibly slow and dopey. It takes 5 seconds for it to feel pain when under attack.
base3-56,base3,56,Tentacool,Basic,,30,W,L,x2,,,0,Common,72,Pokémon Power,Cowardice,"At any time during your turn (before your attack), you may return Tentacool to your hand. (Discard all cards attached to Tentacool.) This power can't be used the turn you put Tentacool into play or if Tentacool is Asleep, Confused, or Paralyzed.",Acid,W,10,,,,,,,,,,Kagemaru Himeno,Drifts in shallow seas. Anglers who hook them by accident are often punished by its stinging acid.
base3-57,base3,57,Zubat,Basic,,40,G,P,x2,F,-30,0,Common,41,,,,Supersonic,CC,,"Flip a coin. If heads, the Defending Pokémon is now Confused.",Leech Life,GC,10,"Remove a number of damage counters from Zubat equal to the damage done to the Defending Pokémon (after applying Weakness and Resistance). If Zubat has fewer damage counters than that, remove all of them.",,,,,Kagemaru Himeno,Forms colonies in perpetually dark places. Uses ultrasonic waves to identify and approach targets.
base4-1,base4,1,Alakazam,Stage 2,Kadabra,80,P,P,x2,,,3,Rare Holo,65,Pokémon Power,Damage Swap,"As often as you like during your turn (before your attack), you may move 1 damage counter from 1 of your Pokémon to another as long as you don't Knock Out that Pokémon. This power can't be used if Alakazam is Asleep, Confused, or Paralyzed.",Confuse Ray,PPP,30,"Flip a coin. If heads, the Defending Pokémon is now Confused.",,,,,,,,,Ken Sugimori,Its brain can outperform a supercomputer. Its intelligence quotient is said to be 5000.
base4-2,base4,2,Blastoise,Stage 2,Wartortle,100,W,L,x2,,,3,Rare Holo,9,Pokémon Power,Rain Dance,"As often as you like during your turn (before your attack), you may attach 1 Water Energy card to 1 of your Water Pokémon. (This doesn't use up your 1 Energy card attachment for the turn.) This power can't be used if Blastoise is Asleep, Confused, or Paralyzed.",Hydro Pump,WWW,40+,Does 40 damage plus 10 more damage for each Water Energy attached to Blastoise but not used to pay for this attack's Energy cost. You can't add more than 20 damage in this way.,,,,,,,,,Ken Sugimori,A brutal Pokémon with pressurized water jets on its shell. They are used for high-speed tackles.
base4-3,base4,3,Chansey,Basic,,120,C,F,x2,P,-30,1,Rare Holo,113,,,,Scrunch,CC,,"Flip a coin. If heads, prevent all damage done to Chansey during your opponent's next turn. (Any other effects of attacks still happen.)",Double-edge,CCCC,80,Chansey does 80 damage to itself.,,,,,Ken Sugimori,A rare and elusive Pokémon that is said to bring happiness to those who manage to catch it.
base4-4,base4,4,Charizard,Stage 2,Charmeleon,120,R,W,x2,F,-30,3,Rare Holo,6,Pokémon Power,Energy Burn,"As often as you like during your turn (before your attack), you may turn all Energy attached to Charizard into Fire Energy for the rest of the turn. This power can't be used if Charizard is Asleep, Confused, or Paralyzed.",Fire Spin,RRRR,100,Discard 2 Energy cards attached to Charizard in order to use this attack.,,,,,,,,,Mitsuhiro Arita,Spits fire that is hot enough to melt boulders. Known to unintentionally cause forest fires.
base4-5,base4,5,Clefable,Stage 1,Clefairy,70,C,F,x2,P,-30,2,Rare Holo,36,,,,Metronome,C,,"Choose 1 of the Defending Pokémon's attacks. Metronome copies that attack except for its Energy costs and anything else required in order to use that attack, such as discarding Energy cards. (No matter what type the Defending Pokémon is, Clefable's type is still Colorless.)",Minimize,CC,,All damage done by attacks to Clefable during your opponent's next turn is reduced by 20 (after applying Weakness and Resistance).,,,,,Mitsuhiro Arita,A timid Fairy Pokémon that is rarely seen. It will run and hide the moment it senses people.
base4-6,base4,6,Clefairy,Basic,,40,C,F,x2,P,-30,1,Rare Holo,35,,,,Sing,C,,"Flip a coin. If heads, the Defending Pokémon is now Asleep.",Metronome,CCC,,"Choose 1 of the Defending Pokémon's attacks. Metronome copies that attack except for its Energy costs and anything else required in order to use that attack, such as discarding Energy cards. (No matter what type the Defending Pokémon is, Clefairy's type is still Colorless.)",,,,,Ken Sugimori,Its magical and cute appeal has many admirers. It is rare and found only in certain areas.
base4-7,base4,7,Gyarados,Stage 1,Magikarp,100,W,G,x2,F,-30,3,Rare Holo,130,,,,Dragon Rage,WWW,50,,Bubblebeam,WWWW,40,"Flip a coin. If heads, the Defending Pokémon is now Paralyzed.",,,,,Mitsuhiro Arita,"Rarely seen in the wild. Huge and vicious, it is capable of destroying entire cities in a rage."
base4-8,base4,8,Hitmonchan,Basic,,70,F,P,x2,,,2,Rare Holo,107,,,,Jab,F,20,,Special Punch,FFC,40,,,,,,Ken Sugimori,"While seeming to do nothing, it fires punches in lightning-fast volleys that are impossible to see."
base4-9,base4,9,Magneton,Stage 1,Magnemite,60,L,F,x2,,,1,Rare Holo,82,,,,Thunder Wave,LLC,30,"Flip a coin. If heads, the Defending Pokémon is now Paralyzed.",Selfdestruct,LLCC,80,Does 20 damage to each player's Bench. (Don't apply Weakness and Resistance for Benched Pokémon.) Magneton does 80 damage to itself.,,,,,Keiji Kinebuchi,Formed by several Magnemites linked together. It frequently appears when sunspots flare up.
base4-10,base4,10,Mewtwo,Basic,,60,P,P,x2,,,3,Rare Holo,150,,,,Psychic,PC,10+,Does 10 damage plus 10 more damage for each Energy card attached to the Defending Pokémon.,Barrier,PP,,"Discard 1 Psychic Energy card attached to Mewtwo in order to use this attack. During your opponent's next turn, prevent all effects of attacks, including damage, done to Mewtwo.",,,,,Ken Sugimori,A scientist created this Pokémon after years of horrific gene-splicing and DNA engineering experiments.
base4-11,base4,11,Nidoking,Stage 2,Nidorino,90,G,P,x2,,,3,Rare Holo,34,,,,Thrash,GCC,30+,"Flip a coin. If heads, this attack does 30 damage plus 10 more damage; if tails, this attack does 30 damage and Nidoking does 10 damage to itself.",Toxic,GGG,20,The Defending Pokémon is now Poisoned. It now takes 20 Poison damage instead of 10 after each player's turn (even if it was already Poisoned).,,,,,Ken Sugimori,"Uses its powerful tail in battle to smash, constrict, then break its prey's bones."
base4-12,base4,12,Nidoqueen,Stage 2,Nidorina,90,G,P,x2,,,3,Rare Holo,31,,,,Boyfriends,GC,20+,Does 20 damage plus 20 more damage for each Nidoking you have in play.,Mega Punch,GGCC,50,,,,,,Ken Sugimori,Its hard scales provide strong protection. It uses its hefty bulk to execute powerful moves.
base4-13,base4,13,Ninetales,Stage 1,Vulpix,80,R,W,x2,,,1,Rare Holo,38,,,,Lure,CC,,"If your opponent has any Benched Pokémon, choose 1 of them and switch it with the Defending Pokémon.",Fire Blast,RRRR,80,Discard 1 Fire Energy card attached to Ninetales in order to use this attack.,,,,,Ken Sugimori,"Very smart and very vengeful. Grabbing one of its many tails could result in a 1,000-year curse."
base4-14,base4,14,Pidgeot,Stage 2,Pidgeotto,80,C,L,x2,F,-30,0,Rare Holo,18,,,,Wing Attack,CC,20,,Hurricane,CCC,30,"Unless this attack Knocks Out the Defending Pokémon, return the Defending Pokémon and all cards attached to it to your opponent's hand.",,,,,Kagemaru Himeno,"When hunting, it skims the surface of water at high speed to pick off unwary prey such as Magikarp."
base4-15,base4,15,Poliwrath,Stage 2,Poliwhirl,90,W,G,x2,,,3,Rare Holo,62,,,,Water Gun,WWC,30+,Does 30 damage plus 10 more damage for each Water Energy attached to Poliwrath but not used to pay for this attack's Energy cost. You can't add more than 20 damage in this way.,Whirlpool,WWCC,40,"If the Defending Pokémon has any Energy cards attached to it, choose 1 of them and discard it.",,,,,Ken Sugimori,An adept swimmer at both the front crawl and breaststroke. Easily overtakes the best human swimmers.
base4-16,base4,16,Raichu,Stage 1,Pikachu,80,L,F,x2,,,1,Rare Holo,26,,,,Agility,LCC,20,"Flip a coin. If heads, during your opponent's next turn, prevent all effects of attacks, including damage, done to Raichu.",Thunder,LLLC,60,"Flip a coin. If tails, Raichu does 30 damage to itself.",,,,,Ken Sugimori,Its long tail serves as a ground to protect itself from its own high-voltage power.
base4-17,base4,17,Scyther,Basic,,70,G,R,x2,F,-30,0,Rare Holo,123,,,,Swords Dance,G,,"During your next turn, Scyther's Slash attack's base damage is 60 instead of 30.",Slash,CCC,30,,,,,,Ken Sugimori,"With ninja-like agility and speed, it can create the illusion that there is more than one of it."
base4-18,base4,18,Venusaur,Stage 2,Ivysaur,100,G,R,x2,,,2,Rare Holo,3,Pokémon Power,Energy Trans,"As often as you like during your turn (before your attack), you may take 1 Grass Energy card attached to 1 of your Pokémon and attach it to a different one. This power can't be used if Venusaur is Asleep, Confused, or Paralyzed.",Solarbeam,GGGG,60,,,,,,,,,,Mitsuhiro Arita,This plant blooms when it is absorbing solar energy. It stays on the move to seek sunlight.
base4-19,base4,19,Wigglytuff,Stage 1,Jigglypuff,80,C,F,x2,P,-30,2,Rare Holo,40,,,,Lullaby,C,,The Defending Pokémon is now Asleep.,Do the Wave,CCC,10+,Does 10 damage plus 10 more damage for each of your Benched Pokémon.,,,,,Mitsuhiro Arita,"The body is soft and rubbery. When angered, it will suck in air and inflate itself to an enormous size."
base4-20,base4,20,Zapdos,Basic,,90,L,,,F,-30,3,Rare Holo,145,,,,Thunder,LLLC,60,"Flip a coin. If tails, Zapdos does 30 damage to itself.",Thunderbolt,LLLL,100,Discard all Energy cards attached to Zapdos in order to use this attack.,,,,,Ken Sugimori,A legendary bird Pokémon said to appear from clouds while wielding enormous lightning bolts.
base4-21,base4,21,Beedrill,Stage 2,Kakuna,80,G,R,x2,F,-30,0,Rare,15,,,,Twineedle,CCC,30×,Flip 2 coins. This attack does 30 damage times the number of heads.,Poison Sting,GGG,40,"Flip a coin. If heads, the Defending Pokémon is now Poisoned.",,,,,Ken Sugimori,"Flies at high speed and attacks using the large, venomous stingers on its forelegs and tail."
base4-22,base4,22,Dragonair,Stage 1,Dratini,80,C,,,P,-30,2,Rare,148,,,,Slam,CCC,30×,Flip 2 coins. This attack does 30 damage times the number of heads.,Hyper Beam,CCCC,20,"If the Defending Pokémon has any Energy cards attached to it, choose 1 of them and discard it.",,,,,Mitsuhiro Arita,A mystical Pokémon that exudes a gentle aura. Has the ability to change climate conditions.
base4-23,base4,23,Dugtrio,Stage 1,Diglett,70,F,G,x2,L,-30,2,Rare,51,,,,Slash,FFC,40,,Earthquake,FFFF,70,Does 10 damage to each of your own Benched Pokémon. (Don't apply Weakness and Resistance for Benched Pokémon.),,,,,Keiji Kinebuchi,A team of Diglett triplets. It triggers huge earthquakes by burrowing 60 miles underground.
base4-24,base4,24,Electabuzz,Basic,,70,L,F,x2,,,2,Rare,125,,,,Thundershock,L,10,"Flip a coin. If heads, the Defending Pokémon is now Paralyzed.",Thunderpunch,LC,30+,"Flip a coin. If heads, this attack does 30 damage plus 10 more damage; if tails, this attack does 30 damage and Electabuzz does 10 damage to itself.",,,,,Ken Sugimori,"Normally found near power plants, it can wander away and cause major blackouts in cities."
base4-25,base4,25,Electrode,Stage 1,Voltorb,80,L,F,x2,,,1,Rare,101,Pokémon Power,Buzzap,"At any time during your turn (before your attack), you may Knock Out Electrode and attach it to 1 of your other Pokémon. If you do, choose a type of Energy. Electrode is now an Energy card of that type (instead of a Pokémon) that provides 2 energy. This power can't be used if Electrode is Asleep, Confused, or Paralyzed.",Electric Shock,LLL,50,"Flip a coin. If tails, Electrode does 10 damage to itself.",,,,,,,,,Keiji Kinebuchi,It stores electrical energy under very high pressure. It often explodes with little or no provocation.
base4-26,base4,26,Kangaskhan,Basic,,90,C,F,x2,P,-30,3,Rare,115,,,,Fetch,C,,Draw a card.,Comet Punch,CCCC,20×,Flip 4 coins. This attack does 20 damage times the number of heads.,,,,,Mitsuhiro Arita,The infant rarely ventures out of its mother's protective pouch until it is three years old.
base4-27,base4,27,Mr. Mime,Basic,,40,P,P,x2,,,1,Rare,122,Pokémon Power,Invisible Wall,"Whenever an attack (including your own) does 30 or more damage to Mr. Mime (after applying Weakness and Resistance), prevent that damage. (Any other effects of attacks still happen.) This power stops working while Mr. Mime is Asleep, Confused, or Paralyzed.",Meditate,PC,10+,Does 10 damage plus 10 more damage for each damage counter on the Defending Pokémon.,,,,,,,,,Ken Sugimori,"If interrupted while miming, it will slap around the enemy with its broad hands."
base4-28,base4,28,Pidgeotto,Stage 1,Pidgey,60,C,L,x2,F,-30,1,Rare,17,,,,Whirlwind,CC,20,"If your opponent has any Benched Pokémon, he or she chooses 1 of them and switches it with the Defending Pokémon. (Do the damage before switching the Pokémon.)",Mirror Move,CCC,,"If Pidgeotto was attacked last turn, do the final result of that attack on Pidgeotto to the Defending Pokémon.",,,,,Ken Sugimori,"Very protective of its sprawling territory, this Pokémon will fiercely peck at any intruder."
base4-29,base4,29,Pinsir,Basic,,60,G,R,x2,,,1,Rare,127,,,,Irongrip,GG,20,"Flip a coin. If heads, the Defending Pokémon is now Paralyzed.",Guillotine,GGCC,50,,,,,,Kagemaru Himeno,"If it fails to crush the victim in its pincers, it will swing its victim around and toss it hard."
base4-30,base4,30,Snorlax,Basic,,90,C,F,x2,P,-30,4,Rare,143,Pokémon Power,Thick Skinned,"Snorlax can't become Asleep, Confused, Paralyzed, or Poisoned. This power can't be used if Snorlax is already Asleep, Confused, or Paralyzed.",Body Slam,CCCC,30,"Flip a coin. If heads, the Defending Pokémon is now Paralyzed.",,,,,,,,,Ken Sugimori,"Very lazy. Just eats and sleeps. As its rotund bulk builds, it becomes steadily more slothful."
base4-31,base4,31,Venomoth,Stage 1,Venonat,70,G,R,x2,F,-30,0,Rare,49,Pokémon Power,Shift,"Once during your turn (before your attack), you may change the type of Venomoth to the type of any other Pokémon in play other than Colorless. This power can't be used if Venomoth is Asleep, Confused, or Paralyzed.",Venom Powder,GG,10,"Flip a coin. If heads, the Defending Pokémon is now Confused and Poisoned.",,,,,,,,,Ken Sugimori,The dust-like scales covering its wings are color coded to indicate the kinds of poison it has.
base4-32,base4,32,Victreebel,Stage 2,Weepinbell,80,G,R,x2,,,2,Rare,71,,,,Lure,G,,"If your opponent has any Benched Pokémon, choose 1 of them and switch it with his or her Active Pokémon.",Acid,GG,20,"Flip a coin. If heads, the Defending Pokémon can't retreat during your next turn.",,,,,Ken Sugimori,"Said to live in huge colonies deep in jungles, although no one has ever returned from there."
base4-33,base4,33,Arcanine,Stage 1,Growlithe,100,R,W,x2,,,3,Uncommon,59,,,,Flamethrower,RRC,50,Discard 1 Fire Energy card attached to Arcanine in order to use this attack.,Take Down,RRCC,80,Arcanine does 30 damage to itself.,,,,,Ken Sugimori,"A Pokémon that has been long admired for its beauty. It runs gracefully, as if on wings."
base4-34,base4,34,Butterfree,Stage 2,Metapod,70,G,R,x2,F,-30,0,Uncommon,12,,,,Whirlwind,CC,20,"If your opponent has any Benched Pokémon, he or she chooses 1 of them and switches it with the Defending Pokémon. (Do the damage before switching the Pokémon.)",Mega Drain,GGGG,40,"Remove a number of damage counters from Butterfree equal to half the damage done to the Defending Pokémon (after applying Weakness and Resistance) (rounded up to the nearest 10). If Butterfree has fewer damage counters than that, remove all of them.",,,,,Kagemaru Himeno,"In battle, it flaps its wings at high speed to release highly toxic dust into the air."
base4-35,base4,35,Charmeleon,Stage 1,Charmander,80,R,W,x2,,,1,Uncommon,5,,,,Slash,CCC,30,,Flamethrower,RRC,50,Discard 1 Fire Energy card attached to Charmeleon in order to use this attack.,,,,,Mitsuhiro Arita,"When it swings its burning tail, it raises the temperature to unbearably high levels."
base4-36,base4,36,Dewgong,Stage 1,Seel,80,W,L,x2,,,3,Uncommon,87,,,,Aurora Beam,WWC,50,,Ice Beam,WWCC,30,"Flip a coin. If heads, the Defending Pokémon is now Paralyzed.",,,,,Mitsuhiro Arita,Stores thermal energy in its body. Swims at a steady 8 knots even in intensely cold waters.
base4-37,base4,37,Dodrio,Stage 1,Doduo,70,C,L,x2,F,-30,0,Uncommon,85,Pokémon Power,Retreat Aid,"As long as Dodrio is Benched, pay Colorless less to retreat your Active Pokémon.",Rage,CCC,10+,Does 10 damage plus 10 more damage for each damage counter on Dodrio.,,,,,,,,,Mitsuhiro Arita,"Uses its three brains to execute complex plans. While two heads sleep, one head stays awake."
base4-38,base4,38,Dratini,Basic,,40,C,,,P,-30,1,Uncommon,147,,,,Pound,C,10,,,,,,,,,,Ken Sugimori,"Long considered a mythical Pokémon until recently, when a small colony was found living underwater."
base4-39,base4,39,Exeggutor,Stage 1,Exeggcute,80,G,R,x2,,,3,Uncommon,103,,,,Teleport,P,,Switch Exeggutor with 1 of your Benched Pokémon.,Big Eggsplosion,C,20×,Flip a number of coins equal to the number of Energy attached to Exeggutor. This attack does 20 damage times the number of heads.,,,,,Kagemaru Himeno,"Legend has it that on rare occasions, one of its heads will drop off and continue on as an Exeggcute."
base4-40,base4,40,Farfetch'd,Basic,,50,C,L,x2,F,-30,1,Uncommon,83,,,,Leek Slap,C,30,"Flip a coin. If tails, this attack does nothing. Either way, you can't use this attack again as long as Farfetch'd stays in play (even putting Farfetch'd on the Bench won't let you use it again).",Pot Smash,CCC,30,,,,,,Ken Sugimori,The sprig of green onions it holds is its weapon. This sprig is used much like a metal sword.
base4-41,base4,41,Fearow,Stage 1,Spearow,70,C,L,x2,F,-30,0,Uncommon,22,,,,Agility,CCC,20,"Flip a coin. If heads, during your opponent's next turn, prevent all effects of attacks, including damage, done to Fearow.",Drill Peck,CCCC,40,,,,,,Mitsuhiro Arita,"With its huge and magnificent wings, it can keep aloft without ever having to land for rest."
base4-42,base4,42,Growlithe,Basic,,60,R,W,x2,,,1,Uncommon,58,,,,Flare,RC,20,,,,,,,,,,Ken Sugimori,Very protective of its territory. It will bark and bite to repel intruders from its space.
base4-43,base4,43,Haunter,Stage 1,Gastly,60,P,,,F,-30,1,Uncommon,93,,,,Hypnosis,P,,The Defending Pokémon is now Asleep.,Dream Eater,PP,50,You can't use this attack unless the Defending Pokémon is Asleep.,,,,,Keiji Kinebuchi,"Because of its ability to slip through block walls, it is said to be from another dimension."
base4-44,base4,44,Ivysaur,Stage 1,Bulbasaur,60,G,R,x2,,,1,Uncommon,2,,,,Vine Whip,GCC,30,,Poisonpowder,GGG,20,The Defending Pokémon is now Poisoned.,,,,,Ken Sugimori,"When the bulb on its back grows large, the Pokémon seems to lose the ability to stand on its hind legs."
base4-45,base4,45,Jynx,Basic,,70,P,P,x2,,,2,Uncommon,124,,,,Doubleslap,P,10×,Flip 2 coins. This attack does 10 damage times the number of heads.,Meditate,PPC,20+,Does 20 damage plus 10 more damage for each damage counter on the Defending Pokémon.,,,,,Ken Sugimori,"Merely by meditating, the Pokémon launches a powerful psychic energy attack."
base4-46,base4,46,Kadabra,Stage 1,Abra,60,P,P,x2,,,3,Uncommon,64,,,,Recover,PP,,Discard 1 Psychic Energy card attached to Kadabra in order to use this attack. Remove all damage counters from Kadabra.,Super Psy,PPC,50,,,,,,Ken Sugimori,It emits special alpha waves from its body that induce headaches even to those just nearby.
base4-47,base4,47,Kakuna,Stage 1,Weedle,80,G,R,x2,,,2,Uncommon,14,,,,Stiffen,CC,,"Flip a coin. If heads, prevent all damage done to Kakuna during your opponent's next turn. (Any other effects of attacks still happen.)",Poisonpowder,GG,20,"Flip a coin. If heads, the Defending Pokémon is now Poisoned.",,,,,Keiji Kinebuchi,"Almost incapable of moving, this Pokémon can only harden its shell to protect itself from predators."
base4-48,base4,48,Lickitung,Basic,,90,C,F,x2,P,-30,3,Uncommon,108,,,,Tongue Wrap,C,10,"Flip a coin. If heads, the Defending Pokémon is now Paralyzed.",Supersonic,CC,,"Flip a coin. If heads, the Defending Pokémon is now Confused.",,,,,Mitsuhiro Arita,Its tongue can be extended like a chameleon's. It leaves a stinging sensation when it licks enemies.
base4-49,base4,49,Machoke,Stage 1,Machop,80,F,P,x2,,,3,Uncommon,67,,,,Karate Chop,FFC,50-,Does 50 damage minus 10 damage for each damage counter on Machoke.,Submission,FFCC,60,Machoke does 20 damage to itself.,,,,,Ken Sugimori,Its muscular body is so powerful that it must wear a power-save belt to help regulate its motions.
base4-50,base4,50,Magikarp,Basic,,30,W,L,x2,,,1,Uncommon,129,,,,Tackle,C,10,,Flail,W,10×,Does 10 damage times the number of damage counters on Magikarp.,,,,,Mitsuhiro Arita,"In the distant past, it was stronger than its horribly weak descendants that exist today."
base4-51,base4,51,Magmar,Basic,,50,R,W,x2,,,2,Uncommon,126,,,,Fire Punch,RR,30,,Flamethrower,RRC,50,Discard 1 Fire Energy card attached to Magmar in order to use this attack.,,,,,Ken Sugimori,Its body always burns with an orange glow that enables it to hide perfectly among flames.
base4-52,base4,52,Marowak,Stage 1,Cubone,60,F,G,x2,L,-30,1,Uncommon,105,,,,Bonemerang,FF,30×,Flip 2 coins. This attack does 30 damage times the number of heads.,Call for Friend,FFC,,Search your deck for a Fighting Basic Pokémon card and put it onto your Bench. Shuffle your deck afterward. (You can't use this attack if your Bench is full.),,,,,Mitsuhiro Arita,The bone it holds is its key weapon. It throws the bone skillfully like a boomerang to K.O. targets.
base4-53,base4,53,Nidorina,Stage 1,Nidoran ♀,70,G,P,x2,,,1,Uncommon,30,,,,Supersonic,G,,"Flip a coin. If heads, the Defending Pokémon is now Confused.",Double Kick,GCC,30×,Flip 2 coins. This attack does 30 damage times the number of heads.,,,,,Ken Sugimori,The female's horn develops slowly. Prefers physical attacks such as clawing and biting.
base4-54,base4,54,Nidorino,Stage 1,Nidoran ♂,60,G,P,x2,,,1,Uncommon,33,,,,Double Kick,GCC,30×,Flip 2 coins. This attack does 30 damage times the number of heads.,Horn Drill,GGCC,50,,,,,,Mitsuhiro Arita,An aggressive Pokémon that is quick to attack. The horn on its head secretes a powerful venom.
base4-55,base4,55,Parasect,Stage 1,Paras,60,G,R,x2,,,1,Uncommon,47,,,,Spore,GG,,The Defending Pokémon is now Asleep.,Slash,CCC,30,,,,,,Ken Sugimori,A host-parasite pair in which the parasite mushroom has taken over the host bug. Prefers damp places.
base4-56,base4,56,Persian,Stage 1,Meowth,70,C,F,x2,P,-30,0,Uncommon,53,,,,Scratch,CC,20,,Pounce,CCC,30,"If the Defending Pokémon attacks Persian during your next turn, any damage done by the attack is reduced by 10 (after applying Weakness and Resistance). (Benching either Pokémon ends this effect.)",,,,,Kagemaru Himeno,"Although its fur has many admirers, it is tough to raise as a pet because of its fickle meanness."
base4-57,base4,57,Poliwhirl,Stage 1,Poliwag,60,W,G,x2,,,1,Uncommon,61,,,,Amnesia,WW,,Choose 1 of the Defending Pokémon's attacks. That Pokémon can't use that attack during your opponent's next turn.,Doubleslap,WWC,30×,Flip 2 coins. This attack does 30 damage times the number of heads.,,,,,Ken Sugimori,"Capable of living in or out of water. When out of water, it sweats to keep its body slimy."
base4-58,base4,58,Raticate,Stage 1,Rattata,60,C,F,x2,P,-30,1,Uncommon,20,,,,Bite,C,20,,Super Fang,CCC,?,Does damage to the Defending Pokémon equal to half the Defending Pokémon's remaining HP (rounded up to the nearest 10).,,,,,Ken Sugimori,It uses its whiskers to maintain its balance. It seems to slow down if they are cut off.
base4-59,base4,59,Rhydon,Stage 1,Rhyhorn,100,F,G,x2,L,-30,3,Uncommon,112,,,,Horn Attack,FCC,30,,Ram,FFFF,50,"Rhydon does 20 damage to itself. If your opponent has any Benched Pokémon, he or she chooses 1 of them and switches it with the Defending Pokémon. (Do the damage before switching the Pokémon. Switch the Pokémon even if Rhydon is knocked out.)",,,,,Kagemaru Himeno,"Protected by an armor-like hide, it is capable of living in molten lava of 3600 degrees."
base4-60,base4,60,Seaking,Stage 1,Goldeen,70,W,L,x2,,,1,Uncommon,119,,,,Horn Attack,W,10,,Waterfall,WC,30,,,,,,Kagemaru Himeno,"In the autumn spawning season, they can be seen swimming powerfully up rivers and creeks."
base4-61,base4,61,Seel,Basic,,60,W,L,x2,,,1,Uncommon,86,,,,Headbutt,W,10,,,,,,,,,,Ken Sugimori,The protruding horn on its head is very hard. This horn is used for bashing through thick ice.
base4-62,base4,62,Tauros,Basic,,60,C,F,x2,P,-30,2,Uncommon,128,,,,Stomp,CC,20+,"Flip a coin. If heads, this attack does 20 damage plus 10 more damage; if tails, this attack does 20 damage.",Rampage,CCC,20+,"Does 20 damage plus 10 more damage for each damage counter on Tauros. Flip a coin. If tails, Tauros is now Confused (after doing damage).",,,,,Kagemaru Himeno,"When it targets an enemy, it charges furiously while whipping its body with its long tails."
base4-63,base4,63,Wartortle,Stage 1,Squirtle,70,W,L,x2,,,1,Uncommon,8,,,,Withdraw,WC,,"Flip a coin. If heads, prevent all damage done to Wartortle during your opponent's next turn. (Any other effects of attacks still happen.)",Bite,WCC,40,,,,,,Ken Sugimori,"Often hides in water to stalk unweary prey. When swimming quickly, it moves its ears to maintain balance."
base4-64,base4,64,Weepinbell,Stage 1,Bellsprout,70,G,R,x2,,,1,Uncommon,70,,,,Poisonpowder,G,10,"Flip a coin. If heads, the Defending Pokémon is now Poisoned.",Razor Leaf,GG,30,,,,,,Kagemaru Himeno,"It spits out poisonpowder to immobilize the enemy, and then finishes the enemy with a spray of acid."
base4-65,base4,65,Abra,Basic,,30,P,P,x2,,,0,Common,63,,,,Psyshock,P,10,"Flip a coin. If heads, the Defending Pokémon is now Paralyzed.",,,,,,,,,Mitsuhiro Arita,"Using its ability to read minds, it will identify impending danger and teleport to safety."
base4-66,base4,66,Bellsprout,Basic,,40,G,R,x2,,,1,Common,69,,,,Vine Whip,G,10,,Call for Family,G,,Search your deck for a Basic Pokémon named Bellsprout and put it onto your Bench. Shuffle your deck afterward. (You can't use this attack if your Bench is full.),,,,,Kagemaru Himeno,A carnivorous Pokémon that traps and eats bugs. It uses its root feet to soak up needed moisture.
base4-67,base4,67,Bulbasaur,Basic,,40,G,R,x2,,,1,Common,1,,,,Leech Seed,GG,20,"Unless all damage from this attack is prevented, you may remove 1 damage counter from Bulbasaur.",,,,,,,,,Mitsuhiro Arita,"A strange seed was planted on its back at birth. Thus, a plant sprouted and now grows with this Pokémon."
base4-68,base4,68,Caterpie,Basic,,40,G,R,x2,,,1,Common,10,,,,String Shot,G,10,"Flip a coin. If heads, the Defending Pokémon is now Paralyzed.",,,,,,,,,Ken Sugimori,Its short feet are tipped with suction pads that enable it to tirelessly climb slopes and walls.
base4-69,base4,69,Charmander,Basic,,50,R,W,x2,,,1,Common,4,,,,Scratch,C,10,,Ember,RC,30,Discard 1 Fire Energy card attached to Charmander in order to use this attack.,,,,,Mitsuhiro Arita,"Obviously prefers hot places. If it gets caught in the rain, steam is said to spout from the tip of its tail."
base4-70,base4,70,Cubone,Basic,,40,F,G,x2,L,-30,1,Common,104,,,,Snivel,C,,"If the Defending Pokémon attacks Cubone during your opponent's next turn, any damage done by the attack is reduced by 20 (after applying Weakness and Resistance). (Benching either Pokémon ends this effect.)",Rage,FF,10+,Does 10 damage plus 10 more damage for each damage counter on Cubone.,,,,,Mitsuhiro Arita,"Because it never removes its skull helmet, no one has ever seen this Pokémon's real face."
base4-71,base4,71,Diglett,Basic,,30,F,G,x2,L,-30,0,Common,50,,,,Dig,F,10,,Mud Slap,FF,30,,,,,,Keiji Kinebuchi,"Lives about three feet underground, where it feeds on plant roots. It sometimes appears above ground."
base4-72,base4,72,Doduo,Basic,,50,C,L,x2,F,-30,0,Common,84,,,,Fury Attack,C,10×,Flip 2 coins. This attack does 10 damage times the number of heads.,,,,,,,,,Mitsuhiro Arita,A bird that makes up for its poor flying with its fast foot speed. Leaves giant footprints.
base4-73,base4,73,Drowzee,Basic,,50,P,P,x2,,,1,Common,96,,,,Pound,C,10,,Confuse Ray,PP,10,"Flip a coin. If heads, the Defending Pokémon is now Confused.",,,,,Ken Sugimori,"Puts enemies to sleep, then eats their dreams. Occasionally gets sick from eating bad dreams."
base4-74,base4,74,Exeggcute,Basic,,50,G,R,x2,,,1,Common,102,,,,Hypnosis,P,,The Defending Pokémon is now Asleep.,Leech Seed,GG,20,"Unless all damage from this attack is prevented, you may remove 1 damage counter from Exeggcute.",,,,,Mitsuhiro Arita,"Often mistaken for eggs. When disturbed, they quickly gather and attack in swarms."
base4-75,base4,75,Gastly,Basic,,30,P,,,F,-30,0,Common,92,,,,Sleeping Gas,P,,"Flip a coin. If heads, the Defending Pokémon is now Asleep.",Destiny Bond,PC,,"Discard 1 Psychic Energy card attached to Gastly in order to use this attack. If a Pokémon Knocks Out Gastly during your opponent's next turn, Knock Out that Pokémon.",,,,,Keiji Kinebuchi,"Almost invisible, this gaseous Pokémon cloaks the target and puts it to sleep without notice."
base4-76,base4,76,Goldeen,Basic,,40,W,L,x2,,,0,Common,118,,,,Horn Attack,W,10,,,,,,,,,,Kagemaru Himeno,"Its tail fin billows like an elegant ballroom dress, giving it the nickname ""Water Queen."""
base4-77,base4,77,Jigglypuff,Basic,,60,C,F,x2,P,-30,1,Common,39,,,,Lullaby,C,,The Defending Pokémon is now Asleep.,Pound,CC,20,,,,,,Kagemaru Himeno,"When its huge eyes light up, it sings a mysteriously soothing melody that lulls its enemies to sleep."
base4-78,base4,78,Machop,Basic,,50,F,P,x2,,,1,Common,66,,,,Low Kick,F,20,,,,,,,,,,Mitsuhiro Arita,Loves to build its muscles. It trains in all styles of martial arts to become even stronger.
base4-79,base4,79,Magnemite,Basic,,40,L,F,x2,,,1,Common,81,,,,Thunder Wave,L,10,"Flip a coin. If heads, the Defending Pokémon is now Paralyzed.",Selfdestruct,LC,40,Does 10 damage to each Pokémon on each player's Bench. (Don't apply Weakness and Resistance for Benched Pokémon.) Magnemite does 40 damage to itself.,,,,,Keiji Kinebuchi,Uses anti-gravity to stay suspended. Appears without warning and uses attacks like Thunder Wave.
base4-80,base4,80,Meowth,Basic,,50,C,F,x2,P,-30,1,Common,52,,,,Pay Day,CC,10,"Flip a coin. If heads, draw a card.",,,,,,,,,Mitsuhiro Arita,Adores circular objects. Wanders the streets on a nightly basis to look for dropped loose change.
base4-81,base4,81,Metapod,Stage 1,Caterpie,70,G,R,x2,,,2,Common,11,,,,Stiffen,CC,,"Flip a coin. If heads, prevent all damage done to Metapod during your opponent's next turn. (Any other effects of attacks still happen.)",Stun Spore,GG,20,"Flip a coin. If heads, the Defending Pokémon is now Paralyzed.",,,,,Ken Sugimori,"It is vulnerable to attack because its shell is soft, exposing its weak and tender body."
base4-82,base4,82,Nidoran ♀,Basic,,60,G,P,x2,,,1,Common,29,,,,Fury Swipes,G,10×,Flip 3 coins. This attack does 10 damage times the number of heads.,Call for Family,GG,,Search your deck for a Basic Pokémon named Nidoran ♂ or Nidoran ♀ and put it onto your Bench. Shuffle your deck afterward. (You can't use this attack if your Bench is full.),,,,,Ken Sugimori,"Although small, its venomous barbs make this Pokémon dangerous. The female has smaller horns."
base4-83,base4,83,Nidoran ♂,Basic,,40,G,P,x2,,,1,Common,32,,,,Horn Hazard,G,30,"Flip a coin. If tails, this attack does nothing.",,,,,,,,,Ken Sugimori,"Stiffens its ears to sense danger. The larger, more powerful of its horns secretes venom."
base4-84,base4,84,Onix,Basic,,90,F,G,x2,,,3,Common,95,,,,Rock Throw,F,10,,Harden,FF,,"During your opponent's next turn, whenever 30 or less damage is done to Onix (after applying Weakness and Resistance), prevent that damage. (Any other effects of attacks still happen.)",,,,,Ken Sugimori,"As it grows, the stone portions of its body harden to become similar to a diamond, though colored black."
base4-85,base4,85,Paras,Basic,,40,G,R,x2,,,1,Common,46,,,,Scratch,CC,20,,Spore,GG,,The Defending Pokémon is now Asleep.,,,,,Ken Sugimori,Burrows to suck tree roots. The mushrooms on its back grow by drawing nutrients from the bug host.
base4-86,base4,86,Pidgey,Basic,,40,C,L,x2,F,-30,1,Common,16,,,,Whirlwind,CC,10,"If your opponent has any Benched Pokémon, he or she chooses 1 of them and switches it with the Defending Pokémon. (Do the damage before switching the Pokémon.)",,,,,,,,,Ken Sugimori,A common sight in forests and woods. It flaps its wings at ground level to kick up blinding sand.
base4-87,base4,87,Pikachu,Basic,,40,L,F,x2,,,1,Common,25,,,,Gnaw,C,10,,Thunder Jolt,LC,30,"Flip a coin. If tails, Pikachu does 10 damage to itself.",,,,,Mitsuhiro Arita,"When several of these Pokémon gather, their electricity can cause lightning storms."
base4-88,base4,88,Poliwag,Basic,,40,W,G,x2,,,1,Common,60,,,,Water Gun,W,10+,Does 10 damage plus 10 more damage for each Water Energy attached to Poliwag but not used to pay for this attack's Energy cost. You can't add more than 20 damage in this way.,,,,,,,,,Ken Sugimori,Its newly grown legs prevent it from running. It appears to prefer swimming over trying to stand.
base4-89,base4,89,Rattata,Basic,,30,C,F,x2,P,-30,0,Common,19,,,,Bite,C,20,,,,,,,,,,Mitsuhiro Arita,"Bites anything when it attacks. Small and very quick, it is a common sight in many places."
base4-90,base4,90,Rhyhorn,Basic,,70,F,G,x2,L,-30,3,Common,111,,,,Leer,C,,"Flip a coin. If heads, the Defending Pokémon can't attack Rhyhorn during your opponent's next turn. (Benching either Pokémon ends this effect.)",Horn Attack,FCC,30,,,,,,Mitsuhiro Arita,"Its massive bones are 1,000 times harder than human bones. It can easily knock a trailer flying."
base4-91,base4,91,Sandshrew,Basic,,40,F,G,x2,L,-30,1,Common,27,,,,Sand-attack,F,10,"If the Defending Pokémon tries to attack during your opponent's next turn, your opponent flips a coin. If tails, that attack does nothing.",,,,,,,,,Ken Sugimori,Burrows deep underground in arid locations far from water. It only emerges to hunt for food.
base4-92,base4,92,Spearow,Basic,,50,C,L,x2,F,-30,0,Common,21,,,,Peck,C,10,,Mirror Move,CCC,,"If Spearow was attacked last turn, do the final result of that attack on Spearow to the Defending Pokémon.",,,,,Mitsuhiro Arita,Eats bugs in grassy areas. It has to flap its short wings at high speeds to stay airborne.
base4-93,base4,93,Squirtle,Basic,,40,W,L,x2,,,1,Common,7,,,,Bubble,W,10,"Flip a coin. If heads, the Defending Pokémon is now Paralyzed.",Withdraw,WC,,"Flip a coin. If heads, prevent all damage done to Squirtle during your opponent's next turn. (Any other effects of opponent's attacks still happen.)",,,,,Mitsuhiro Arita,"After birth, its back swells and hardens into a shell. It powerfully sprays foam from its mouth."
base4-94,base4,94,Starmie,Stage 1,Staryu,60,W,L,x2,,,1,Common,121,,,,Recover,WW,,Discard 1 Water Energy card attached to Starmie in order to use this attack. Remove all damage counters from Starmie.,Star Freeze,WCC,20,"Flip a coin. If heads, the Defending Pokémon is now Paralyzed.",,,,,Keiji Kinebuchi,Its central core glows with the seven colors of the rainbow. Some people value this core as a gem.
base4-95,base4,95,Staryu,Basic,,40,W,L,x2,,,1,Common,120,,,,Slap,W,20,,,,,,,,,,Keiji Kinebuchi,An enigmatic Pokémon that can effortlessly regenerate any appendage it loses in battle.
base4-96,base4,96,Tangela,Basic,,50,G,R,x2,,,2,Common,114,,,,Bind,GC,20,"Flip a coin. If heads, the Defending Pokémon is now Paralyzed.",Poisonpowder,GGG,20,The Defending Pokémon is now Poisoned.,,,,,Mitsuhiro Arita,Its whole body is swathed with wide vines that are similar to seaweed. These vines shake as it walks.
base4-97,base4,97,Venonat,Basic,,40,G,R,x2,,,1,Common,48,,,,Stun Spore,G,10,"Flip a coin. If heads, the Defending Pokémon is now Paralyzed.",Leech Life,GC,10,"Remove a number of damage counters from Venonat equal to the damage done to the Defending Pokémon (after applying Weakness and Resistance). If Venonat has fewer damage counters than that, remove all of them.",,,,,Mitsuhiro Arita,Lives in the shadows of tall trees where it eats insects. It is attracted by light at night.
base4-98,base4,98,Voltorb,Basic,,40,L,F,x2,,,1,Common,100,,,,Tackle,C,10,,,,,,,,,,Keiji Kinebuchi,"Usually found in power plants. Easily mistaken for a Poké Ball, it has zapped many people."
base4-99,base4,99,Vulpix,Basic,,50,R,W,x2,,,1,Common,37,,,,Confuse Ray,RR,10,"Flip a coin. If heads, the Defending Pokémon is now Confused.",,,,,,,,,Ken Sugimori,"At the time of birth, it has just one tail. Its tail splits from the tip as it grows older."
base4-100,base4,100,Weedle,Basic,,40,G,R,x2,,,1,Common,13,,,,Poison Sting,G,10,"Flip a coin. If heads, the Defending Pokémon is now Poisoned.",,,,,,,,,Mitsuhiro Arita,"Often found in forests, eating leaves. It has a sharp, venomous stinger on its head."
base5-1,base5,1,Dark Alakazam,Stage 2,Dark Kadabra,60,P,P,x2,,,3,Rare Holo,65,,,,Teleport Blast,PPC,30,You may switch Dark Alakazam with 1 of your Benched Pokémon. (Do the damage before switching the Pokémon.),Mind Shock,PPP,40,Don't apply Weakness and Resistance for this attack. (Any other effects that would happen after applying Weakness and Resistance still happen.),,,,,Ken Sugimori,"Almost as if it were being controlled by something else, it never changes expressions, even in the middle of battle."
base5-2,base5,2,Dark Arbok,Stage 1,Ekans,60,G,P,x2,,,2,Rare Holo,24,,,,Stare,GG,,"Choose 1 of your opponent's Pokémon. This attack does 10 damage to that Pokémon. Don't apply Weakness and Resistance for this attack. (Any other effects that would happen after applying Weakness and Resistance still happen.) If that Pokémon has a Pokémon Power, that power stops working until the end of your opponent's next turn.",Poison Vapor,GGG,10,The Defending Pokémon is now Poisoned. This attack does 10 damage to each of your opponent's Benched Pokémon. (Don't apply Weakness and Resistance for Benched Pokémon.),,,,,Mitsuhiro Arita,"Freezes its prey with its stare. If you should encounter one, remember not to look into its eyes."
base5-3,base5,3,Dark Blastoise,Stage 2,Dark Wartortle,70,W,L,x2,,,2,Rare Holo,9,,,,Hydrocannon,WW,30+,Does 30 damage plus 20 more damage for each Water Energy attached to Dark Blastoise but not used to pay for this attack. You can't add more than 40 damage in this way.,Rocket Tackle,WCC,40,"Dark Blastoise does 10 damage to itself. Flip a coin. If heads, prevent all damage done to Dark Blastoise during your opponent's next turn. (Any other effects of attacks still happen.)",,,,,Mitsuhiro Arita,An aggressive Pokémon that tackles anything it sees.
base5-4,base5,4,Dark Charizard,Stage 2,Dark Charmeleon,80,R,W,x2,F,-30,3,Rare Holo,6,,,,Nail Flick,C,10,,Continuous Fireball,RR,50×,Flip a number of coins equal to the number of Fire Energy cards attached to Dark Charizard. This attack does 50 damage times the number of heads. Discard a number of Fire Energy cards attached to Dark Charizard equal to the number of heads.,,,,,Ken Sugimori,"Seemingly possessed, it spews fire like a volcano, trying to burn all it sees."
base5-5,base5,5,Dark Dragonite,Stage 2,Dark Dragonair,70,C,,,F,-30,2,Rare Holo,149,Pokémon Power,Summon Minions,"When you play Dark Dragonite from your hand, search your deck for up to 2 Basic Pokémon and put them onto your Bench. Shuffle your deck afterward.",Giant Tail,CCCC,70,"Flip a coin. If tails, this attack does nothing.",,,,,,,,,Mitsuhiro Arita,"Sometimes called ""The God of Destruction."" Its wings are able to support it in spite of its massive weight."
base5-6,base5,6,Dark Dugtrio,Stage 1,Diglett,50,F,G,x2,L,-30,2,Rare Holo,51,Pokémon Power,Sinkhole,"Whenever your opponent's Active Pokémon retreats, your opponent flips a coin. If tails, this power does 20 damage to that Pokémon. (Don't apply Weakness and Resistance.) This power stops working while Dark Dugtrio is Asleep, Confused, or Paralyzed.",Knock Down,FF,20+,"Your opponent flips a coin. If tails, this attack does 20 damage plus 20 more damage; if heads, this attack does 20 damage.",,,,,,,,,Kagemaru Himeno,Digs large sinkholes in the ground and tries to trap its enemies in them.
base5-7,base5,7,Dark Golbat,Stage 1,Zubat,50,G,P,x2,F,-30,0,Rare Holo,42,Pokémon Power,Sneak Attack,"When you play Dark Golbat from your hand, you may choose 1 of your opponent's Pokémon. If you do, Dark Golbat does 10 damage to that Pokémon. Apply Weakness and Resistance.",Flitter,GG,,Choose 1 of your opponent's Pokémon. This attack does 20 damage to that Pokémon. Don't apply Weakness and Resistance for this attack. (Any other effects that would happen after applying Weakness and Resistance still happen.),,,,,,,,,Mitsuhiro Arita,"Sneaks up silently on its prey and attacks it from behind, sometimes killing it with one bite."
base5-8,base5,8,Dark Gyarados,Stage 1,Magikarp,70,W,G,x2,F,-30,2,Rare Holo,130,Pokémon Power,Final Beam,"When Dark Gyarados is Knocked Out by an attack, flip a coin. If heads, this power does 20 damage for each Water Energy attached to Dark Gyarados to the Pokémon that Knocked Out Dark Gyarados. Apply Weakness and Resistance. This power doesn't work if Dark Gyarados is Asleep, Confused, or Paralyzed.",Ice Beam,WWW,30,"Flip a coin. If heads, the Defending Pokémon is now Paralyzed.",,,,,,,,,Kagemaru Himeno,"Normally found only in the deep ocean, it has recently been seen in shallow waters as well."
base5-9,base5,9,Dark Hypno,Stage 1,Drowzee,60,P,P,x2,,,2,Rare Holo,97,,,,Psypunch,P,20,,Bench Manipulation,PPC,20×,Your opponent flips a number of coins equal to the number of Pokémon on his or her Bench. This attack does 20 damage times the number of tails. Don't apply Weakness and Resistance for this attack. (Any other effects that would happen after applying Weakness and Resistance still happen.),,,,,Kagemaru Himeno,Carries a pendulum with it always. Sometimes appears near less-traveled roads and schools at dusk.
base5-10,base5,10,Dark Machamp,Stage 2,Dark Machoke,70,F,P,x2,,,3,Rare Holo,68,,,,Mega Punch,FF,30,,Fling,FFFC,,Your opponent shuffles his or her Active Pokémon and all cards attached to it into his or her deck. This attack can't be used if your opponent has no Benched Pokémon.,,,,,Mitsuhiro Arita,It is almost impossible to defend against a Machamp's four powerful arms.
base5-11,base5,11,Dark Magneton,Stage 1,Magnemite,60,L,F,x2,,,2,Rare Holo,82,,,,Sonicboom,CC,20,Don't apply Weakness and Resistance for this attack. (Any other effects that would happen after applying Weakness and Resistance still happen.),Magnetic Lines,LL,30,"If the Defending Pokémon has any basic Energy cards attached to it, choose 1 of them. If your opponent has any Benched Pokémon, choose 1 of them and attach that Energy card to it.",,,,,Miki Tanaka,The number of incidents of hackers using Magnetons to damage computer systems is steadily increasing.
base5-12,base5,12,Dark Slowbro,Stage 1,Slowpoke,60,P,P,x2,,,2,Rare Holo,80,Pokémon Power,Reel In,"When you play Dark Slowbro from your hand, choose up to 3 Basic Pokémon and/or Evolution cards from your discard pile and put them into your hand.",Fickle Attack,PP,40,"Flip a coin. If tails, this attack does nothing.",,,,,,,,,Mitsuhiro Arita,"It loves nothing better than to be left alone, and so sometimes ends up being manipulated by unscrupulous people."
base5-13,base5,13,Dark Vileplume,Stage 2,Dark Gloom,60,G,R,x2,,,2,Rare Holo,45,Pokémon Power,Hay Fever,"No Trainer cards can be played. This power stops working while Dark Vileplume is Asleep, Confused, or Paralyzed.",Petal Whirlwind,GGG,30×,"Flip a coins. This attack does 30 damage times the number of heads. If you get 2 or more heads, Dark Vileplume is now Confused (after doing damage).",,,,,,,,,Kagemaru Himeno,"Perhaps because of their strong-smelling pollen, other Pokémon do not approach areas where Vileplumes live."
base5-14,base5,14,Dark Weezing,Stage 1,Koffing,60,G,P,x2,,,1,Rare Holo,110,,,,Mass Explosion,GC,20×,"Does 20 damage times the total number of Koffings, Weezings, and Dark Weezings in play (Apply Weakness and Resistance.). Then, this attack does 20 damage to each Koffing, Weezing, and Dark Weezing (even your own). Don't apply Weakness and Resistance.",Stun Gas,GGG,20,"Flip a coin. If heads, the Defending Pokémon is now Poisoned; if tails, the Defending Pokémon is now Paralyzed.",,,,,Shin-ichi Yoshida,Researchers have observed these Pokémon reproducing in industrial waste sites.
base5-18,base5,18,Dark Alakazam,Stage 2,Dark Kadabra,60,P,P,x2,,,3,Rare,65,,,,Teleport Blast,PPC,30,You may switch Dark Alakazam with 1 of your Benched Pokémon. (Do the damage before switching the Pokémon.),Mind Shock,PPP,40,Don't apply Weakness and Resistance for this attack. (Any other effects that would happen after applying Weakness and Resistance still happen.),,,,,Ken Sugimori,"Almost as if it were being controlled by something else, it never changes expressions, even in the middle of battle."
base5-19,base5,19,Dark Arbok,Stage 1,Ekans,60,G,P,x2,,,2,Rare,24,,,,Stare,GG,,"Choose 1 of your opponent's Pokémon. This attack does 10 damage to that Pokémon. Don't apply Weakness and Resistance for this attack. (Any other effects that would happen after applying Weakness and Resistance still happen.) If that Pokémon has a Pokémon Power, that power stops working until the end of your opponent's next turn.",Poison Vapor,GGG,10,The Defending Pokémon is now Poisoned. This attack does 10 damage to each of your opponent's Benched Pokémon. (Don't apply Weakness and Resistance for Benched Pokémon.),,,,,Mitsuhiro Arita,"Freezes its prey with its stare. If you should encounter one, remember not to look into its eyes."
base5-20,base5,20,Dark Blastoise,Stage 2,Dark Wartortle,70,W,L,x2,,,2,Rare,9,,,,Hydrocannon,WW,30+,Does 30 damage plus 20 more damage for each Water Energy attached to Dark Blastoise but not used to pay for this attack. You can't add more than 40 damage in this way.,Rocket Tackle,WCC,40,"Dark Blastoise does 10 damage to itself. Flip a coin. If heads, prevent all damage done to Dark Blastoise during your opponent's next turn. (Any other effects of attacks still happen.)",,,,,Mitsuhiro Arita,An aggressive Pokémon that tackles anything it sees.
base5-21,base5,21,Dark Charizard,Stage 2,Dark Charmeleon,80,R,W,x2,F,-30,3,Rare,6,,,,Nail Flick,C,10,,Continuous Fireball,RR,50×,Flip a number of coins equal to the number of Fire Energy cards attached to Dark Charizard. This attack does 50 damage times the number of heads. Discard a number of Fire Energy cards attached to Dark Charizard equal to the number of heads.,,,,,Ken Sugimori,"Seemingly possessed, it spews fire like a volcano, trying to burn all it sees."
base5-22,base5,22,Dark Dragonite,Stage 2,Dark Dragonair,70,C,,,F,-30,2,Rare,149,Pokémon Power,Summon Minions,"When you play Dark Dragonite from your hand, search your deck for up to 2 Basic Pokémon and put them onto your Bench. Shuffle your deck afterward.",Giant Tail,CCCC,70,"Flip a coin. If tails, this attack does nothing.",,,,,,,,,Mitsuhiro Arita,"Sometimes called ""The God of Destruction."" Its wings are able to support it in spite of its massive weight."
base5-23,base5,23,Dark Dugtrio,Stage 1,Diglett,50,F,G,x2,L,-30,2,Rare,51,Pokémon Power,Sinkhole,"Whenever your opponent's Active Pokémon retreats, your opponent flips a coin. If tails, this power does 20 damage to that Pokémon. (Don't apply Weakness and Resistance.) This power stops working while Dark Dugtrio is Asleep, Confused, or Paralyzed.",Knock Down,FF,20+,"Your opponent flips a coin. If tails, this attack does 20 damage plus 20 more damage; if heads, this attack does 20 damage.",,,,,,,,,Kagemaru Himeno,Digs large sinkholes in the ground and tries to trap its enemies in them.
base5-24,base5,24,Dark Golbat,Stage 1,Zubat,50,G,P,x2,F,-30,0,Rare,42,Pokémon Power,Sneak Attack,"When you play Dark Golbat from your hand, you may choose 1 of your opponent's Pokémon. If you do, Dark Golbat does 10 damage to that Pokémon. Apply Weakness and Resistance.",Flitter,GG,,Choose 1 of your opponent's Pokémon. This attack does 20 damage to that Pokémon. Don't apply Weakness and Resistance for this attack. (Any other effects that would happen after applying Weakness and Resistance still happen.),,,,,,,,,Mitsuhiro Arita,"Sneaks up silently on its prey and attacks it from behind, sometimes killing it with one bite."
base5-25,base5,25,Dark Gyarados,Stage 1,Magikarp,70,W,G,x2,F,-30,2,Rare,130,Pokémon Power,Final Beam,"When Dark Gyarados is Knocked Out by an attack, flip a coin. If heads, this power does 20 damage for each Water Energy attached to Dark Gyarados to the Pokémon that Knocked Out Dark Gyarados. Apply Weakness and Resistance. This power doesn't work if Dark Gyarados is Asleep, Confused, or Paralyzed.",Ice Beam,WWW,30,"Flip a coin. If heads, the Defending Pokémon is now Paralyzed.",,,,,,,,,Kagemaru Himeno,"Normally found only in the deep ocean, it has recently been seen in shallow waters as well."
base5-26,base5,26,Dark Hypno,Stage 1,Drowzee,60,P,P,x2,,,2,Rare,97,,,,Psypunch,P,20,,Bench Manipulation,PPC,20×,Your opponent flips a number of coins equal to the number of Pokémon on his or her Bench. This attack does 20 damage times the number of tails. Don't apply Weakness and Resistance for this attack. (Any other effects that would happen after applying Weakness and Resistance still happen.),,,,,Kagemaru Himeno,Carries a pendulum with it always. Sometimes appears near less-traveled roads and schools at dusk.
base5-27,base5,27,Dark Machamp,Stage 2,Dark Machoke,70,F,P,x2,,,3,Rare,68,,,,Mega Punch,FF,30,,Fling,FFFC,,Your opponent shuffles his or her Active Pokémon and all cards attached to it into his or her deck. This attack can't be used if your opponent has no Benched Pokémon.,,,,,Mitsuhiro Arita,It is almost impossible to defend against a Machamp's four powerful arms.
base5-28,base5,28,Dark Magneton,Stage 1,Magnemite,60,L,F,x2,,,2,Rare,82,,,,Sonicboom,CC,20,Don't apply Weakness and Resistance for this attack. (Any other effects that would happen after applying Weakness and Resistance still happen.),Magnetic Lines,LL,30,"If the Defending Pokémon has any basic Energy cards attached to it, choose 1 of them. If your opponent has any Benched Pokémon, choose 1 of them and attach that Energy card to it.",,,,,Miki Tanaka,The number of incidents of hackers using Magnetons to damage computer systems is steadily increasing.
base5-29,base5,29,Dark Slowbro,Stage 1,Slowpoke,60,P,P,x2,,,2,Rare,80,Pokémon Power,Reel In,"When you play Dark Slowbro from your hand, choose up to 3 Basic Pokémon and/or Evolution cards from your discard pile and put them into your hand.",Fickle Attack,PP,40,"Flip a coin. If tails, this attack does nothing.",,,,,,,,,Mitsuhiro Arita,"It loves nothing better than to be left alone, and so sometimes ends up being manipulated by unscrupulous people."
base5-30,base5,30,Dark Vileplume,Stage 2,Dark Gloom,60,G,F,x2,,,2,Rare,45,Pokémon Power,Hay Fever,"No Trainer cards can be played. This power stops working while Dark Vileplume is Asleep, Confused, or Paralyzed.",Petal Whirlwind,GGG,30×,"Flip a coins. This attack does 30 damage times the number of heads. If you get 2 or more heads, Dark Vileplume is now Confused (after doing damage).",,,,,,,,,Kagemaru Himeno,"Perhaps because of their strong-smelling pollen, other Pokémon do not approach areas where Vileplumes live."
base5-31,base5,31,Dark Weezing,Stage 1,Koffing,60,G,P,x2,,,1,Rare,110,,,,Mass Explosion,GC,20×,"Does 20 damage times the total number of Koffings, Weezings, and Dark Weezings in play (Apply Weakness and Resistance.). Then, this attack does 20 damage to each Koffing, Weezing, and Dark Weezing (even your own). Don't apply Weakness and Resistance.",Stun Gas,GGG,20,"Flip a coin. If heads, the Defending Pokémon is now Poisoned; if tails, the Defending Pokémon is now Paralyzed.",,,,,Shin-ichi Yoshida,Researchers have observed these Pokémon reproducing in industrial waste sites.
base5-32,base5,32,Dark Charmeleon,Stage 1,Charmander,50,R,W,x2,,,2,Uncommon,5,,,,Tail Slap,CC,20,,Fireball,RRR,70,"Use this attack only if there are any Fire Energy cards attached to Dark Charmeleon. Flip a coin. If heads, discard 1 of those Energy cards. If tails, this attack does nothing (not even damage).",,,,,Kagemaru Himeno,"Its tail is incredibly strong, able to lift up to 5 adult men."
base5-33,base5,33,Dark Dragonair,Stage 1,Dratini,60,C,,,P,-30,2,Uncommon,148,Pokémon Power,Evolutionary Light,"Once during your turn (before your attack), you may search your deck for an Evolution card. Show it to your opponent and put it into your hand. Shuffle your deck afterward. This power can't be used if Dark Dragonair is Asleep, Confused, or Paralyzed.",Tail Strike,CCC,20+,"Flip a coin. If heads, this attack does 20 damage plus 20 more damage; if tails, this attack does 20 damage.",,,,,,,,,Kagemaru Himeno,"As is fitting for a legendary Pokémon, it has many strange powers, including the ability to make rain or snow fall."
base5-34,base5,34,Dark Electrode,Stage 1,Voltorb,60,L,F,x2,,,1,Uncommon,101,,,,Rolling Tackle,C,10,,Energy Bomb,LL,30,"Take all Energy cards attached to Dark Electrode and attach them to your Benched Pokémon (in any way you choose). If you have no Benched Pokémon, discard all Energy cards attached to Dark Electrode.",,,,,Ken Sugimori,Some researchers hypothesize that Electrode may actually be a form of energy instead of having an actual body.
base5-35,base5,35,Dark Flareon,Stage 1,Eevee,50,R,W,x2,,,1,Uncommon,136,,,,Rage,C,10+,Does 10 damage plus 10 more damage for each damage counter on Dark Flareon.,Playing with Fire,RR,30+,"Use this attack only if there are any Fire Energy cards attached to Dark Flareon. Flip a coin. If heads, discard 1 of those Energy cards and this attack does 30 damage plus 20 more damage; if tails, this attack does 30 damage.",,,,,Mitsuhiro Arita,A Pokémon with a hot temper that can't be controlled once it's angered. Capable of breathing flames hotter than 3000°.
base5-36,base5,36,Dark Gloom,Stage 1,Oddish,50,G,R,x2,,,2,Uncommon,44,Pokémon Power,Pollen Stench,"Once during your turn (before your attack), you may flip a coin. If heads, the Defending Pokémon is now Confused; if tails, your Active Pokémon is now Confused. This power can't be used if Dark Gloom is Asleep, Confused, or Paralyzed.",Poisonpowder,GG,10,The Defending Pokémon is now Poisoned.,,,,,,,,,Kagemaru Himeno,Its pollen has such a strong smell that it even confuses itself at times.
base5-37,base5,37,Dark Golduck,Stage 1,Psyduck,60,W,L,x2,,,2,Uncommon,55,,,,Third Eye,P,,Discard 1 Energy card attached to Dark Golduck in order to draw up to 3 cards.,Super Psy,PPC,50,,,,,,Mitsuhiro Arita,"When Psyducks evolve, their headaches disappear and they find themselves in possession of formidable mental powers."
base5-38,base5,38,Dark Jolteon,Stage 1,Eevee,50,L,F,x2,,,1,Uncommon,135,,,,Lightning Flash,L,20,"If the Defending Pokémon tries to attack during your opponent's next turn, your opponent flips a coin. If tails, that attack does nothing.",Thunder Attack,LLC,30,"Flip a coin. If heads, the Defending Pokémon is now Paralyzed. If tails, Dark Jolteon does 10 damage to itself.",,,,,Mitsuhiro Arita,A dangerous Pokémon when angered. It likes to playfully shock people with the electricity it stores within its body.
base5-39,base5,39,Dark Kadabra,Stage 1,Abra,50,P,P,x2,,,2,Uncommon,64,Pokémon Power,Matter Exchange,"Once during your turn (before your attack), you may discard a card from your hand in order to draw a card. This power can't be used if Dark Kadabra is Asleep, Confused, or Paralyzed.",Mind Shock,PP,30,Don't apply Weakness and Resistance for this attack. (Any other effects that would happen after applying Weakness and Resistance still happen.),,,,,,,,,Kagemaru Himeno,Some people say that Kadabras are responsible for many of the mysterious events reported in the news.
base5-40,base5,40,Dark Machoke,Stage 1,Machop,60,F,P,x2,,,2,Uncommon,67,,,,Drag Off,FFC,20,"Before doing damage, choose 1 of your opponent's Benched Pokémon and switch it with the Defending Pokémon. Do the damage to the new Defending Pokémon. This attack can't be used if your opponent has no Benched Pokémon.",Knock Back,FFC,30,"If your opponent has any Benched Pokémon, he or she chooses 1 of them and switches it with the Defending Pokémon. (Do the damage before switching the Pokémon.)",,,,,Mitsuhiro Arita,"While normally peaceful and friendly, the number of incidents involving cruel Machokes is rising."
base5-41,base5,41,Dark Muk,Stage 1,Grimer,60,G,P,x2,,,2,Uncommon,89,Pokémon Power,Sticky Goo,"As long as Dark Muk is your Active Pokémon, your opponent pays ColorlessColorless more to retreat his or her Active Pokémon. This power stops working while Dark Muk is Asleep, Confused, or Paralyzed.",Sludge Punch,GG,20,The Defending Pokémon is now Poisoned.,,,,,,,,,Kagemaru Himeno,"Muks appear suddenly, spreading sludge everywhere. Whenever one appears in a city, panic ensues."
base5-42,base5,42,Dark Persian,Stage 1,Meowth,60,C,F,x2,P,-30,0,Uncommon,53,,,,Fascinate,C,,"Flip a coin. If heads, choose 1 of your opponent's Benched Pokémon and switch it with the Defending Pokémon. This attack can't be used if your opponent has no Benched Pokémon.",Poison Claws,CC,10,"Flip a coin. If heads, the Defending Pokémon is now Poisoned.",,,,,Shin-ichi Yoshida,Popular with women because of its beautiful fur. The leader of the Rockets keeps one as a pet.
base5-43,base5,43,Dark Primeape,Stage 1,Mankey,60,F,P,x2,,,1,Uncommon,57,Pokémon Power,Frenzy,"If Dark Primeape does any damage while it's Confused (even to itself), it does 30 more damage.",Frenzied Attack,FF,40,Dark Primeape is now Confused (after doing damage).,,,,,,,,,Mitsuhiro Arita,"Although Primeapes have always been mean, lately they seem to be becoming even more vicious and frenzied."
base5-44,base5,44,Dark Rapidash,Stage 1,Ponyta,60,R,W,x2,,,0,Uncommon,78,,,,Rear Kick,CC,20,,Flame Pillar,RR,30,"You may discard 1 Fire Energy card attached to Dark Rapidash when you use this attack. If you do and if your opponent has any Benched Pokémon, choose 1 of them and this attack does 10 damage to it. (Don't apply Weakness and Resistance for Benched Pokémon.)",,,,,Kagemaru Himeno,"A wild, uncontrollable Pokémon. When running, it looks like a comet streaking through the sky."
base5-45,base5,45,Dark Vaporeon,Stage 1,Eevee,60,W,L,x2,,,1,Uncommon,134,,,,Bite,CCC,30,,Whirlpool,WWC,20,"If the Defending Pokémon has any Energy cards attached to it, choose 1 of them and discard it.",,,,,Mitsuhiro Arita,"A Pokémon capable of controlling water, so it is capable of creating giant whirlpools."
base5-46,base5,46,Dark Wartortle,Stage 1,Squirtle,60,W,L,x2,,,1,Uncommon,8,,,,Doubleslap,W,10×,Flip 2 coins. This attack does 10 damage times the number of heads.,Mirror Shell,WC,,"If an attack does damage to Dark Wartortle during your opponent's next turn (even if Dark Wartortle is Knocked Out), Dark Wartortle attacks the Defending Pokémon for an equal amount of damage.",,,,,Kagemaru Himeno,"A Pokémon with a negative attitude, it hides in its shell whenever it's in a bad mood—which is often."
base5-47,base5,47,Magikarp,Basic,,30,W,L,x2,,,1,Uncommon,129,,,,Flop,C,10,,Rapid Evolution,WWW,,Search your deck for an Evolution card named Gyarados or Dark Gyarados and put it on Magikarp. (This counts as evolving Magikarp.) Shuffle your deck afterward.,,,,,Kagemaru Himeno,Recent research has revealed the presence of dragon DNA in this species of Pokémon.
base5-48,base5,48,Porygon,Basic,,40,C,F,x2,P,-30,0,Uncommon,137,,,,Conversion 1,C,,"If the Defending Pokémon has a Weakness, you may change it to a type of your choice other than Colorless.",Psybeam,CCC,20,"Flip a coin. If heads, the Defending Pokémon is now Confused.",,,,,Keiji Kinebuchi,"More and more people play the slots every day, trying to win a Porygon."
base5-49,base5,49,Abra,Basic,,40,P,P,x2,,,1,Common,63,,,,Vanish,P,,Shuffle Abra into your deck. (Discard all cards attached to Abra.),Psyshock,P,10,"Flip a coin. If heads, the Defending Pokémon is now Paralyzed.",,,,,Sumiyoshi Kizuki,"It teleports itself away from danger, making it difficult to capture."
base5-50,base5,50,Charmander,Basic,,40,R,W,x2,,,1,Common,4,Pokémon Power,Gather Fire,"Once during your turn (before your attack), you may take 1 Fire Energy card attached to 1 of your other Pokémon and attach it to Charmander. This power can't be used if Charmander is Asleep, Confused, or Paralyzed.",Fire Tail,R,20,,,,,,,,,,Kagemaru Himeno,"Many people find it cute and try to hold it, only to be burned by its tail."
base5-51,base5,51,Dark Raticate,Stage 1,Rattata,50,C,F,x2,P,-30,1,Common,20,,,,Gnaw,CC,20,,Hyper Fang,CCC,50,"Flip a coin. If tails, this attack does nothing.",,,,,Shin-ichi Yoshida,A Raticate's front teeth are incredibly powerful; it can destroy a two-story house with them in 5 minutes.
base5-52,base5,52,Diglett,Basic,,40,F,G,x2,L,-30,0,Common,50,,,,Dig Under,F,,Choose 1 of your opponent's Pokémon. This attack does 10 damage to that Pokémon. Don't apply Weakness and Resistance for this attack. (Any other effects that would happen after applying Weakness and Resistance still happen.),Scratch,FC,20,,,,,,Sumiyoshi Kizuki,"It follows Onixes in their tunnels, looking for scraps of food they have left behind."
base5-53,base5,53,Dratini,Basic,,40,C,,,P,-30,1,Common,147,,,,Wrap,CC,10,"Flip a coin. If heads, the Defending Pokémon is now Paralyzed.",,,,,,,,,Kagemaru Himeno,The capture of the first Dratini inspired the search for other legendary Pokémon.
base5-54,base5,54,Drowzee,Basic,,50,P,P,x2,,,1,Common,96,Pokémon Power,Long-Distance Hypnosis,"Once during your turn (before your attack), you may flip a coin. If heads, the Defending Pokémon is now Asleep; if tails, your Active Pokémon is now Asleep. This power can't be used if Drowzee is Asleep, Confused, or Paralyzed.",Nightmare,PC,10,The Defending Pokémon is now Asleep.,,,,,,,,,Kagemaru Himeno,Not popular with girls because of its attitude. Can often be heard muttering to itself in a low voice.
base5-55,base5,55,Eevee,Basic,,40,C,F,x2,P,-30,1,Common,133,,,,Tackle,C,10,,Sand-attack,CC,10,"If the Defending Pokémon tries to attack during your opponent's next turn, your opponent flips a coin. If tails, that attack does nothing.",,,,,Atsuko Nishida,"A rare and unique Pokémon about which little is known, as few have been captured."
base5-56,base5,56,Ekans,Basic,,50,G,P,x2,,,1,Common,23,,,,Bite,C,10,,Poison Sting,GG,20,"Flip a coin. If heads, the Defending Pokémon is now Poisoned.",,,,,Ken Sugimori,A carnivore that swallows its prey whole. Pidgeys and Spearows are its favorite food.
base5-57,base5,57,Grimer,Basic,,40,G,P,x2,,,1,Common,88,,,,Poison Gas,G,,The Defending Pokémon is now Asleep.,Sticky Hands,GG,10+,"Flip a coin. If heads, this attack does 10 damage plus 20 more damage and the Defending Pokémon is now Paralyzed; if tails, this attack does 10 damage.",,,,,Kagemaru Himeno,"It has recently been found that Grimers are formed in waste-processing plants, and can move into towns via sewers."
base5-58,base5,58,Koffing,Basic,,40,G,P,x2,,,1,Common,109,,,,Tackle,C,10,,Poison Gas,GC,20,"Flip a coin. If heads, the Defending Pokémon is now Poisoned.",,,,,Sumiyoshi Kizuki,"First discovered in a weapons factory, this Pokémon can now be found almost anywhere."
base5-59,base5,59,Machop,Basic,,50,F,P,x2,,,1,Common,66,,,,Punch,CC,20,,Kick,FCC,30,,,,,,Ken Sugimori,It's said that not even pro wrestlers can take down a Machop.
base5-60,base5,60,Magnemite,Basic,,40,L,F,x2,,,1,Common,81,,,,Tackle,CC,20,,Magnetism,LC,10+,"Does 10 damage plus 10 more damage for each Magnemite, Magneton, and Dark Magneton on your Bench.",,,,,Miki Tanaka,"It is said that enough Magnemites and Magnetons gather in one place, they can create a powerful magnetic barrier."
base5-61,base5,61,Mankey,Basic,,40,F,P,x2,,,0,Common,56,,,,Mischief,C,,Shuffle your opponent's deck.,Anger,FC,20+,"Flip a coin. If heads, this attack does 20 damage plus 20 more damage; if tails, this attack does 20 damage.",,,,,Sumiyoshi Kizuki,"Normally friendly, it quickly becomes angry if it doesn't get what it wants."
base5-62,base5,62,Meowth,Basic,,40,C,F,x2,P,-30,1,Common,52,,,,Coin Hurl,CC,,"Choose 1 of your opponent's Pokémon and flip a coin. If heads, this attack does 20 damage to that Pokémon. Don't apply Weakness and Resistance for this attack. (Any other effects that would happen after applying Weakness and Resistance still happen.)",,,,,,,,,Atsuko Nishida,"A popular Pokémon that earns money for its owner with its ""Pay Day"" ability."
base5-63,base5,63,Oddish,Basic,,50,G,R,x2,,,1,Common,43,,,,Sleep Powder,G,,The Defending Pokémon is now Asleep.,Poisonpowder,G,,The Defending Pokémon is now Poisoned.,,,,,Kagemaru Himeno,It wanders around at night sowing its seeds to create more Oddishes.
base5-64,base5,64,Ponyta,Basic,,50,R,W,x2,,,1,Common,77,,,,Ember,RC,30,Discard 1 Fire Energy card attached to Ponyta in order to use this attack.,,,,,,,,,Atsuko Nishida,"A gentle grass-eater, it will allow riders on its back. However, anyone attempting to do so must be careful not to get burned."
base5-65,base5,65,Psyduck,Basic,,50,W,L,x2,,,1,Common,54,,,,Dizziness,P,,Draw a card.,Water Gun,WC,20+,Does 20 damage plus 10 more damage for each Water Energy attached to Psyduck but not used to pay for this attack. You can't add more than 20 damage in this way.,,,,,Mitsuhiro Arita,"It is often seen holding its head in its paws, as if it were suffering from a headache."
base5-66,base5,66,Rattata,Basic,,40,C,F,x2,P,-30,0,Common,19,Pokémon Power,Trickery,"Once during your turn (before your attack), you may switch 1 of your Prizes with the top card of your deck. This power can't be used if Rattata is Asleep, Confused, or Paralyzed.",Quick Attack,C,10+,"Flip a coin. If heads, this attack does 10 damage plus 10 more damage; if tails, this attack does 10 damage.",,,,,,,,,Atsuko Nishida,"Loves to eat walnuts, chestnuts, cheese, and milk."
base5-67,base5,67,Slowpoke,Basic,,50,P,P,x2,,,1,Common,79,,,,Afternoon Nap,C,,Search your deck for a Psychic Energy card and attach it to Slowpoke. Shuffle your deck afterward.,Headbutt,P,10,,,,,,Sumiyoshi Kizuki,"Although it knows how to fish, no other intelligent behavior has been detected in it."
base5-68,base5,68,Squirtle,Basic,,50,W,L,x2,,,1,Common,7,,,,Shell Attack,CC,20,,,,,,,,,,Atsuko Nishida,Cute Pokémon that charms people with its innocent eyes. Loves swimming all day long.
base5-69,base5,69,Voltorb,Basic,,40,L,F,x2,,,1,Common,100,,,,Speed Ball,L,20,,,,,,,,,,Ken Sugimori,"Usually seen only in power plants, it is sometimes seen in towns, apparently using the power lines to travel."
base5-70,base5,70,Zubat,Basic,,40,G,P,x2,F,-30,0,Common,41,,,,Ram,C,10,,Bite,GC,20,,,,,,Mitsuhiro Arita,"Lives in dark caves. Can occasionally be seen at night, when it flies in search of food."
base5-83,base5,83,Dark Raichu,Stage 1,Pikachu,70,L,F,x2,,,1,Rare Secret,26,,,,Surprise Thunder,LLL,30,"Flip a coin. If heads, flip another coin. If the second coin is heads, this attack does 20 damage to each of your opponent's Benched Pokémon. If the second coin is tails, this attack does 10 damage to each of your opponent's Benched Pokémon. (Don't apply Weakness and Resistance for Benched Pokémon.)",,,,,,,,,Mitsuhiro Arita,"Stores up electricity in its body, then suddenly releases it to surprise and shock everyone."
base6-1,base6,1,Alakazam,Stage 2,Kadabra,80,P,P,x2,,,3,Rare Holo,65,Pokémon Power,Damage Swap,"As often as you like during your turn (before your attack), you may move 1 damage counter from 1 of your Pokémon to another as long as you don't Knock Out that Pokémon. This power can't be used if Alakazam is affected by a Special Condition.",Confuse Ray,PPP,30,"Flip a coin. If heads, the Defending Pokémon is now Confused.",,,,,,,,,Ken Sugimori,Its brain can outperform a supercomputer. Its intelligence quotient is said to be 5000.
base6-2,base6,2,Articuno,Basic,,70,W,,,F,-30,2,Rare Holo,144,,,,Freeze Dry,WWW,30,"Flip a coin. If heads, the Defending Pokémon is now Paralyzed.",Blizzard,WWWW,50,"Flip a coin. If heads, this attack does 10 damage to each of your opponent's Benched Pokémon. If tails, this attack does 10 damage to each of your own Benched Pokémon. (Don't apply Weakness and Resistance for Benched Pokémon.)",,,,,Mitsuhiro Arita,A legendary bird Pokémon that is said to appear to doomed people who are lost in icy mountains.
base6-3,base6,3,Charizard,Stage 2,Charmeleon,120,R,W,x2,F,-30,3,Rare Holo,6,Pokémon Power,Energy Burn,"As often as you like during your turn (before your attack), you may turn all Energy attached to Charizard into Fire Energy for the rest of the turn. This power can't be used if Charizard is affected by a Special Condition.",Fire Spin,RRRR,100,Discard 2 Energy cards attached to Charizard or this attack does nothing.,,,,,,,,,Mitsuhiro Arita,Spits fire that is hot enough to melt boulders. Known to unintentionally cause forest fires.
base6-4,base6,4,Dark Blastoise,Stage 2,Dark Wartortle,70,W,L,x2,,,2,Rare Holo,9,,,,Hydrocannon,WW,30+,Does 30 damage plus 20 more damage for each Water Energy attached to Dark Blastoise but not used to pay for this attack's Energy cost. You can't add more than 40 damage in this way.,Rocket Tackle,WCC,40,"Dark Blastoise does 10 damage to itself. Flip a coin. If heads, prevent all damage done to Dark Blastoise during your opponent's next turn. (Any other effects of attacks still happen.)",,,,,Mitsuhiro Arita,An aggressive Pokémon that tackles anything it sees.
base6-5,base6,5,Dark Dragonite,Stage 2,Dark Dragonair,70,C,,,F,-30,2,Rare Holo,149,Pokémon Power,Summon Minions,"When you play Dark Dragonite from your hand, search your deck for up to 2 Basic Pokémon and put them onto your Bench. Shuffle your deck afterward.",Giant Tail,CCCC,70,"Flip a coin. If tails, this attack does nothing.",,,,,,,,,Mitsuhiro Arita,"Sometimes called ""The God of Destruction."" Its wings are able to support it in spite of its massive weight."
base6-6,base6,6,Dark Persian,Stage 1,Meowth,60,C,F,x2,P,-30,0,Rare Holo,53,,,,Fascinate,C,,"Flip a coin. If heads, choose 1 of your opponent's Benched Pokémon and switch it with the Defending Pokémon. This attack can't be used if your opponent has no Benched Pokémon.",Poison Claws,CC,10,"Flip a coin. If heads, the Defending Pokémon is now Poisoned.",,,,,Shin-ichi Yoshida,Popular with women because of its beautiful fur. The leader of the Rockets keeps one as a pet.
base6-7,base6,7,Dark Raichu,Stage 1,Pikachu,70,L,F,x2,,,1,Rare Holo,26,,,,Surprise Thunder,LLL,30,"Flip a coin. If heads, flip another coin. If the second coins is heads, this attack does 20 damage to each of your opponent's Benched Pokémon. If the second coin is tails, this attack does 10 damage to each of your opponent's Benched Pokémon. (Don't apply Weakness and Resistance for Benched Pokémon.)",,,,,,,,,Mitsuhiro Arita,"Stores up electricity in its body, then suddenly releases it to surprise and shock everyone."
base6-8,base6,8,Dark Slowbro,Stage 1,Slowpoke,60,P,P,x2,,,2,Rare Holo,80,Pokémon Power,Reel In,"When you play Dark Slowbro from your hand, choose up to 3 Basic Pokémon and/or Evolution cards from your discard pile and put them into your hand.",Fickle Attack,PP,40,"Flip a coin. If tails, this attack does nothing.",,,,,,,,,Mitsuhiro Arita,"It loves nothing better than to be left alone, and so sometimes ends up being manipulated by unscrupulous people."
base6-9,base6,9,Dark Vaporeon,Stage 1,Eevee,60,W,L,x2,,,1,Rare Holo,134,,,,Bite,CCC,30,,Whirlpool,WWC,20,"If the Defending Pokémon has any Energy cards attached to it, choose 1 of them and discard it.",,,,,Mitsuhiro Arita,"A Pokémon capable of controlling water, so it is capable of creating giant whirlpools."
base6-10,base6,10,Flareon,Stage 1,Eevee,70,R,W,x2,,,1,Rare Holo,136,,,,Quick Attack,CC,10+,"Flip a coin. If heads, this attack does 10 damage plus 20 more damage; if tails, this attack does 10 damage.",Flamethrower,RRCC,60,Discard 1 Fire Energy card attached to Flareon or this attack does nothing.,,,,,Kagemaru Himeno,"When storing thermal energy in its body, its temperature could soar to over 1600 degrees."
base6-11,base6,11,Gengar,Stage 2,Haunter,80,P,,,F,-30,1,Rare Holo,94,Pokémon Power,Curse,"Once during your turn (before your attack), you may move 1 damage counter from 1 of your opponent's Pokémon to another (even if it would Knock Out the other Pokémon). This power can't be used if Gengar is affected by a Special Condition.",Dark Mind,PPP,30,"If your opponent has any Benched Pokémon, choose 1 of them and this attack does 10 damage to it. (Don't apply Weakness and Resistance for Benched Pokémon.)",,,,,,,,,Keiji Kinebuchi,"Under a full moon, this Pokémon like to mimic the shadows of people and laugh at their fright."
base6-12,base6,12,Gyarados,Stage 1,Magikarp,100,W,G,x2,F,-30,3,Rare Holo,130,,,,Dragon Rage,WWW,50,,Bubblebeam,WWWW,40,"Flip a coin. If heads, the Defending Pokémon is now Paralyzed.",,,,,Mitsuhiro Arita,"Rarely seen in the wild. Huge and vicious, it is capable of destroying entire cities in a rage."
base6-13,base6,13,Hitmonlee,Basic,,60,F,P,x2,,,1,Rare Holo,106,,,,Stretch Kick,FF,,"Choose 1 of your opponent's Benched Pokémon, and this attack does 20 damage to it. (Don't apply Weakness and Resistance for Benched Pokémon.)",High Jump Kick,FFF,50,,,,,,Ken Sugimori,"When in a hurry, its legs lengthen progressively. It runs smoothly with extra long, loping strides."
base6-14,base6,14,Jolteon,Stage 1,Eevee,70,L,F,x2,,,1,Rare Holo,135,,,,Quick Attack,CC,10+,"Flip a coin. If heads, this attack does 10 damage plus 20 more damage; if tails, this attack does 10 damage.",Pin Missle,LLC,20×,Flip 4 coins. This attack does 20 damage times the number of heads.,,,,,Kagemaru Himeno,"It accumulates negative ions from the atmosphere to blast out 10,000-volt lightning bolts."
base6-15,base6,15,Machamp,Stage 2,Machoke,100,F,P,x2,,,3,Rare Holo,68,Pokémon Power,Strikes Back,"Whenever your opponent's attack damages Machamp (even if Machamp is Knocked Out), this power does 10 damage to the attacking Pokémon. (Don't apply Weakness and Resistance.) This power can't be used if Machamp is already affected by a Special Condition when your opponent attacks.",Seismic Toss,FFFC,60,,,,,,,,,,Ken Sugimori,"Using its amazing muscles, it throws powerful punches that can knock its victim clear over the horizon."
base6-16,base6,16,Muk,Stage 1,Grimer,70,G,P,x2,,,2,Rare Holo,89,Pokémon Power,Toxic Gas,Ignore all Pokémon Powers other than Toxic Gases. This power stops working while Muk is affected by a Special Condition.,Sludge,GGG,30,"Flip a coin. If heads, the Defending Pokémon is now Poisoned.",,,,,,,,,Mitsuhiro Arita,"Thickly covered with a filthy, vile sludge. It is so toxic, even its footprints contain poison."
base6-17,base6,17,Ninetales,Stage 1,Vulpix,80,R,W,x2,,,1,Rare Holo,38,,,,Lure,CC,,"If your opponent has any Benched Pokémon, choose 1 of them and switch it with the Defending Pokémon.",Fire Blast,RRRR,80,Discard 1 Fire Energy card attached to Ninetales or this attack does nothing.,,,,,Ken Sugimori,"Very smart and very vengeful. Grabbing one of its many tails could result in a 1,000-year curse."
base6-18,base6,18,Venusaur,Stage 2,Ivysaur,100,G,R,x2,,,2,Rare Holo,3,Pokémon Power,Energy Trans,"As often as you like during your turn (before your attack), you may take 1 Grass Energy card attached to 1 of your Pokémon and attach it to a different one. This power can't be used if Venusaur is affected by a Special Condition.",Solarbeam,GGGG,60,,,,,,,,,,Mitsuhiro Arita,This plant blooms when it is absorbing solar energy. It stays on the move to seek sunlight.
base6-19,base6,19,Zapdos,Basic,,90,L,,,F,-30,3,Rare Holo,145,,,,Thunder,LLLC,60,"Flip a coin. If tails, Zapdos does 30 damage to itself.",Thunderbolt,LLLL,100,Discard all Energy cards attached to Zapdos or this attack does nothing.,,,,,Ken Sugimori,A legendary bird Pokémon said to appear from clouds while wielding enormous lightning bolts.
base6-20,base6,20,Beedrill,Stage 2,Kakuna,80,G,R,x2,F,-30,0,Rare,15,,,,Twineedle,CCC,30×,Flip 2 coins. This attack does 30 damage times the number of heads.,Poison Sting,GGG,40,"Flip a coin. If heads, the Defending Pokémon is now Poisoned.",,,,,Ken Sugimori,"Flies at high speed and attacks using the large, venomous stingers on its forelegs and tail."
base6-21,base6,21,Butterfree,Stage 2,Metapod,70,G,R,x2,F,-30,0,Rare,12,,,,Whirlwind,CC,20,"Your opponent switches the Defending Pokémon with 1 of his or her Benched Pokémon, if any. (Do the damage before switching the Pokémon.)",Mega Drain,GGGG,40,"Remove a number of damage counters from Butterfree equal of half the damage done to the Defending Pokémon (after applying Weakness and Resistance) (rounded up to the nearest 10). If Butterfree has fewer damage counters that that, remove all of them.",,,,,Kagemaru Himeno,"In battle, it flaps its wings at high speed to release highly toxic dust into the air."
base6-22,base6,22,Electrode,Stage 1,Voltorb,90,L,F,x2,,,1,Rare,101,,,,Tackle,CC,20,,Chain Lightning,LLL,20,"If the Defending Pokémon isn't Colorless, this attack does 10 damage to each Benched Pokémon of the same type as the Defending Pokémon (including your own). (Don't apply Weakness and Resistance for Benched Pokémon.)",,,,,Mitsuhiro Arita,It stores electrical energy under very high pressure. It often explodes with little or no provocation.
base6-23,base6,23,Exeggutor,Stage 1,Exeggcute,80,G,R,x2,,,3,Rare,103,,,,Teleport,P,,Switch Exeggutor with 1 of your Benched Pokémon.,Big Eggsplosion,C,20×,Flip a number of coins equal to the number of Energy attached to Exeggutor. This attack does 20 damage times the number of heads.,,,,,Kagemaru Himeno,"Legend has it that on rare occasions, one of its heads will drop off and continue on as an Exeggcute."
base6-24,base6,24,Golem,Stage 2,Graveler,80,F,G,x2,,,4,Rare,76,,,,Avalanche,FFFC,60,,Selfdestruct,FFFF,100,Does 20 damage to each Pokémon on each player's Bench. (Don't apply Weakness and Resistance for Benched Pokémon.) Golem does 100 damage to itself.,,,,,Kagemaru Himeno,Its boulder-like body is extremely hard. It can easily withstand dynamite blasts without damage.
base6-25,base6,25,Hypno,Stage 1,Drowzee,90,P,P,x2,,,2,Rare,97,,,,Prophecy,P,,Look at up to 3 cards from the top of either player's deck and rearrange them as you like.,Dark Mind,PPP,30,"If your opponent has any Benched Pokémon, choose 1 of them and this attack does 10 damage to it. (Don't apply Weakness and Resistance for Benched Pokémon.)",,,,,Ken Sugimori,"When it locks eyes with an enemy, it will use a mix of psi moves such as Hypnosis and Confusion."
base6-26,base6,26,Jynx,Basic,,70,P,P,x2,,,2,Rare,124,,,,Doubleslap,P,10×,Flip 2 coins. This attack does 10 damage times the number of heads.,Meditate,PPC,20+,Does 20 damage plus 10 more damage for each damage counter on the Defending Pokémon.,,,,,Ken Sugimori,"Merely by meditating, the Pokémon launches a powerful psychic energy attack."
base6-27,base6,27,Kabutops,Stage 2,Kabuto,60,F,G,x2,,,1,Rare,141,,,,Sharp Sickle,FF,30,,Absorb,FFFF,40,"Remove a number of damage counters from Kabutops equal to half the damage done to the Defending Pokémon (after applying Weakness and Resistance) (rounded up to the nearest 10). If Kabutops has fewer damage counters than that, remove all of them.",,,,,Ken Sugimori,Its sleek shape is perfect for swimming. It slashes prey with its claws and drains the body fluids.
base6-28,base6,28,Magneton,Stage 1,Magnemite,80,L,F,x2,,,2,Rare,82,,,,Sonicboom,LC,20,Don't apply Weakness and Resistance for this attack. (Any other effects that would happen after applying Weakness and Resistance still happen.),Selfdestruct,LLLL,100,Does 20 damage to each Pokémon on each player's Bench. (Don't apply Weakness and Resistance for Benched Pokémon.) Magneton does 100 damage to itself.,,,,,Ken Sugimori,Formed by several Magnemites linked together. They frequently appear when sunspots flare up.
base6-29,base6,29,Mewtwo,Basic,,60,P,P,x2,,,2,Rare,150,,,,Energy Control,P,,"Flip a coin. If heads, choose a basic Energy card attached to 1 of your opponent's Pokémon and attach it to another of your opponent's Pokémon of your choice.",Telekinesis,PPP,,Choose 1 of your opponent's Pokémon. This attack does 30 damage to that Pokémon. Don't apply Weakness and Resistance for this attack. (Any other effects that would happen after applying Weakness and Resistance still happen.),,,,,Christopher Rush,A scientist created this Pokémon after years of horrific gene-splicing and DNA engineering experiments.
base6-30,base6,30,Moltres,Basic,,70,R,,,F,-30,2,Rare,146,,,,Wildfire,R,,"You may discard any number of Fire Energy cards attached to Moltres when you use this attack. If you do, discard that many cards from the top of your opponent's deck.",Dive Bomb,RRRR,80,"Flip a coin. If tails, this attack does nothing.",,,,,Mitsuhiro Arita,Known as the legendary bird of fire. Every flap of its wings creates a dazzling flash of flames.
base6-31,base6,31,Nidoking,Stage 2,Nidorino,90,G,P,x2,,,3,Rare,34,,,,Thrash,GCC,30+,"Flip a coin. If heads, this attack does 30 damage plus 10 more damage; if tails, this attack does 30 damage and Nidoking does 10 damage to itself.",Toxic,GGG,20,The Defending Pokémon is now Poisoned. It now takes 20 Poison damage instead of 10 after each player's turn (even if it was already Poisoned).,,,,,Ken Sugimori,"Uses its powerful tail in battle to smash, constrict, then break its prey's bones."
base6-32,base6,32,Nidoqueen,Stage 2,Nidorina,90,G,P,x2,,,3,Rare,31,,,,Boyfriends,GC,20+,Does 20 damage plus 20 more damage for each Nidoking you have in play.,Mega Punch,GGCC,50,,,,,,Ken Sugimori,Its hard scales provide strong protection. It uses its hefty bulk to execute powerful moves.
base6-33,base6,33,Pidgeot,Stage 2,Pidgeotto,80,C,L,x2,F,-30,0,Rare,18,,,,Wing Attack,CC,20,,Hurricane,CCC,30,"Unless this attack Knocks Out the Defending Pokémon, return the Defending Pokémon and all cards attached to it to your opponent's hand.",,,,,Kagemaru Himeno,"When hunting, it skims the surface of water at high speed to pick off unwary prey such as Magikarp."
base6-34,base6,34,Pidgeotto,Stage 1,Pidgey,60,C,L,x2,F,-30,1,Rare,17,,,,Whirlwind,CC,20,"Your opponent switches the Defending Pokémon with 1 of his or her Benched Pokémon, if any. (Do the damage before switching the Pokémon.)",Mirror Move,CCC,,"If Pidgeotto was attacked last turn, do the final result of that attack on Pidgeotto to the Defending Pokémon.",,,,,Ken Sugimori,"Very protective of its sprawling territory, this Pokémon will fiercely peck at any intruder."
base6-35,base6,35,Rhydon,Stage 1,Rhyhorn,100,F,G,x2,L,-30,3,Rare,112,,,,Horn Attack,FCC,30,,Ram,FFFF,50,"Rhydon does 20 damage to itself. Your opponent switches the Defending Pokémon with 1 of his or her Benched Pokémon, if any. (Do the damage before switching the Pokémon. Switch the Pokémon even if Rhydon is Knocked Out.)",,,,,Kagemaru Himeno,"Protected by an armor-like hide, it is capable of living in molten lava of 3600 degrees."
base6-36,base6,36,Arcanine,Stage 1,Growlithe,100,R,W,x2,,,3,Uncommon,59,,,,Flamethrower,RRC,50,Discard 1 Fire Energy card attached to Arcanine or this attack does nothing.,Take Down,RRCC,80,Arcanine does 30 damage to itself.,,,,,Ken Sugimori,"A Pokémon that has been long admired for its beauty. It runs gracefully, as if on wings."
base6-37,base6,37,Charmeleon,Stage 1,Charmander,80,R,W,x2,,,1,Uncommon,5,,,,Slash,CCC,30,,Flamethrower,RRC,50,Discard 1 Fire Energy card attached to Charmeleon or this attack does nothing.,,,,,Mitsuhiro Arita,"When it swings its burning tail, it raises the temperature to unbearably high levels."
base6-38,base6,38,Dark Dragonair,Stage 1,Dratini,60,C,,,P,-30,2,Uncommon,148,Pokémon Power,Evolutionary Light,"Once during your turn (before your attack), you may search your deck for an Evolution card. Show it to your opponent and put it into your hand. Shuffle your deck afterward. This power can't be used if Dark Dragonair is affected by a Special Condition.",Tail Strike,CCC,20+,"Flip a coin. If heads, this attack does 20 damage plus 20 more damage; if tails, this attack does 20 damage.",,,,,,,,,Kagemaru Himeno,"As is fitting for a legendary Pokémon, it has many strange powers, including the ability to make rain or snow fall."
base6-39,base6,39,Dark Wartortle,Stage 1,Squirtle,60,W,L,x2,,,1,Uncommon,8,,,,Doubleslap,W,10×,Flip 2 coins. This attack does 10 damage times the number of heads.,Mirror Shell,WC,,"If an attack does damage to Dark Wartortle during your opponent's next turn (even if Dark Wartortle is Knocked Out), Dark Wartortle does an equal amount of damage to the Defending Pokémon.",,,,,Kagemaru Himeno,"A Pokémon with a negative attitude, it hides in its shell whenever it's in a bad mood—which is often."
base6-40,base6,40,Dewgong,Stage 1,Seel,80,W,L,x2,,,3,Uncommon,87,,,,Aurora Beam,WWC,50,,Ice Beam,WWCC,30,"Flip a coin. If heads, the Defending Pokémon is now Paralyzed.",,,,,Mitsuhiro Arita,Stores thermal energy in its body. Swims at a steady 8 knots even in intensely cold waters.
base6-41,base6,41,Dodrio,Stage 1,Doduo,70,C,L,x2,F,-30,0,Uncommon,85,Pokémon Power,Retreat Aid,"As long as Dodrio is Benched, pay Colorless less to retreat your Active Pokémon.",Rage,CCC,10+,Does 10 damage plus 10 more damage for each damage counter on Dodrio.,,,,,,,,,Mitsuhiro Arita,"Uses its three brains to execute complex plans. While two heads sleep, one head stays awake."
base6-42,base6,42,Fearow,Stage 1,Spearow,70,C,L,x2,F,-30,0,Uncommon,22,,,,Agility,CCC,20,"Flip a coin. If heads, during your opponent's next turn, prevent all effects of attacks, including damage, done to Fearow.",Drill Peck,CCCC,40,,,,,,Mitsuhiro Arita,"With its huge and magnificent wings, it can keep aloft without ever having to land for rest."
base6-43,base6,43,Golduck,Stage 1,Psyduck,70,W,L,x2,,,1,Uncommon,55,,,,Psyshock,P,10,"Flip a coin. If heads, the Defending Pokémon is now Paralyzed.",Hyper Beam,WWC,20,"If the Defending Pokémon has any Energy cards attached to it, choose 1 of them and discard it.",,,,,Kagemaru Himeno,"Often seen swimming elegantly by lake shores. It is often mistaken for the Japanese monster, Kappa."
base6-44,base6,44,Graveler,Stage 1,Geodude,60,F,G,x2,,,2,Uncommon,75,,,,Harden,FF,,"During your opponent's next turn, whenever 30 or less damage is done to Graveler (after applying Weakness and Resistance), prevent that damage. (Any other effects of attacks still happen.)",Rock Throw,FFC,40,,,,,,Kagemaru Himeno,Rolls down slopes to move. It rolls over any obstacle without slowing or changing its direction.
base6-45,base6,45,Growlithe,Basic,,60,R,W,x2,,,1,Uncommon,58,,,,Flare,RC,20,,,,,,,,,,Ken Sugimori,Very protective of its territory. It will bark and bite to repel intruders from its space.
base6-46,base6,46,Haunter,Stage 1,Gastly,50,P,,,F,-30,0,Uncommon,93,Pokémon Power,Transparency,"Whenever an attack does anything to Haunter, flip a coin. If heads, prevent all effects of that attack, including damage, done to Haunter. This power stops working while Haunter is affected by a Special Condition.",Nightmare,PC,10,The Defending Pokémon is now Asleep.,,,,,,,,,Ken Sugimori,"Because of its ability to slip through block walls, it is said to be from another dimension."
base6-47,base6,47,Ivysaur,Stage 1,Bulbasaur,60,G,R,x2,,,1,Uncommon,2,,,,Vine Whip,GCC,30,,Poisonpowder,GGG,20,The Defending Pokémon is now Poisoned.,,,,,Ken Sugimori,"When the bulb on its back grows large, the Pokémon seems to lose the ability to stand on its hind legs."
base6-48,base6,48,Kabuto,Stage 1,Mysterious Fossil,30,F,G,x2,,,1,Uncommon,140,Pokémon Power,Kabuto Armor,"Whenever an attack (even your own) does damage to Kabuto (after applying Weakness and Resistance), that attack does only half the damage to Kabuto (rounded down to the nearest 10). (Any other effects of attacks still happen.) This power stops working while Kabuto is affected by a Special Condition.",Scratch,C,10,,,,,,,,,,Ken Sugimori,A Pokémon that was resurrected from a fossil found in what was once the ocean floor eons ago.
base6-49,base6,49,Kadabra,Stage 1,Abra,60,P,P,x2,,,3,Uncommon,64,,,,Recover,PP,,Discard 1 Psychic Energy card attached to Kadabra or this attack does nothing. Remove all damage counters from Kadabra.,Super Psy,PPC,50,,,,,,Ken Sugimori,It emits special alpha waves from its body that induce headaches even to those just nearby.
base6-50,base6,50,Kakuna,Stage 1,Weedle,80,G,R,x2,,,2,Uncommon,14,,,,Stiffen,CC,,"Flip a coin. If heads, prevent all damage done to Kakuna during your opponent's next turn. (Any other effects of attacks still happen.)",Poisonpowder,GG,20,"Flip a coin. If heads, the Defending Pokémon is now Poisoned.",,,,,Keiji Kinebuchi,"Almost incapable of moving, this Pokémon can only harden its shell to protect itself from predators."
base6-51,base6,51,Machoke,Stage 1,Machop,80,F,P,x2,,,3,Uncommon,67,,,,Karate Chop,FFC,50-,Does 50 damage minus 10 damage for each damage counter on Machoke.,Submission,FFCC,60,Machoke does 20 damage to itself.,,,,,Ken Sugimori,Its muscular body is so powerful that it must wear a power-save belt to help regulate its motions.
base6-52,base6,52,Magikarp,Basic,,30,W,L,x2,,,1,Uncommon,129,,,,Tackle,C,10,,Flail,W,10×,Does 10 damage times the number of damage counters on Magikarp.,,,,,Mitsuhiro Arita,"In the distant past, it was stronger than its horribly weak descendants that exist today."
base6-53,base6,53,Meowth,Basic,,50,C,F,x2,P,-30,1,Uncommon,52,,,,Pay Day,CC,10,"Flip a coin. If heads, draw a card.",,,,,,,,,Mitsuhiro Arita,Adores circular objects. Wanders the streets on a nightly basis to look for dropped loose change.
base6-54,base6,54,Metapod,Stage 1,Caterpie,70,G,R,x2,,,2,Uncommon,11,,,,Stiffen,CC,,"Flip a coin. If heads, prevent all damage done to Metapod during your opponent's next turn. (Any other effects of attacks still happen.)",Stun Spore,GG,20,"Flip a coin. If heads, the Defending Pokémon is now Paralyzed.",,,,,Ken Sugimori,"It is vulnerable to attack because its shell is soft, exposing its weak and tender body."
base6-55,base6,55,Nidorina,Stage 1,Nidoran ♀,70,G,P,x2,,,1,Uncommon,30,,,,Supersonic,G,,"Flip a coin. If heads, the Defending Pokémon is now Confused.",Double Kick,GCC,30×,Flip 2 coins. This attack does 30 damage times the number of heads.,,,,,Ken Sugimori,The female's horn develops slowly. Prefers physical attacks such as clawing and biting.
base6-56,base6,56,Nidorino,Stage 1,Nidoran ♂,60,G,P,x2,,,1,Uncommon,33,,,,Double Kick,GCC,30×,Flip 2 coins. This attack does 30 damage times the number of heads.,Horn Drill,GGCC,50,,,,,,Mitsuhiro Arita,An aggressive Pokémon that is quick to attack. The horn on its head secretes a powerful venom.
base6-57,base6,57,Omanyte,Stage 1,Mysterious Fossil,40,W,G,x2,,,1,Uncommon,138,Pokémon Power,Clairvoyance,Your opponent plays with his or her hand face up. This power stops working while Omanyte is affected by a Special Condition.,Water Gun,W,10+,Does 10 damage plus 10 more damage for each Water Energy attached to Omanyte but not used to pay for this attack's Energy cost. You can't add more than 20 damage in this way.,,,,,,,,,Kagemaru Himeno,"Although long extinct, in rare cases, it can be genetically resurrected from fossils."
base6-58,base6,58,Omastar,Stage 2,Omanyte,70,W,G,x2,,,1,Uncommon,139,,,,Water Gun,WC,20+,Does 20 damage plus 10 more damage for each Water Energy attached to Omastar but not used to pay for this attack's Energy cost. You can't add more than 20 damage in this way.,Spike Cannon,WW,30×,Flip 2 coins. This attack does 30 damage times the number of heads.,,,,,Ken Sugimori,A prehistoric Pokémon that died out when its heavy shell made it impossible for it to catch prey.
base6-59,base6,59,Primeape,Stage 1,Mankey,70,F,P,x2,,,1,Uncommon,57,,,,Fury Swipes,FF,20×,Flip 3 coins. This attack does 20 damage times the number of heads.,Tantrum,FFC,50,"Flip a coin. If tails, Primeape is now Confused (after doing damage).",,,,,Kagemaru Himeno,Always furious and tenacious to boot. It will not abandon chasing its quarry until its quarry is caught.
base6-60,base6,60,Rapidash,Stage 1,Ponyta,70,R,W,x2,,,0,Uncommon,78,,,,Stomp,CC,20+,"Flip a coin. If heads, this attack does 20 damage plus 10 more damage; if tails, this attack does 20 damage.",Agility,RRC,30,"Flip a coin. If heads, during your opponent's next turn, prevent all effects of attacks, including damage, done to Rapidash.",,,,,Mitsuhiro Arita,"Very competitive, this Pokémon will chase anything that moves fast in the hope of racing it."
base6-61,base6,61,Raticate,Stage 1,Rattata,60,C,F,x2,P,-30,1,Uncommon,20,,,,Bite,C,20,,Super Fang,CCC,?,Does damage to the Defending Pokémon equal to half the Defending Pokémon's remaining HP (rounded up to the nearest 10).,,,,,Ken Sugimori,It uses its whiskers to maintain its balance. It seems to slow down if they are cut off.
base6-62,base6,62,Sandslash,Stage 1,Sandshrew,70,F,G,x2,L,-30,1,Uncommon,28,,,,Slash,CC,20,,Fury Swipes,FF,20×,Flip 3 coins. This attack does 20 damage times the number of heads.,,,,,Ken Sugimori,Curls up into a spiny ball when threatened. It can roll while curled up to attack or escape.
base6-63,base6,63,Seadra,Stage 1,Horsea,60,W,L,x2,,,1,Uncommon,117,,,,Water Gun,WC,20+,Does 20 damage plus 10 more damage for each Water Energy attached to Seadra but not used to pay for this attack's Energy cost. You can't add more than 20 damage in this way.,Agility,WCC,20,"Flip a coin. If heads, during your opponent's next turn, prevent all effects of attacks, including damage, done to Seadra.",,,,,Ken Sugimori,Capable of swimming backward by rapidly flapping its wing-like pectoral fins and stout tail.
base6-64,base6,64,Snorlax,Basic,,90,C,F,x2,P,-30,4,Uncommon,143,Pokémon Power,Thick Skinned,"Snorlax can't become Asleep, Confused, Paralyzed, Poisoned, or Burned. This power stops working while Snorlax is affected by a Special Condition.",Body Slam,CCCC,30,Flip a coin. If heads the Defending Pokémon is now Paralyzed.,,,,,,,,,Ken Sugimori,"Very lazy. Just eats and sleeps. As its rotund bulk builds, it becomes steadily more slothful."
base6-65,base6,65,Tauros,Basic,,60,C,F,x2,P,-30,2,Uncommon,128,,,,Stomp,CC,20+,"Flip a coin. If heads, this attack does 20 damage plus 10 more damage; if tails, this attack does 20 damage.",Rampage,CCC,20+,"Does 20 damage plus 10 more damage for each damage counter on Tauros. Flip a coin. If tails, Tauros is now Confused (after doing damage).",,,,,Kagemaru Himeno,"When it targets an enemy, it charges furiously while whipping its body with its long tails."
base6-66,base6,66,Tentacruel,Stage 1,Tentacool,60,W,L,x2,,,0,Uncommon,73,,,,Supersonic,W,,"Flip a coin. If heads, the Defending Pokémon is now Confused.",Jellyfish Sting,WW,10,The Defending Pokémon is now Poisoned.,,,,,Kagemaru Himeno,"The tentacles are normally kept short. On hunts, the are extended to ensnare and immobilize prey."
base6-67,base6,67,Abra,Basic,,30,P,P,x2,,,0,Common,63,,,,Psyshock,P,10,"Flip a coin. If heads, the Defending Pokémon is now Paralyzed.",,,,,,,,,Mitsuhiro Arita,"Using its ability to read minds, it will identify impending danger and teleport to safety."
base6-68,base6,68,Bulbasaur,Basic,,40,G,R,x2,,,1,Common,1,,,,Leech Seed,GG,20,"Unless all damage from this attack is prevented, you may remove 1 damage counter from Bulbasaur.",,,,,,,,,Mitsuhiro Arita,"A strange seed was planted on its back at birth. Thus, a plant sprouted and now grows with this Pokémon."
base6-69,base6,69,Caterpie,Basic,,40,G,R,x2,,,1,Common,10,,,,String Shot,G,10,"Flip a coin. If heads, the Defending Pokémon is now Paralyzed.",,,,,,,,,Ken Sugimori,Its short feet are tipped with suction pads that enable it to tirelessly climb slopes and walls.
base6-70,base6,70,Charmander,Basic,,50,R,W,x2,,,1,Common,4,,,,Scratch,C,10,,Ember,RC,30,Discard 1 Fire Energy card attached to Charmander or this attack does nothing.,,,,,Mitsuhiro Arita,"Obviously prefers hot places. If it gets caught in the rain, steam is said to spout from the tip of its tail."
base6-71,base6,71,Doduo,Basic,,50,C,L,x2,F,-30,0,Common,84,,,,Fury Attack,C,10×,Flip 2 coins. This attack does 10 damage times the number of heads.,,,,,,,,,Mitsuhiro Arita,A bird that makes up for its poor flying with its fast foot speed. Leaves giant footprints.
base6-72,base6,72,Dratini,Basic,,40,C,,,P,-30,1,Common,147,,,,Pound,C,10,,,,,,,,,,Ken Sugimori,"Long considered a mythical Pokémon until recently, when a small colony was found living underwater."
base6-73,base6,73,Drowzee,Basic,,50,P,P,x2,,,1,Common,96,Pokémon Power,Long-Distance Hypnosis,"Once during your turn (before your attack), you may flip a coin. If heads, the Defending Pokémon is now Asleep; if tails, your Active Pokémon is now Asleep. The power can't be used if Drowzee is affected by a Special Condition.",Nightmare,PC,10,The Defending Pokémon is now Asleep.,,,,,,,,,Kagemaru Himeno,Not popular with girls because of its attitude. Can often be heard muttering to itself in a low voice.
base6-74,base6,74,Eevee,Basic,,50,C,F,x2,P,-30,1,Common,133,,,,Tail Wag,C,,"Flip a coin. If heads, the Defending Pokémon can't attack Eevee during your opponent's next turn. (Benching either Pokémon ends this effect.)",Quick Attack,CC,10+,"Flip a coin. If heads, this attack does 10 damage plus 20 more damage; if tails, this attack does 10 damage.",,,,,Kagemaru Himeno,Its genetic code is irregular. It may mutate if it is exposed to radiation from elemental stones.
base6-75,base6,75,Exeggcute,Basic,,50,G,R,x2,,,1,Common,102,,,,Hypnosis,P,,The Defending Pokémon is now Asleep.,Leech Seed,GG,20,"Unless all damage from this attack is prevented, you may remove 1 damage counter from Exeggcute.",,,,,Mitsuhiro Arita,"Often mistaken for eggs. When disturbed, they quickly gather and attack in swarms."
base6-76,base6,76,Gastly,Basic,,50,P,,,F,-30,0,Common,92,,,,Lick,C,10,"Flip a coin. If heads, the Defending Pokémon is now Paralyzed.",Energy Conversion,PP,,Put up to 2 Energy cards from your discard pile into your hand. Gastly does 10 damage to itself.,,,,,Mitsuhiro Arita,"A mysterious Pokémon. Some say it is a lifeform from another dimension, while others believe it is formed from smog."
base6-77,base6,77,Geodude,Basic,,50,F,G,x2,,,1,Common,74,,,,Stone Barrage,FC,10×,Flip a coin until you get tails. This attack does 10 damage times the number of heads.,,,,,,,,,Kagemaru Himeno,"Found in fields and mountains. Mistaking them for boulders, people often step or trip on them."
base6-78,base6,78,Grimer,Basic,,50,G,P,x2,,,1,Common,88,,,,Nasty Goo,C,10,"Flip a coin. If heads, the Defending Pokémon is now Paralyzed.",Minimized,G,,All damage done by attacks to Grimer during your opponent's next turn is reduced by 20 (after applying Weakness and Resistance).,,,,,Mitsuhiro Arita,Appears in filthy areas. Thrives by sucking up polluted sludge that is pumped out of factories.
base6-79,base6,79,Machop,Basic,,50,F,P,x2,,,1,Common,66,,,,Punch,CC,20,,Kick,FCC,30,,,,,,Ken Sugimori,It's said that not even pro wrestlers can take down a Machop.
base6-80,base6,80,Magnemite,Basic,,40,L,F,x2,,,1,Common,81,,,,Thunder Wave,L,10,"Flip a coin. If heads, the Defending Pokémon is now Paralyzed.",Selfdestruct,LC,40,Does 10 damage to each Pokémon on each player's Bench. (Don't apply Weakness and Resistance for Benched Pokémon.) Magnemite does 40 damage to itself.,,,,,Keiji Kinebuchi,Uses anti-gravity to stay suspended. Appears without warning and uses attacks like Thunder Wave.
base6-81,base6,81,Mankey,Basic,,40,F,P,x2,,,0,Common,56,,,,Mischief,C,,Shuffle your opponent's deck.,Anger,FC,20+,"Flip a coin. If heads, this attack does 20 damage plus 20 more damage; if tails, this attack does 20 damage.",,,,,Sumiyoshi Kizuki,"Normally friendly, it quickly becomes angry if it doesn't get what it wants."
base6-82,base6,82,Nidoran ♀,Basic,,60,G,P,x2,,,1,Common,29,,,,Fury Swipes,G,10×,Flip 3 coins. This attack does 10 damage times the number of heads.,Call for Family,GG,,Search your deck for a Basic Pokémon named Nidoran ♀ or Nidoran ♂ and put it onto your Bench. Shuffle your deck afterward. (You can't use this attack if your Bench is full.),,,,,Ken Sugimori,"Although small, its venomous barbs make this Pokémon dangerous. The female has smaller horns."
base6-83,base6,83,Nidoran ♂,Basic,,40,G,P,x2,,,1,Common,32,,,,Horn Hazard,G,30,"Flip a coin. If tails, this attack does nothing.",,,,,,,,,Ken Sugimori,"Stiffens its ears to sense danger. The larger, more powerful of its horns secretes venom."
base6-84,base6,84,Onix,Basic,,90,F,G,x2,,,3,Common,95,,,,Rock Throw,F,10,,Harden,FF,,"During your opponent's next turn, whenever 30 or less damage is done to Onix (after applying Weakness and Resistance), prevent that damage. (Any other effects of attacks still happen.)",,,,,Ken Sugimori,"As it grows, the stone portions of its body harden to become similar to a diamond, though colored black."
base6-85,base6,85,Pidgey,Basic,,40,C,L,x2,F,-30,1,Common,16,,,,Whirlwind,CC,10,"Your opponent switches the Defending Pokémon with 1 of his or her Benched Pokémon, if any. (Do the damage before switching the Pokémon.)",,,,,,,,,Ken Sugimori,A common sight in forests and woods. It flaps its wings at ground level to kick up blinding sand.
base6-86,base6,86,Pikachu,Basic,,50,L,F,x2,,,1,Common,25,,,,Spark,LL,20,"If your opponent has any Benched Pokémon, choose 1 of them and this attack does 10 damage to it. (Don't apply Weakness and Resistance for Benched Pokémon.)",,,,,,,,,Ken Sugimori,"When several of these Pokémon gather, their electricity can build and cause lightning storms."
base6-87,base6,87,Ponyta,Basic,,40,R,W,x2,,,1,Common,77,,,,Smash Kick,CC,20,,Flame Tail,RR,30,,,,,,Ken Sugimori,Its hooves are 10 times harder than diamonds. It can trample anything flat in moments.
base6-88,base6,88,Psyduck,Basic,,50,W,L,x2,,,1,Common,54,,,,Dizziness,P,,Draw a card.,Water Gun,WC,20+,Does 20 damage plus 10 more damage for each Water Energy attached to Psyduck but not used to pay for this attack's Energy cost. You can't add more than 20 damage in this way.,,,,,Mitsuhiro Arita,"It is often seen holding its head in its paws, as if it were suffering from a headache."
base6-89,base6,89,Rattata,Basic,,30,C,F,x2,P,-30,0,Common,19,,,,Bite,C,20,,,,,,,,,,Mitsuhiro Arita,"Bites anything when it attacks. Small and very quick, it is a common sight in many places."
base6-90,base6,90,Rhyhorn,Basic,,70,F,G,x2,L,-30,3,Common,111,,,,Leer,C,,"Flip a coin. If heads, the Defending Pokémon can't attack during your opponent's next turn. (Benching either Pokémon ends this effect.)",Horn Attack,FCC,30,,,,,,Mitsuhiro Arita,"Its massive bones are 1,000 times harder than human bones. It can easily knock a trailer flying."
base6-91,base6,91,Sandshrew,Basic,,40,F,G,x2,L,-30,1,Common,27,,,,Sand-attack,F,10,"If the Defending Pokémon tries to attack during your opponent's next turn, your opponent flips a coin. If tails, that attack does nothing.",,,,,,,,,Ken Sugimori,Burrow deep underground in arid locations far from water. It only emerges to hunt for food.
base6-92,base6,92,Seel,Basic,,60,W,L,x2,,,1,Common,86,,,,Headbutt,W,10,,,,,,,,,,Ken Sugimori,The protruding horn on its head is very hard. This horn is used for bashing through thick ice.
base6-93,base6,93,Slowpoke,Basic,,50,P,P,x2,,,1,Common,79,,,,Spacing Out,C,,"Flip a coin. If heads, remove a damage counter from Slowpoke. This attack can't be used if Slowpoke has no damage counters on it.",Scavenge,PP,,Discard 1 Psychic Energy card attached to Slowpoke in order to use this attack. Put a Trainer card from your discard pile into your hand.,,,,,Miki Tanaka,Incredibly slow and dopey. It takes 5 seconds for it to feel pain when under attack.
base6-94,base6,94,Spearow,Basic,,50,C,L,x2,F,-30,0,Common,21,,,,Peck,C,10,,Mirror Move,CCC,,"If Spearow was attacked last turn, do the final result of that attack on Spearow to the Defending Pokémon.",,,,,Mitsuhiro Arita,Eats bugs in grassy areas. It has to flap its short wings at high speed to stay airborne.
base6-95,base6,95,Squirtle,Basic,,40,W,L,x2,,,1,Common,7,,,,Bubble,W,10,"Flip a coin. If heads, the Defending Pokémon is now Paralyzed.",Withdraw,WC,,"Flip a coin. If heads, prevent all damage done to Squirtle during your opponent's next turn. (Any other effects of attacks still happen.)",,,,,Mitsuhiro Arita,"After birth, its back swells and hardens into a shell. It powerfully sprays foam from its mouth."
base6-96,base6,96,Tentacool,Basic,,30,W,L,x2,,,0,Common,72,Pokémon Power,Cowardice,"At any time during your turn (before your attack), you may return Tentacool to your hand. (Discard all cards attached to Tentacool.) This power can't be used the turn you put Tentacool into play or if Tentacool is affected by a Special Condition.",Acid,W,10,,,,,,,,,,Kagemaru Himeno,Drifts in shallow seas. Anglers who hook them by accident are often punished by its stinging acid.
base6-97,base6,97,Voltorb,Basic,,40,L,F,x2,,,1,Common,100,,,,Tackle,C,10,,,,,,,,,,Keiji Kinebuchi,"Usually found in power plants. Easily mistaken for a Poké Ball, it has zapped many people."
base6-98,base6,98,Vulpix,Basic,,50,R,W,x2,,,1,Common,37,,,,Confuse Ray,RR,10,"Flip a coin. If heads, the Defending Pokémon is now Confused.",,,,,,,,,Ken Sugimori,"At the time of birth, it has just one tail. Its tail splits from the tip as it grows older."
base6-99,base6,99,Weedle,Basic,,40,G,R,x2,,,1,Common,13,,,,Poison Sting,G,10,"Flip a coin. If heads, the Defending Pokémon is now Poisoned.",,,,,,,,,Mitsuhiro Arita,"Often found in forests, eating leaves. It has a sharp, venomous stinger on its head."
basep-1,basep,1,Pikachu,Basic,,60,L,F,x2,,,1,Promo,25,,,,Growl,C,,"If the Defending Pokémon attacks Pikachu during your opponent's next turn, any damage done by the attack is reduced by 10 (after applying Weakness and Resistance). (Benching either Pokémon ends this effect.)",Thundershock,LL,20,"Flip a coin. If heads, the Defending Pokémon is now Paralyzed.",,,,,Keiji Kinebuchi,"When several of these Pokémon gather, their electricity could build and cause lightning storms."
basep-2,basep,2,Electabuzz,Basic,,60,L,F,x2,,,2,Promo,125,,,,Light Screen,L,,"Whenever an attack does damage to Electabuzz (after applying Weakness and Resistance) during your opponent's next turn, that attack only does half the damage to Electabuzz (rounded down to the nearest 10). (Any other effects of attacks still happen.)",Quick Attack,CC,10+,"Flip a coin. If heads, this attack does 10 damage plus 20 more damage; if tails, this attack does 10 damage.",,,,,Ken Sugimori,"A wild Pokémon with a short temper. It is able to distinguish colors, and likes the color red."
basep-3,basep,3,Mewtwo,Basic,,70,P,P,x2,,,2,Promo,150,,,,Energy Absorption,P,,Choose up to 2 Energy cards from your discard pile and attach them to Mewtwo.,Psyburn,PPC,40,,,,,,Ken Sugimori,Years of genetic experiments resulted in the creation of this never-before-seen violent Pokémon.
basep-4,basep,4,Pikachu,Basic,,50,L,F,x2,,,1,Promo,25,,,,Recharge,L,,Search your deck for a Lightning Energy card and attach it to Pikachu. Shuffle your deck afterward.,Thunderbolt,LLL,50,Discard all Energy cards attached to Pikachu in order to use this attack.,,,,,Ken Sugimori,"When several of these Pokémon gather, they attract so much electricity that they can cause lightning to strike."
basep-5,basep,5,Dragonite,Stage 2,Dragonair,90,C,,,F,-30,2,Promo,149,Pokémon Power,Special Delivery,"Once during your turn (before your attack), you may draw a card. If you do, choose a card from your hand and put it on top of your deck. This power can't be used if Dragonite is Asleep, Confused, or Paralyzed.",Supersonic Flight,CCC,60,"Flip a coin. If tails, this attack does nothing.",,,,,,,,,Toshinao Aoki,This Pokémon can fly is spite of its large bulk. It is said to be able to circumnavigate the earth in just 16 hours.
basep-6,basep,6,Arcanine,Stage 1,Growlithe,70,R,W,x2,,,1,Promo,59,,,,Quick Attack,CC,10+,"Flip a coin. If heads, this attack does 10 damage plus 20 more damage; if tails, this attack does 10 damage.",Flames of Rage,RR,40+,Discard 2 Fire Energy cards attached to Arcanine in order to use this attack. This attack does 40 damage plus 10 more damage for each damage counter on Arcanine.,,,,,Ken Sugimori,A legendary Pokémon famous for its beauty. It looks almost as if it flies when it runs.
basep-7,basep,7,Jigglypuff,Basic,,50,C,F,x2,P,-30,1,Promo,39,,,,First Aid,C,,Remove 1 damage counter from Jigglypuff.,Double-edge,CCC,40,Jigglypuff does 20 damage to itself.,,,,,Keiji Kinebuchi,"When its huge eyes light up, it sings a mysteriously soothing melody that lulls its enemies to sleep."
basep-8,basep,8,Mew,Basic,,50,P,P,x2,,,1,Promo,151,,,,Psywave,P,10×,Does 10 damage times the number of Energy cards attached to the Defending Pokémon.,Devolution Beam,PP,,"Choose an evolved Pokémon (your own or your opponent's). Return the highest Stage Evolution card on that Pokémon to its player's hand. That Pokémon is no longer Asleep, Confused, Paralyzed, or Poisoned, or anything else that might be the result of an attack (just as if you had evolved it).",,,,,Ken Sugimori,So rare that it is still said to be a mirage by many experts. Only a few people have seen it worldwide.
basep-9,basep,9,Mew,Basic,,50,P,P,x2,,,1,Promo,151,,,,Psywave,P,10×,Does 10 damage times the number of Energy cards attached to the Defending Pokémon.,Devolution Beam,PP,,"Choose an evolved Pokémon (your own or your opponent's). Return the highest Stage Evolution card on that Pokémon to its player's hand. That Pokémon is no longer Asleep, Confused, Paralyzed, or Poisoned, or anything else that might be the result of an attack (just as if you had evolved it).",,,,,Ken Sugimori,So rare that it is still said to be a mirage by many experts. Only a few people have seen it worldwide.
basep-10,basep,10,Meowth,Basic,,50,C,F,x2,P,-30,1,Promo,52,,,,Cat Punch,CC,,"Flip a coin. If heads, this attack does 20 damage. If tails and if your opponent has any Benched Pokémon, he or she chooses 1 of them and this attack does 20 damage to it. (Don't apply Weakness and Resistance for Benched Pokémon.)",,,,,,,,,Kagemaru Himeno,Adores circular objects. Wanders the streets on a nightly basis to look for dropped loose change.
basep-11,basep,11,Eevee,Basic,,30,C,F,x2,P,-30,0,Promo,133,Pokémon Power,Chain Reaction,"This power can only be used when a Pokémon evolves. Search your deck for a card that evolves from Eevee and attach it to Eevee. This counts as evolving Eevee. Shuffle your deck afterward. This power can't be used if Eevee is Asleep, Confused, or Paralyzed.",Bite,C,20,,,,,,,,,,Kagemaru Himeno,Its genetic code is irregular. It may mutate if it is exposed to radiation from elemental stones.
basep-12,basep,12,Mewtwo,Basic,,60,P,P,x2,,,2,Promo,150,,,,Energy Control,P,,"Flip a coin. If heads, choose a basic Energy card attached to 1 of your opponent's Pokémon and attach it to another of your opponent's Pokémon of your choice.",Telekinesis,PPP,,Choose 1 of your opponent's Pokémon. This attack does 30 damage to that Pokémon. Don't apply Weakness and Resistance for this attack. (Any other effects that would happen after applying Weakness and Resistance still happen.),,,,,Christopher Rush,A scientist created this Pokémon after years of horrific gene-splicing and DNA engineering experiments.
basep-13,basep,13,Venusaur,Stage 2,Ivysaur,100,G,R,x2,,,2,Promo,3,Pokémon Power,Solar Power,"Once during your turn (before your attack), you may use this power. Your Active Pokémon and the Defending Pokémon are no longer Asleep, Confused, Paralyzed, or Poisoned. This power can't be used if Venusaur is Asleep, Confused, or Paralyzed.",Mega Drain,GGGG,40,"Remove a number of damage counters from Venusaur equal to half the damage done to the Defending Pokémon (after applying Weakness and Resistance) (rounded up to the nearest 10). If Venusaur has fewer damage counters than that, remove all of them.",,,,,,,,,Ken Sugimori,This plant blooms when it is absorbing solar energy. It stays on the move to seek sunlight.
basep-14,basep,14,Mewtwo,Basic,,70,P,P,x2,,,2,Promo,150,,,,Energy Absorption,P,,Choose up to 2 Energy cards from your discard pile and attach them to Mewtwo.,Psyburn,PPC,40,,,,,,Benimaru Itoh,Years of genetic experiments resulted in the creation of this never-before-seen violent Pokémon.
basep-15,basep,15,Cool Porygon,Basic,,50,C,F,x2,P,-30,1,Promo,137,,,,Texture Magic,CCC,,"You may change Cool Porygon's Resistance to a type of your choice other than Colorless. If the Defending Pokémon has a Weakness, you may change it to a type of your choice other than Colorless. (Benching either Pokémon ends the effect on that Pokémon.)",3-D Attack,CCC,20×,Flip 3 coins. This attack does 20 damage times the number of heads.,,,,,Hiromichi Sugiyama,A Pokémon that consists entirely of programming code. Capable of moving freely in cyberspace.
basep-17,basep,17,Dark Persian,Stage 1,Meowth,60,C,F,x2,P,-30,0,Promo,53,,,,Tempt,C,,"If your opponent has any Benched Pokémon, flip a coin. If heads, choose 1 of your opponent's Benched Pokémon and switch it with the Defending Pokémon.",Poison Claws,CC,10,"Flip a coin. if heads, the Defending Pokémon is now Poisoned.",,,,,Ken Sugimori,Popular with women because of its beautiful fur. The leader of the Rockets keeps one as a pet.
basep-18,basep,18,Team Rocket's Meowth,Basic,,40,C,F,x2,P,-30,1,Promo,52,,,,Miraculous Comeback,C,,Flip a number of coins equal to the number of Pokémon in play. This attack does 10 damage times the number of heads. Then Team Rocket's Meowth does 10 damage times the number of tails to itself.,,,,,,,,,Kunihiko Yuyama,"This Pokémon is more active at night. It likes bright, shiny things and cannot resist taking them and adding them to its collection."
basep-19,basep,19,Sabrina's Abra,Basic,,40,P,P,x2,,,0,Promo,63,,,,Pound,C,10,,Synchronize,PC,40,This attack can't be used unless Sabrina's Abra and the Defending Pokémon have the same number of Energy cards attached to them.,,,,,Atsuko Nishida,
basep-20,basep,20,Psyduck,Basic,,50,W,L,x2,,,1,Promo,54,,,,Headache,P,,Your opponent can't play Trainer cards during his or her next turn.,Fury Swipes,W,10×,Flip 3 coins. This attack does 10 damage times the number of heads.,,,,,Kagemaru Himeno,"While lulling its enemies with its vacant look, this wily Pokémon will use psychokinetic powers."
basep-21,basep,21,Moltres,Basic,,70,R,,,F,-30,1,Promo,146,,,,Hyper Flame,RRR,60,"Flip a coin. If heads, discard 1 Fire Energy card attached to Moltres. If tails, discard all Energy cards attached to Moltres. If you can't discard Energy cards, this attack does nothing.",,,,,,,,,Toshinao Aoki,The flames on this legendary Pokémon's wings burn so brightly that they can make night seem like day.
basep-22,basep,22,Articuno,Basic,,70,W,,,F,-30,1,Promo,144,,,,Diamond Dust,WWW,20,"Flip a coin. If heads, the Defending Pokémon is now Paralyzed and this attack does 10 damage to each of your opponent's Benched Pokémon. (Don't apply Weakness and Resistance for Benched Pokémon.)",,,,,,,,,Toshinao Aoki,"This legendary Pokémon is said to freeze the water in the air during winter, causing snow."
basep-23,basep,23,Zapdos,Basic,,70,L,,,F,-30,1,Promo,145,,,,Lightning Burn,LLL,30,"Flip a coin. If heads, and if your opponent has any Benched Pokémon, choose 1 of them. This attack does 30 damage to that Pokémon. (Don't apply Weakness and Resistance for Benched Pokémon.) If tails, Zapdos does 30 damage to itself.",,,,,,,,,Toshinao Aoki,This legendary Pokémon is said to be present wherever there is a lightning storm.
basep-24,basep,24,_____'s Pikachu,Basic,,50,L,F,x2,,,1,Promo,25,,,,Birthday Surprise,LL,30+,"If it's not your birthday, this attack does 30 damage. If it is your birthday, flip a coin. If heads, this attack does 30 damage plus 50 more damage; if tails, this attack does 30 damage.",,,,,,,,,Kagemaru Himeno,Your Birthdate: ______________________________
basep-25,basep,25,Flying Pikachu,Basic,,40,L,,,F,-30,1,Promo,25,,,,Thundershock,L,10,"Flip a coin. If heads, the Defending Pokémon is now Paralyzed.",Fly,CCC,30,"Flip a coin. If heads, during your opponent's next turn, prevent all effects of attacks, including damage, done to Flying Pikachu; if tails, this attack does nothing (not even damage).",,,,,Toshinao Aoki,"By learning how to fly, Pikachu overcame its weakness to Fighting Pokémon."
basep-26,basep,26,Pikachu,Basic,,40,L,F,x2,,,1,Promo,25,,,,Scratch,C,10,,Thunderbolt,LL,40,Discard all Energy cards attached to Pikachu.,,,,,Gakuji Nomoto,It uses its sensitive tail to sense its environment and has been known to react violently if its tail is grabbed.
basep-27,basep,27,Pikachu,Basic,,30,L,F,x2,,,0,Promo,25,,,,Thundershock,L,10,"Flip a coin. If heads, the Defending Pokémon is now Paralyzed.",Agility,LL,20,"Flip a coin. If heads, during your opponent's next turn, prevent all effects of attacks, including damage, done to Pikachu.",,,,,Atsuko Nishida,"When several of these Pokémon gather, their electricity can cause lightning storms."
basep-28,basep,28,Surfing Pikachu,Basic,,50,L,F,x2,,,1,Promo,25,,,,Surf,WW,30,,,,,,,,,,Toshinao Aoki,"One summer, a group of Pikachus was found riding the waves at the local beach."
basep-29,basep,29,Marill,Basic,,50,W,L,x2,,,1,Promo,183,,,,Water Gun,WW,20+,Does 20 damage plus 10 more damage for each Energy attached to Marill but not used to pay for this attack's Energy cost. You can't add more than 20 damage in this way.,,,,,,,,,Ken Sugimori,"The tip of its tail, which contains oil that is lighter than water, lets it swim without drowning."
basep-30,basep,30,Togepi,Basic,,30,C,,,P,-30,1,Promo,175,,,,Snivel,C,,"If the Defending Pokémon attacks Togepi during your opponent's next turn, any damage done to Togepi is reduced by 20 (before applying Weakness and Resistance). (Benching either Pokémon ends this effect.)",Mini-Metronome,CC,,"Flip a coin. If heads, choose 1 of the Defending Pokémon's attacks. Mini-Metronome copies that attack except for its Energy cost. (You must still do anything else in order to use that attack.) (No matter what type the Defending Pokémon is, Togepi's type is still Colorless.) Togepi performs that attack.",,,,,Ken Sugimori,"Still only a hatchling, it uses poison to chase off its enemies when threatened."
basep-31,basep,31,Cleffa,Baby,,30,C,,,,,0,Promo,173,,,,Eek,C,,Draw 2 cards.,,,,,,,,,Ken Sugimori,"Because of its unusual, star-like silhouette, people believe that it came here on a meteor."
basep-32,basep,32,Smeargle,Basic,,40,C,F,x2,P,-30,1,Promo,235,,,,Paint,C,,"Flip a coin. If heads, choose a type (other than Colorless) and put a Coloring counter on the Defending Pokémon. That Pokémon is now the type you chose. If it already had a Coloring counter, remove the old one. If tails, this attack does nothing.",,,,,,,,,Tomokazu Komiya,"Once it becomes an adult, it has a tendency to let its comrades plant footprints on its back."
basep-33,basep,33,Scizor,Stage 1,Scyther,70,M,R,x2,G,-30,2,Promo,212,,,,Leer,C,,"Flip a coin. If heads, the Defending Pokémon can't attack Scizor during your opponent's next turn. (Benching either Pokémon ends this effect.)",Metal Pincer,MCC,30+,Flip a coin until you get tails. This attack does 30 damage plus 10 more damage for each heads.,,,,,Hironobu Yoshida,Its wings are not used for flying. They are flapped at high speed to adjust its body temperature.
basep-34,basep,34,Entei,Basic,,80,R,W,x2,,,1,Promo,244,Pokémon Power,Bolt,"Whenever your opponent's attack damages Entei, unless that attack Knocks Out Entei, flip a coin. If heads, shuffle Entei and all cards attached to it into your deck. This power can't be used if Entei is already Asleep, Confused, or Paralyzed when it is damaged.",Protective Flame,RRR,50,"During your opponent's next turn, prevent all effects of attacks, including damage, done to your Benched Pokémon.",,,,,,,,,Ken Sugimori,"Volcanoes erupt when it barks. Unable to restrain its extreme power, it races headlong around the land."
basep-35,basep,35,Pichu,Baby,,30,L,,,,,0,Promo,172,,,,Let's Play!,C,,Search your deck for a Baby Pokémon card and put it onto your Bench. Shuffle your deck afterward. (You can't use this attack if your Bench is full.),,,,,,,,,Ken Sugimori,It is not yet skilled at storing electricity. It may send out a jolt if amused or startled.
basep-36,basep,36,Igglybuff,Baby,,30,C,,,,,0,Promo,174,,,,Good Night Song,C,,The Defending Pokémon is now Asleep.,,,,,,,,,Kagemaru Himeno,"Its extremely flexible and elastic body makes it bounce continuously—anytime, anywhere."
basep-37,basep,37,Hitmontop,Basic,,60,F,P,x2,,,1,Promo,237,,,,Repeating Kick,FF,20×,Flip a coin until you get tails. This attack does 20 damage times the number of heads.,Rapid Spin,FFC,30,"If your opponent has any Benched Pokémon, he or she chooses 1 of them and switches it with his or her Active Pokémon, then, if you have any Benched Pokémon, you switch 1 of them with your Active Pokémon. (Do the damage before switching the Pokémon.)",,,,,Atsuko Nishida,"It launches kicks while spinning. If it spins at high speed, it may bore its way into the ground."
basep-38,basep,38,Unown [J],Basic,,40,P,P,x2,,,1,Promo,201,Pokémon Power,[Join],"Once during your turn (before your attack), if you have Unown [J], Unown [O], Unown [I], and Unown Dragon on your Bench, you may search your deck for a Basic Pokémon or Evolution card. Show that card to your opponent, then put it into your hand. Shuffle your deck afterward.",Hidden Power,P,10,,,,,,,,,,Hideki Kazama,Their shapes look like hieroglyphs on ancient tablets. It is said that the two are somehow related.
basep-39,basep,39,Misdreavus,Basic,,50,P,,,F,-30,1,Promo,200,,,,Pain Split,P,,Put 1 damage counter on the Defending Pokémon for each damage counter on Misdreavus.,Confuse Ray,PP,10,"Flip a coin. If heads, the Defending Pokémon is now Confused.",,,,,Shin-ichi Yoshida,"It loves to bite and yank people's hair from behind without warning, just to see their shocked reactions."
basep-43,basep,43,Machamp,Stage 2,Machoke,90,F,P,x2,,,3,Promo,68,,,,Seething Anger,FF,20+,Flip a number of coins equal to the number of damage counters on Machamp. This attack does 20 damage plus 10 more damage for each heads.,Fling,FFCC,50,"If your opponent has any Benched Pokémon, he or she chooses 1 of them and switches it with the Defending Pokémon. (Do the damage before switching the Pokémon.)",,,,,Tomokazu Komiya,"Using its amazing muscles, it throws powerful punches that can knock its victim clear over the horizon."
basep-44,basep,44,Magmar,Basic,,60,R,W,x2,,,2,Promo,126,,,,Burning Fire,R,10+,"When you use this attack, you may discard any number of Fire Energy cards attached to your Pokémon in play. This attack does 10 damage plus 10 more damage for each Fire Energy card you discarded in this way.",Magma Punch,RRC,40,,,,,,Atsuko Nishida,Its body always burns with an orange glow that enables it to hide perfectly among flames.
basep-45,basep,45,Scyther,Basic,,60,G,R,x2,F,-30,1,Promo,123,,,,Slashing Strike,GG,40,Scyther can't use this attack during your next turn. (Benching or evolving Scyther ends this effect.),,,,,,,,,Hironobu Yoshida,"With ninja-like agility and speed, it can create the illusion that there is more than one."
basep-46,basep,46,Electabuzz,Basic,,60,L,F,x2,,,1,Promo,125,,,,Lightning Rod,L,,Choose 1 of your opponent's Pokémon and put a Lightning Rod marker on it. (A Pokémon can have only 1 Lightning Rod marker on it at a time.),Lightning Bolt,LL,10,This attack does 20 damage to any Pokémon with a Lightning Rod marker on it. Apply Weakness and Resistance.,,,,,Miki Tanaka,"Normally found near power plants, it can wander away and cause major blackouts in cities."
basep-47,basep,47,Mew,Basic,,40,P,P,x2,,,1,Promo,151,Pokémon Power,Neutral Shield,"Prevent all effects of attacks, including damage, done to Mew by Evolved Pokémon. You can't use this power if Mew is Asleep, Confused, or Paralyzed.",Psyshock,P,10,"Flip a coin. If heads, the Defending Pokémon is now Confused.",,,,,,,,,Ken Sugimori,So rare that it is still said to be a mirage by many experts. Only a few people have seen it worldwide.
basep-48,basep,48,Articuno,Basic,,80,W,,,F,-30,2,Promo,144,Pokémon Power,Aurora Veil,"As long as Articuno is your Active Pokémon, your Benched Pokémon do not take damage from and are not affected by attacks. This power cannot be used if Articuno is affected by a Special Condition.",Ice Beam,WWCC,30,"Flip a coin. If heads, the Defending Pokémon is now Paralyzed.",,,,,,,,,Atsuko Nishida,A legendary bird Pokémon that is said to appear to doomed people who are lost in icy mountains.
basep-49,basep,49,Snorlax,Basic,,90,C,F,x2,P,-30,4,Promo,143,Pokémon Power,Guard,"As long as Snorlax is your Active Pokémon, the Defending Pokémon can't Retreat. This power stops working when Snorlax is affected by a Special Condition.",Roll Over,CCCC,30,"Snorlax is now Asleep. Flip a coin. If heads, the Defending Pokémon is now Asleep.",,,,,,,,,Craig Turvey,"Very lazy. Just eats and sleeps. As its rotund bulk builds, it becomes steadily more slothful."
basep-50,basep,50,Celebi,Basic,,50,G,R,x2,,,1,Promo,251,,,,Leaf Slice,GC,20×,Flip 2 coins. This attack does 20 damage times the number of heads.,,,,,,,,,Hajime Kusajima,
basep-51,basep,51,Rapidash,Stage 1,Ponyta,60,R,W,x2,,,0,Promo,78,,,,Jump Over,CC,,"If your opponent has any Benched Pokémon, choose 1 of them. Flip a coin. If heads, this attack does 20 damage to that Pokémon. (Don't apply Weakness and Resistance for Benched Pokémon.)",Super Singe,RCC,30,"Flip a coin. If heads, the Defending Pokémon is now Burned.",,,,,Mitsuhiro Arita,
basep-52,basep,52,Ho-oh,Basic,,80,R,W,x2,F,-30,2,Promo,250,,,,Sacred Wing,RRCC,60,"Flip a coin. If tails, this attack's base damage is 20 instead of 60.",,,,,,,,,Mitsuhiro Arita,
basep-53,basep,53,Suicune,Basic,,70,W,L,x2,,,1,Promo,245,Poké-Body,Pure Body,"To attach a Water Energy card from your hand to Suicune, you must discard an Energy card attached to Suicune. (Attach the Water Energy, and then discard an Energy card from Suicune.)",Hypno Wave,WCC,30+,"Flip a coin. If heads, this attack does 30 damage plus 20 more damage. If tails, this attack does 30 damage and the Defending Pokémon is now Asleep.",,,,,,,,,Atsuko Nishida,
gym1-1,gym1,1,Blaine's Moltres,Basic,,90,R,,,F,-30,3,Rare Holo,146,,,,Phoenix Flame,RRRRR,90,"Flip a coin. If tails, shuffle Blaine's Moltres and all cards attached to it into your deck (after doing damage).",,,,,,,,,Ken Sugimori,
gym1-2,gym1,2,Brock's Rhydon,Stage 1,Brock's Rhyhorn,80,F,G,x2,L,-30,3,Rare Holo,112,Pokémon Power,Bench Guard,"As long as Brock's Rhydon is Benched, whenever 1 of your Benched Pokémon is damaged, you may do 10 of that damage to Brock's Rhydon instead. (If more than 1 of your Benched Pokémon is damaged at the same time, you may use this power once for each of them.)",Lariat,FFCC,70,"Flip a coin. If tails, this attack does nothing.",,,,,,,,,Ken Sugimori,
gym1-3,gym1,3,Erika's Clefable,Stage 1,Erika's Clefairy,70,C,F,x2,P,-30,2,Rare Holo,36,,,,Fairy Power,C,,"Flip a coin. If heads, you may return any number of your Pokémon in play and all cards attached to them to your hand.",Moon Impact,CCC,30,,,,,,Atsuko Nishida,
gym1-4,gym1,4,Erika's Dragonair,Stage 1,Erika's Dratini,80,C,,,P,-30,2,Rare Holo,148,,,,Blizzard,CCC,30,"Flip a coin. If heads, this attack does 10 damage to each of your opponent's Benched Pokémon. If tails, this attack does 10 damage to each of your own Benched Pokémon. (Don't apply Weakness and Resistance for Benched Pokémon.)",Take Away,CCCC,,"Shuffle Erika's Dragonair and all cards attached to it into your deck. Then, your opponent shuffles his or her Active Pokémon and all cards attached to it into his or her deck.",,,,,Atsuko Nishida,
gym1-5,gym1,5,Erika's Vileplume,Stage 2,Erika's Gloom,80,G,R,x2,,,2,Rare Holo,45,Pokémon Power,Pollen Defense,"If an attack does damage to Erika's Vileplume while it's your Active Pokémon (even if it's Knocked Out), flip a coin. If heads, your opponent's Active Pokémon is now Confused. This power works even while Erika's Vileplume is Asleep, Confused, or Paralyzed.",Mega Drain,GGG,30,"If Erika's Vileplume does damage to the Defending Pokémon (after applying Weakness and Resistance), remove a number of damage counters from Erika's Vileplume equal to half the damage done to the Defending Pokémon (rounded up to the nearest 10). If Erika's Vileplume has fewer damage counters than that, remove all of them.",,,,,,,,,Ken Sugimori,
gym1-6,gym1,6,Lt. Surge's Electabuzz,Basic,,70,L,F,x2,,,2,Rare Holo,125,,,,Charge,L,,Take up to 2 Lightning Energy cards from your discard pile and attach them to Lt. Surge's Electabuzz.,Discharge,L,30×,Discard all Lightning Energy cards attached to Lt. Surge's Electabuzz in order to use this attack. Flip a number of coins equal to the number of Lightning Energy cards you discarded. This attack does 30 damage times the number of heads.,,,,,Ken Sugimori,
gym1-7,gym1,7,Lt. Surge's Fearow,Stage 1,Lt. Surge's Spearow,70,C,L,x2,F,-30,0,Rare Holo,22,,,,Repeating Drill,CC,10×,Flip 5 coins. This attack does 10 damage times the number of heads.,Clutch,CCC,30,The Defending Pokémon can't retreat during your opponent's next turn.,,,,,Ken Sugimori,
gym1-8,gym1,8,Lt. Surge's Magneton,Stage 1,Lt. Surge's Magnemite,70,L,F,x2,,,2,Rare Holo,82,Pokémon Power,Energy Charge,"As often as you like during your turn (before your attack), if Lt. Surge's Magneton is your Active Pokémon, you may take 1 Lightning Energy card attached to 1 of your Pokémon and attach it to Lt. Surge's Magneton. This power can't be used if Lt. Surge's Magneton is Asleep, Confused, or Paralyzed.",Mega Shock,LLLC,50,"Flip a coin. If tails, Lt. Surge's Magneton does 20 damage to itself.",,,,,,,,,Ken Sugimori,
gym1-9,gym1,9,Misty's Seadra,Stage 1,Misty's Horsea,70,W,L,x2,,,1,Rare Holo,117,,,,Tail Snap,W,20,,Knockout Needle,WWW,30+,"Flip 2 coins. If both of them are heads, this attack does 30 damage plus 60 more damage. If 1 or both of them are tails, this attack does 30 damage.",,,,,Atsuko Nishida,
gym1-10,gym1,10,Misty's Tentacruel,Stage 1,Misty's Tentacool,70,W,L,x2,,,0,Rare Holo,73,Pokémon Power,Flee,"If an attack does damage to Misty's Tentacruel while it's your Active Pokémon, you may switch it with 1 of your Benched Pokémon, which prevents all other effects of that attack on Misty's Tentacruel. This power can't be used if Misty's Tentacruel is already Asleep, Confused, or Paralyzed.",Jellyfish Poison,WWCC,30,"Flip a coin. If heads, the Defending Pokémon is now Poisoned. If tails, the Defending Pokémon is now Confused.",,,,,,,,,Ken Sugimori,
gym1-11,gym1,11,Rocket's Hitmonchan,Basic,,60,F,P,x2,,,1,Rare Holo,107,,,,Crosscounter,F,,"If an attack does damage to Rocket's Hitmonchan during your opponent's next turn (even if Rocket's Hitmonchan is Knocked Out), flip a coin. If heads, Rocket's Hitmonchan attacks your opponent's Active Pokémon for double that amount of damage. (If Rocket's Hitmonchan takes 20 damage, it does 40 damage to that Pokémon.)",Magnum Punch,FFC,50,,,,,,Ken Sugimori,
gym1-12,gym1,12,Rocket's Moltres,Basic,,60,R,,,F,-30,2,Rare Holo,146,Pokémon Power,Rebirth,"When Rocket's Moltres is Knocked Out, you may return it to your hand after discarding it. This power can't be used if Rocket's Moltres is Asleep, Confused, or Paralyzed when it is Knocked Out.",Fire Wall,RRR,40,"If an attack does damage to Rocket's Moltres during your opponent's next turn (even if Rocket's Moltres is Knocked Out), Rocket's Moltres attacks your opponent's Active Pokémon for 10 damage. (Apply Weakness and Resistance.)",,,,,,,,,Ken Sugimori,
gym1-13,gym1,13,Rocket's Scyther,Basic,,60,G,R,x2,F,-30,1,Rare Holo,123,,,,Shadow Images,G,,"Whenever Rocket's Scyther is attacked, your opponent flips a coin. If tails, that attack does no damage to Rocket's Scyther. (Any other effects of the attack still happen.) This effect lasts until Rocket's Scyther takes damage (or is Benched or is evolved).",Blinding Scythe,GCC,40,,,,,,Ken Sugimori,
gym1-14,gym1,14,Sabrina's Gengar,Stage 2,Sabrina's Haunter,80,P,,,F,-30,1,Rare Holo,94,,,,Pain Amplifier,P,,Put a damage counter on each of your opponent's Pokémon has already has any damage counters on it.,Call of the Night,PPP,40,"Unless this attack Knocks Out the Defending Pokémon, flip 2 coins. If both of them are heads, your opponent shuffles his or her Active Pokémon and all cards attached to it into his or her deck.",,,,,Ken Sugimori,
gym1-20,gym1,20,Brock's Golem,Stage 2,Brock's Graveler,90,F,G,x2,,,4,Rare,76,,,,Rock Slide,FFC,20,"If your opponent has any Benched Pokémon, choose up to 3 of them. This attack does 10 damage to each of them. (Don't apply Weakness and Resistance for Benched Pokémon.)",Fissure,FFCC,50,,,,,,Ken Sugimori,
gym1-21,gym1,21,Brock's Onix,Basic,,70,F,G,x2,,,2,Rare,95,,,,Bind,FF,20,"Flip a coin. If heads, the Defending Pokémon is now Paralyzed.",Tunneling,FFF,,"If your opponent has any Benched Pokémon, choose up to 2 of them. This attack does 20 damage to each of them. (Don't apply Weakness and Resistance for Benched Pokémon.) Brock's Onix can't attack during your next turn.",,,,,Benimaru Itoh,
gym1-22,gym1,22,Brock's Rhyhorn,Basic,,60,F,G,x2,L,-30,2,Rare,111,,,,Horn Toss,CC,20,"If your opponent has any Benched Pokémon, he or she chooses 1 of them and switches it with the Defending Pokémon. (Do the damage before switching the Pokémon.)",Take Down,FFC,40,Brock's Rhyhorn does 10 damage to itself.,,,,,Ken Sugimori,
gym1-23,gym1,23,Brock's Sandslash,Stage 1,Brock's Sandshrew,60,F,G,x2,L,-30,1,Rare,28,,,,Needles,FF,10,"Flip a coin. If heads, the Defending Pokémon is now Paralyzed and Poisoned.",Sandstorm,FF,20,"If the Defending Pokémon tries to attack during your opponent's next turn, your opponent flips a coin. If tails, that attack does nothing.",,,,,Ken Sugimori,
gym1-24,gym1,24,Brock's Zubat,Basic,,30,G,P,x2,F,-30,0,Rare,41,,,,Alert,C,,"Draw a card. Then, switch Brock's Zubat with 1 of your Benched Pokémon. You can't use this attack if your Bench is empty.",Wing Attack,CC,20,,,,,,Ken Sugimori,
gym1-25,gym1,25,Erika's Clefairy,Basic,,50,C,F,x2,P,-30,1,Rare,35,,,,Moonwatching,C,,"Search your deck for a basic Energy card. Show that card to your opponent, then put it into your hand. Shuffle your deck afterward.",Comet Slap,CC,10×,Flip 3 coins. This attack does 10 damage times the number of heads.,,,,,Ken Sugimori,
gym1-26,gym1,26,Erika's Victreebel,Stage 2,Erika's Weepinbell,80,G,R,x2,,,2,Rare,71,Pokémon Power,Fragrance Trap,"Once during your turn (before your attack), you may flip a coin. If heads, and if your opponent has any Benched Pokémon, choose 1 of them and switch it with his or her Active Pokémon. This power can't be used if Erika's Victreebel is Asleep, Confused, or Paralyzed.",Razor Leaf,GGG,50,,,,,,,,,,Ken Sugimori,
gym1-27,gym1,27,Lt. Surge's Electabuzz,Basic,,60,L,F,x2,,,2,Rare,125,,,,Charge,L,,Take up to 2 Lightning Energy cards from your discard pile and attach them to Lt. Surge's Electabuzz.,Electric Current,LL,20,"Take 1 Lightning Energy card attached to Lt. Surge's Electabuzz and attach it to 1 of your Benched Pokémon. If you have no Benched Pokémon, discard that Energy card.",,,,,Ken Sugimori,
gym1-28,gym1,28,Lt. Surge's Raichu,Stage 1,Lt. Surge's Pikachu,70,L,F,x2,,,2,Rare,26,,,,Mega Punch,LL,30,,Thunderbolt,LLLL,100,Discard all Energy cards attached to Lt. Surge's Raichu in order to use this attack.,,,,,Ken Sugimori,
gym1-29,gym1,29,Misty's Cloyster,Stage 1,Misty's Shellder,70,W,L,x2,,,2,Rare,91,Pokémon Power,Shell Armor,"You may reduce all damage done by attacks to Misty's Cloyster by 10 (after applying Weakness and Resistance). (Any other effects of attacks still happen). This power can't be used if Misty's Cloyster is Asleep, Confused, or Paralyzed.",Triple Cannon,WWC,20×,Flip 3 coins. This attack does 20 damage times the number of heads.,,,,,,,,,Ken Sugimori,
gym1-30,gym1,30,Misty's Goldeen,Basic,,30,W,L,x2,,,0,Rare,118,,,,Horn Hazard,W,30,"Flip a coin. If tails, this attack does nothing.",,,,,,,,,Ken Sugimori,
gym1-31,gym1,31,Misty's Poliwrath,Stage 2,Misty's Poliwhirl,90,W,G,x2,,,3,Rare,62,,,,Water Ring,WWCC,30,Does 10 damage to each Pokémon that isn't Water on each player's Bench. (Don't apply Weakness and Resistance for Benched Pokémon.),,,,,,,,,Ken Sugimori,
gym1-32,gym1,32,Misty's Tentacool,Basic,,40,W,L,x2,,,0,Rare,72,,,,Mysterious Light,C,,"Flip a coin. If heads, the Defending Pokémon is now Asleep.",Jellyfish Pod,WC,,"Search your deck for any number of Pokémon named Tentacool, Tentacruel, Misty's Tentacool, and/or Misty's Tentacruel. Show those cards to your opponent, then put them into your hand. Shuffle your deck afterward.",,,,,Ken Sugimori,
gym1-33,gym1,33,Rocket's Snorlax,Basic,,90,C,F,x2,P,-30,4,Rare,143,Pokémon Power,Restless Sleep,"If your opponent's attack does damage to Rocket's Snorlax and Rocket's Snorlax is already Asleep (even if it's Knocked Out), this power does 20 damage to the attacking Pokémon.",Collapse,CCC,20,Rocket's Snorlax is now Asleep (after doing damage).,,,,,,,,,Shin-ichi Yoshida,
gym1-34,gym1,34,Sabrina's Venomoth,Stage 1,Sabrina's Venonat,60,G,R,x2,F,-30,0,Rare,49,,,,Healing Pollen,G,,"Flip 3 coins. For each heads, remove 1 damage counter from each of your Pokémon. If a Pokémon has fewer damage counters than the number of heads, remove all of them.",Sonic Distortion,P,10,"Flip 2 coins. If 1 or both of them are heads, the Defending Pokémon is now Confused.",,,,,Ken Sugimori,
gym1-35,gym1,35,Blaine's Growlithe,Basic,,50,R,W,x2,,,1,Uncommon,58,,,,Shake,C,10,"If your opponent has any Benched Pokémon, he or she chooses 1 of them and switches it with the Defending Pokémon. (Do the damage before switching the Pokémon.)",Fire Tackle,RC,30,Blaine's Growlithe does 10 damage to itself.,,,,,Ken Sugimori,
gym1-36,gym1,36,Blaine's Kangaskhan,Basic,,80,C,F,x2,P,-30,3,Uncommon,115,,,,Child's Punch,C,10,"Flip a coin. If tails, this attack does nothing.",One-Two Punch,CCC,30+,"Flip a coin. If heads, this attack does 30 damage plus 10 more damage; if tails, this attack does 30 damage.",,,,,Ken Sugimori,
gym1-37,gym1,37,Blaine's Magmar,Basic,,60,R,W,x2,,,2,Uncommon,126,,,,Firebreathing,R,10+,"Flip a coin. If heads, this attack does 10 damage plus 10 more damage; if tails, this attack does 10 damage.",Lava Burst,RRR,20×,"Discard the top 5 cards of your deck. (If there are fewer than 5 cards in your deck, discard all of them.) This attack does 20 damage for each Fire Energy card you discarded in this way.",,,,,Ken Sugimori,
gym1-38,gym1,38,Brock's Geodude,Basic,,50,F,G,x2,,,1,Uncommon,74,,,,Tackle,C,10,,Lucky Shot,FC,,"Choose 1 of your opponent's Benched Pokémon and flip a coin. If heads, this attack does 30 damage to that Pokémon. (Don't apply Weakness and Resistance for Benched Pokémon.) This attack can't be used if your opponent has no Benched Pokémon.",,,,,Atsuko Nishida,
gym1-39,gym1,39,Brock's Golbat,Stage 1,Brock's Zubat,70,G,P,x2,F,-30,1,Uncommon,42,,,,Dive,C,20,,Spiral Dive,CCC,,Does 10 damage to each of your opponent's Pokémon. Don't apply Weakness and Resistance.,,,,,Ken Sugimori,
gym1-40,gym1,40,Brock's Graveler,Stage 1,Brock's Geodude,70,F,G,x2,,,2,Uncommon,75,,,,Rock Toss,FCC,20×,Flip 3 coins. This attack does 20 damage times the number of heads.,,,,,,,,,Ken Sugimori,
gym1-41,gym1,41,Brock's Lickitung,Basic,,80,C,F,x2,P,-30,3,Uncommon,108,,,,Tongue Slap,CC,20,,Slam,CCC,30×,Flip 2 coins. This attack does 30 damage times the number of heads.,,,,,Ken Sugimori,
gym1-42,gym1,42,Erika's Dratini,Basic,,40,C,,,P,-30,1,Uncommon,147,Pokémon Power,Strange Barrier,"Whenever an attack by a Basic Pokémon (including your own) does 20 or more damage to Erika's Dratini (after applying Weakness and Resistance), reduce that damage to 10. (Any other effects of attacks still happen.) This power stops working while Erika's Dratini is Asleep, Confused, or Paralyzed.",Tail Strike,CC,10+,"Flip a coin. If heads, this attack does 10 damage plus 20 more damage; if tails, this attack does 10 damage.",,,,,,,,,Ken Sugimori,
gym1-43,gym1,43,Erika's Exeggcute,Basic,,50,G,R,x2,,,1,Uncommon,102,,,,Deflector,P,,"During your opponent's next turn, whenever Erika's Exeggcute takes damage, divide that damage in half (rounded down to the nearest 10). (Any other effects still happen.)",Egg Bomb,GC,40,"Flip a coin. If tails, this attack does nothing to the Defending Pokémon and Erika's Exeggcute does 20 damage to itself.",,,,,Atsuko Nishida,
gym1-44,gym1,44,Erika's Exeggutor,Stage 1,Erika's Exeggcute,70,G,R,x2,,,2,Uncommon,103,,,,Psychic Exchange,P,,"Shuffle your hand into your deck, then draw 5 cards.",Stomp,GCC,30+,"Flip a coin. If heads, this attack does 30 damage plus 10 more damage; if tails, this attack does 30 damage.",,,,,Ken Sugimori,
gym1-45,gym1,45,Erika's Gloom,Stage 1,Erika's Oddish,60,G,R,x2,,,1,Uncommon,44,,,,Healing Pollen,G,,"Flip a coin. If heads, remove 4 damage counters from Erika's Gloom. If Erika's Gloom has fewer damage counters than that, remove all of them.",Magic Pollen,GGG,30,"Flip a coin. If heads, the Defending Pokémon is now Asleep, Confused, Paralyzed, or Poisoned (your choice).",,,,,Ken Sugimori,
gym1-46,gym1,46,Erika's Gloom,Stage 1,Erika's Oddish,70,G,R,x2,,,1,Uncommon,44,,,,Dream Dance,GC,10,Both the Defending Pokémon and Erika's Gloom are now Asleep (after doing damage).,Vile Smell,GGC,30,Both the Defending Pokémon and Erika's Gloom are now Confused (after doing damage).,,,,,Ken Sugimori,
gym1-47,gym1,47,Erika's Oddish,Basic,,40,G,R,x2,,,1,Uncommon,43,Pokémon Power,Photosynthesis,"All Energy cards attached to Erika's Oddish provide Grass Energy instead of their usual type. This power works even while Erika's Oddish is Asleep, Confused, or Paralyzed.",Poisonpowder,GG,20,"Flip a coin. If heads, the Defending Pokémon is now Poisoned.",,,,,,,,,Atsuko Nishida,
gym1-48,gym1,48,Erika's Weepinbell,Stage 1,Erika's Bellsprout,60,G,R,x2,,,1,Uncommon,70,,,,Drool,G,10,,Flytrap,GG,20,"Before doing damage, choose 1 of your opponent's Benched Pokémon and switch it with his or her Active Pokémon. This attack can't be used if your opponent has no Benched Pokémon.",,,,,Atsuko Nishida,
gym1-49,gym1,49,Erika's Weepinbell,Stage 1,Erika's Bellsprout,70,G,R,x2,,,2,Uncommon,70,,,,Sleep Poison,GC,,The Defending Pokémon is now Asleep and Poisoned.,Vine Whip,GGC,40,,,,,,Ken Sugimori,
gym1-50,gym1,50,Lt. Surge's Magnemite,Basic,,30,L,F,x2,,,0,Uncommon,81,,,,Removal Pulse,L,10,"If the Defending Pokémon has any Energy cards attached to it, flip a coin. If heads, choose 1 of those Energy cards and discard it.",Confusion Pulse,LL,20,"Flip a coin. If heads, the Defending Pokémon is now Confused.",,,,,Atsuko Nishida,
gym1-51,gym1,51,Lt. Surge's Raticate,Stage 1,Lt. Surge's Rattata,70,C,F,x2,P,-30,1,Uncommon,20,,,,Super Fang,C,?,Does damage to the Defending Pokémon equal to half the Defending Pokémon's remaining HP (rounded up to the nearest 10).,,,,,,,,,Ken Sugimori,
gym1-52,gym1,52,Lt. Surge's Spearow,Basic,,30,C,L,x2,F,-30,0,Uncommon,21,,,,Drill Peck,C,20,,,,,,,,,,Ken Sugimori,
gym1-53,gym1,53,Misty's Poliwhirl,Stage 1,Misty's Poliwag,70,W,G,x2,,,2,Uncommon,61,,,,Rapids,WC,20,"If the Defending Pokémon has any Energy cards attached to it, flip a coin. If heads, choose 1 of those Energy cards and discard it.",Water Punch,CCC,30+,Flip a number of coins equal to the number of Water Energy attached to Misty's Poliwhirl. This attack does 30 damage plus 10 damage for each heads.,,,,,Ken Sugimori,
gym1-54,gym1,54,Misty's Psyduck,Basic,,50,W,G,x2,,,1,Uncommon,54,,,,Scratch,C,10,,Call for Friend,W,,"Flip a coin. If heads, you may search your deck for a Basic Pokémon with Misty in its name and put it onto your Bench. (You can't use this attack if your Bench is full.) Shuffle your deck afterward.",,,,,Atsuko Nishida,
gym1-55,gym1,55,Misty's Seaking,Stage 1,Misty's Goldeen,70,W,L,x2,,,1,Uncommon,119,,,,Horn Attack,W,10,,Mud Splash,WW,30,"If your opponent has any Benched Pokémon, choose 1 of them and flip a coin. If heads, this attack does 10 damage to that Pokémon. (Don't apply Weakness and Resistance for Benched Pokémon.)",,,,,Ken Sugimori,
gym1-56,gym1,56,Misty's Starmie,Stage 1,Misty's Staryu,80,W,L,x2,,,2,Uncommon,121,,,,Water Gun,W,10+,Does 10 damage plus 10 more damage for each Water Energy attached to Misty's Starmie but not used to pay for this attack's Energy cost. You can't add more than 20 damage in this way.,Bubblebeam,WWW,30,"Flip a coin. If heads, the Defending Pokémon is now Paralyzed.",,,,,Ken Sugimori,
gym1-57,gym1,57,Misty's Tentacool,Basic,,50,W,L,x2,,,1,Uncommon,72,,,,Crystal Beam,WC,20,"Flip a coin. If heads, your opponent can't attach Energy cards to the Defending Pokémon during his or her next turn.",,,,,,,,,Ken Sugimori,
gym1-58,gym1,58,Sabrina's Haunter,Stage 1,Sabrina's Gastly,50,P,,,F,-30,0,Uncommon,93,,,,Night Spirits,PP,30×,"Flip a number of coins equal to the total number of Sabrina's Gastlys, Sabrina's Haunters, and Sabrina's Gengars you have in play. This attack does 30 damage times the number of heads.",,,,,,,,,Atsuko Nishida,
gym1-59,gym1,59,Sabrina's Jynx,Basic,,60,P,P,x2,,,1,Uncommon,124,,,,Good Night,P,10,The Defending Pokémon is now Asleep.,Good Morning,PC,20,"If the Defending Pokémon was Asleep, it is no longer Asleep.",,,,,Ken Sugimori,
gym1-60,gym1,60,Sabrina's Slowbro,Stage 1,Sabrina's Slowpoke,70,P,P,x2,,,2,Uncommon,80,,,,Naptime,P,,"Flip a coin. If heads, remove 3 damage counters from Sabrina's Slowbro and Sabrina's Slowbro is now Asleep. If Sabrina's Slowbro has fewer damage counters than that, remove all of them.",Screaming Headbutt,PCC,40,You can't use this attack during your next turn.,,,,,Ken Sugimori,
gym1-61,gym1,61,Blaine's Charmander,Basic,,50,R,W,x2,,,1,Common,4,,,,Kindle,R,10,"Discard 1 Energy card attached to Blaine's Charmander in order to use this attack. If the Defending Pokémon has any Energy cards attached to it, choose 1 of them and discard it.",Slash,CC,20,,,,,,Ken Sugimori,
gym1-62,gym1,62,Blaine's Growlithe,Basic,,50,R,W,x2,,,1,Common,58,,,,Blaze,RR,20,Does 10 damage to each Grass Pokémon on your opponent's Bench. (Don't apply Weakness and Resistance for Benched Pokémon.),,,,,,,,,Atsuko Nishida,
gym1-63,gym1,63,Blaine's Ponyta,Basic,,40,R,W,x2,,,0,Common,77,,,,Agility,RC,20,"Flip a coin. If heads, during your opponent's next turn, prevent all effects of attacks, including damage, done to Blaine's Ponyta.",,,,,,,,,Ken Sugimori,
gym1-64,gym1,64,Blaine's Tauros,Basic,,70,C,F,x2,P,-30,2,Common,128,,,,3-Pronged Tail,C,10×,Flip 3 coins. This attack does 10 damage times the number of heads.,Full Speed Charge,CCC,20×,Flip 4 coins. This attack does 20 damage times the number of heads to the Defending Pokémon and 20 damage times the number of tails to Blaine's Tauros.,,,,,Ken Sugimori,
gym1-65,gym1,65,Blaine's Vulpix,Basic,,40,R,W,x2,,,1,Common,37,Pokémon Power,Natural Healing,"Once during your turn (before your attack), you may remove 1 damage counter from Blaine's Vulpix. This power can't be used if Blaine's Vulpix is Asleep, Confused, or Paralyzed.",Tail Fan,RCC,20,"Flip a coin. If heads, the Defending Pokémon is now Confused.",,,,,,,,,Ken Sugimori,
gym1-66,gym1,66,Brock's Geodude,Basic,,40,F,G,x2,,,1,Common,74,,,,Call for Friend,F,,"Flip a coin. If heads, you may search your deck for a Basic Pokémon card with Brock in its name and put it onto your Bench. Shuffle your deck afterward. (You can't use this attack if your Bench is full.)",Hook Shot,FC,20,Don't apply Resistance for this attack. (Any other effects that would happen after applying Resistance still happen.),,,,,Ken Sugimori,
gym1-67,gym1,67,Brock's Mankey,Basic,,40,F,P,x2,,,0,Common,56,,,,Taunt,C,,"If your opponent has any Benched Pokémon, choose 1 of them and switch it with the Defending Pokémon.",Light Kick,F,10,,,,,,Atsuko Nishida,
gym1-68,gym1,68,Brock's Mankey,Basic,,40,F,P,x2,,,0,Common,56,,,,Fidget,C,,Shuffle your deck.,Karate Chop,FC,40-,Does 40 damage minus 10 damage for each damage counter on Brock's Mankey.,,,,,Ken Sugimori,
gym1-69,gym1,69,Brock's Onix,Basic,,100,F,G,x2,,,3,Common,95,,,,Bellow,C,,"Flip a coin. If heads, the Defending Pokémon is now Paralyzed.",Rock Throw,FFC,30,,,,,,Ken Sugimori,
gym1-70,gym1,70,Brock's Rhyhorn,Basic,,70,F,G,x2,L,-30,3,Common,111,,,,Drill Tackle,FC,70,"Flip 2 coins. If 1 or both of them are tails, this attack does nothing.",,,,,,,,,Ken Sugimori,
gym1-71,gym1,71,Brock's Sandshrew,Basic,,40,F,G,x2,L,-30,1,Common,27,,,,Defense Curl,C,,"Flip a coin. If heads, prevent all damage done to Brock's Sandshrew during your opponent's next turn. (Any other effects of attacks still happen.)",Rolling Attack,FC,20,,,,,,Ken Sugimori,
gym1-72,gym1,72,Brock's Sandshrew,Basic,,50,F,G,x2,L,-30,1,Common,27,,,,Sand Pit,FF,20,The Defending Pokémon can't retreat during your opponent's next turn.,,,,,,,,,Ken Sugimori,
gym1-73,gym1,73,Brock's Vulpix,Basic,,40,R,W,x2,,,1,Common,37,,,,Flame,R,20,,Quick Attack,CC,10+,"Flip a coin. If heads, this attack does 10 damage plus 20 more damage; if tails, this attack does 10 damage.",,,,,Ken Sugimori,
gym1-74,gym1,74,Brock's Zubat,Basic,,40,G,P,x2,F,-30,0,Common,41,,,,Wing Attack,C,10,,Poison Fang,GC,20,"Flip a coin. If heads, the Defending Pokémon is now Poisoned.",,,,,Atsuko Nishida,
gym1-75,gym1,75,Erika's Bellsprout,Basic,,40,G,R,x2,,,1,Common,69,,,,Poison Vine,G,10,"Flip a coin. If heads, the Defending Pokémon is now Poisoned.",Vine Whip,GG,30,,,,,,Atsuko Nishida,
gym1-76,gym1,76,Erika's Bellsprout,Basic,,50,G,R,x2,,,1,Common,69,,,,Careless Tackle,C,20,Erika's Bellsprout does 10 damage to itself.,,,,,,,,,Ken Sugimori,
gym1-77,gym1,77,Erika's Exeggcute,Basic,,40,G,R,x2,,,1,Common,102,,,,Eggsplosion,C,10×,Flip a number of coins equal to the number of Energy attached to Erika's Exeggcute. This attack does 10 damage times the number of heads.,Psychic,PC,10+,Does 10 damage plus 10 more damage for each Energy card attached to the Defending Pokémon.,,,,,Ken Sugimori,
gym1-78,gym1,78,Erika's Oddish,Basic,,50,G,R,x2,,,1,Common,43,,,,Blot,G,10,"If there are any damage counters on Erika's Oddish, remove 1 of them.",Sporadic Sponging,GC,20,"If Erika's Oddish has any damage counters on it, flip a coin. If heads, remove 1 of those damage counters.",,,,,Ken Sugimori,
gym1-79,gym1,79,Erika's Tangela,Basic,,60,G,R,x2,,,2,Common,114,,,,Vine Slap,G,10,,Stretch Vine,GGC,,"If your opponent has any Benched Pokémon, choose 1 of them and this attack does 20 damage to it. (Don't apply Weakness and Resistance for Benched Pokémon.)",,,,,Ken Sugimori,
gym1-80,gym1,80,Lt. Surge's Magnemite,Basic,,40,L,F,x2,,,1,Common,81,,,,Thundershock,L,10,"Flip a coin. If heads, the Defending Pokémon is now Paralyzed.",Tackle,CC,20,,,,,,Ken Sugimori,
gym1-81,gym1,81,Lt. Surge's Pikachu,Basic,,50,L,F,x2,,,1,Common,25,,,,Charge,C,,Take 1 Lightning Energy card from your discard pile and attach it to Lt. Surge's Pikachu.,Lightning Tail,LL,20,"Flip a coin. If heads, the Defending Pokémon is now Paralyzed.",,,,,Ken Sugimori,
gym1-82,gym1,82,Lt. Surge's Rattata,Basic,,40,C,F,x2,P,-30,1,Common,19,,,,Focus Energy,C,,"During your next turn, Lt. Surge's Rattata's Gnaw attack's base damage is doubled.",Gnaw,CC,20,,,,,,Ken Sugimori,
gym1-83,gym1,83,Lt. Surge's Spearow,Basic,,50,C,L,x2,F,-30,0,Common,21,,,,Whirlwind,C,10,"If your opponent has any Benched Pokémon, he or she chooses 1 of them and switches it with the Defending Pokémon. (Do the damage before switching the Pokémon.)",Razor Wind,CC,40,"Flip a coin. If tails, this attack does nothing.",,,,,Atsuko Nishida,
gym1-84,gym1,84,Lt. Surge's Voltorb,Basic,,40,L,F,x2,,,1,Common,100,,,,Spin Ball,L,20×,Flip 1 coin. This attack does 20 damage times the number of heads.,Double Spin,LC,20×,Flip 2 coins. This attack does 20 damage times the number of heads.,,,,,Ken Sugimori,
gym1-85,gym1,85,Misty's Goldeen,Basic,,40,W,L,x2,,,1,Common,118,,,,Fury Attack,C,10×,Flip 2 coins. This attack does 10 damage times the number of heads.,Supersonic,W,,"Flip a coin. If heads, the Defending Pokémon is now Confused.",,,,,Atsuko Nishida,
gym1-86,gym1,86,Misty's Horsea,Basic,,40,W,L,x2,,,0,Common,116,,,,Tackle,W,10,,Smokescreen,WW,20,"If the Defending Pokémon tries to attack during your opponent's next turn, your opponent flips a coin. If tails, that attack does nothing.",,,,,Ken Sugimori,
gym1-87,gym1,87,Misty's Poliwag,Basic,,50,W,G,x2,,,1,Common,60,,,,Hypnotic Stare,W,,"Flip a coin. If heads, the Defending Pokémon is now Paralyzed. If tails, the Defending Pokémon is now Asleep.",Tail Rap,WC,20×,Flip 2 coins. This attack does 20 damage times the number of heads.,,,,,Ken Sugimori,
gym1-88,gym1,88,Misty's Seel,Basic,,60,W,L,x2,,,1,Common,86,,,,Aurora Beam,WC,20,,,,,,,,,,Atsuko Nishida,
gym1-89,gym1,89,Misty's Shellder,Basic,,40,W,L,x2,,,1,Common,90,,,,Tackle,C,10,,Clamp,WC,20,"Flip a coin. If heads, the Defending Pokémon is now Paralyzed. If tails, this attack does nothing (not even damage).",,,,,Ken Sugimori,
gym1-90,gym1,90,Misty's Staryu,Basic,,50,W,L,x2,,,1,Common,120,,,,Swift,WC,20,"This attack's damage isn't affected by Weakness, Resistance, Pokémon Powers, or any other effects on the Defending Pokémon.",,,,,,,,,Ken Sugimori,
gym1-91,gym1,91,Sabrina's Abra,Basic,,40,P,P,x2,,,0,Common,63,,,,Energy Loop,P,20,Return a Psychic Energy card attached to Sabrina's Abra to your hand in order to use this attack.,,,,,,,,,Ken Sugimori,
gym1-92,gym1,92,Sabrina's Drowzee,Basic,,50,P,P,x2,,,1,Common,96,,,,Suggestion,P,,"Flip a coin. If heads, the Defending Pokémon can't attack during your opponent's next turn.",Headbutt,CC,20,,,,,,Atsuko Nishida,
gym1-93,gym1,93,Sabrina's Gastly,Basic,,50,P,,,F,-30,1,Common,92,,,,Spook,PC,20,The Defending Pokémon can't retreat during your opponent's next turn.,,,,,,,,,Ken Sugimori,
gym1-94,gym1,94,Sabrina's Mr. Mime,Basic,,50,P,P,x2,,,1,Common,122,,,,Sleight of Hand,C,,"Choose up to 3 cards from your hand and put them on top of your deck. Then search your deck for that many basic Energy cards. Show those cards to your opponent, then put them into your hand. Shuffle your deck afterward.",Slap,PC,20,,,,,,Ken Sugimori,
gym1-95,gym1,95,Sabrina's Slowpoke,Basic,,50,P,P,x2,,,1,Common,79,,,,Lazy Attack,PC,30,Sabrina's Slowpoke is now Asleep (after doing damage).,,,,,,,,,Ken Sugimori,
gym1-96,gym1,96,Sabrina's Venonat,Basic,,40,G,R,x2,,,1,Common,48,,,,Poison Antennae,G,,The Defending Pokémon is now Poisoned.,Removal Beam,PC,20,"If the Defending Pokémon has any Energy cards attached to it, flip a coin. If heads, choose 1 of those Energy cards and discard it.",,,,,Ken Sugimori,
gym2-1,gym2,1,Blaine's Arcanine,Stage 1,Blaine's Growlithe,90,R,W,x2,,,3,Rare Holo,59,,,,Heat Tackle,RCC,40,Blaine's Arcanine does 10 damage to itself.,Firestorm,RRRR,120,Discard 3 Fire Energy cards attached to Blaine's Arcanine in order to use this attack.,,,,,Ken Sugimori,
gym2-2,gym2,2,Blaine's Charizard,Stage 2,Blaine's Charmeleon,100,R,W,x2,F,-30,3,Rare Holo,6,,,,Roaring Flames,R,20+,"Discard all Fire Energy cards attached to Blaine's Charizard. If all Energy cards attached to Blaine's Charizard provide 2 Fire Energy, discard all of them. This attack does 20 damage plus 20 more damage for each Fire Energy discarded in this way.",Flame Jet,RR,,"Flip a coin. If heads, choose 1 of your opponent's Pokémon. This attack does 40 damage to that Pokémon. Don't apply Weakness and Resistance for this attack. (Any other effects that would happen after applying Weakness and Resistance still happen.)",,,,,Ken Sugimori,
gym2-3,gym2,3,Brock's Ninetales,Stage 1,Brock's Vulpix,70,R,W,x2,,,1,Rare Holo,38,Pokémon Power,Shapeshift,"Once during your turn (before your attack), you may attach an Evolution card from your hand to Brock's Ninetales. (This doesn't count as evolving Brock's Ninetales.) Treat Brock's Ninetales as if it were that Pokémon instead. It can't evolve, devolve, or use the Pokémon Power of that Pokémon. During your turn, you may discard the Evolution card attached to Brock's Ninetales. This power can't be used if Brock's Ninetales is Asleep, Confused, or Paralyzed. If Brock's Ninetales becomes Asleep, Confused, or Paralyzed, discard all Evolution cards attached to it.",Will-o'-the-wisp,RR,30,,,,,,,,,,Ken Sugimori,
gym2-4,gym2,4,Erika's Venusaur,Stage 2,Erika's Ivysaur,90,G,R,x2,,,2,Rare Holo,3,,,,Growth,G,,"Flip a coin. If heads, you may attach up to 2 Grass Energy cards from your hand to Erika's Venusaur.",Wide Solarbeam,GGGG,20,"If your opponent has any Benched Pokémon, choose 2 of them (or 1 if he or she only has 1). This attack does 20 damage to each of them. (Don't apply Weakness and Resistance for Benched Pokémon.)",,,,,Ken Sugimori,
gym2-5,gym2,5,Giovanni's Gyarados,Stage 1,Giovanni's Magikarp,90,W,G,x2,F,-30,3,Rare Holo,130,,,,Summon Storm,W,,"Flip 2 coins. If both of them are heads, this attack does 20 damage to each other Pokémon (even your own). Don't apply Weakness and Resistance for this attack.",Dragon Tornado,WWCC,40,"Unless this attack Knocks Out the Defending Pokémon, choose 1 of your opponent's Benched Pokémon and switch it with the Defending Pokémon.",,,,,Ken Sugimori,
gym2-6,gym2,6,Giovanni's Machamp,Stage 2,Giovanni's Machoke,100,F,P,x2,,,3,Rare Holo,68,Pokémon Power,Fortitude,"If Giovanni's Machamp would be Knocked Out by an opponent's attack, flip a coin. If heads, Giovanni's Machamp is not Knocked Out and its remaining HP become 10 instead. This power can't be used if Giovanni's Machamp is already Asleep, Confused, or Paralyzed.",Hurricane Punch,FFFC,30×,Flip 4 coins. This attack does 30 damage times the number of heads.,,,,,,,,,Ken Sugimori,
gym2-7,gym2,7,Giovanni's Nidoking,Stage 2,Giovanni's Nidorino,120,G,P,x2,,,3,Rare Holo,34,,,,Intimidate,G,,"If the Defending Pokémon's maximum HP is 50 or less, it can't attack Giovanni's Nidoking during your opponent's next turn. (Benching or evolving either Pokémon ends this effect.)",Tumbling Attack,GGGC,40+,"Flip a coin. If heads, this attack does 40 damage plus 30 more damage; if tails, this attack does 40 damage.",,,,,Ken Sugimori,
gym2-8,gym2,8,Giovanni's Persian,Stage 1,Giovanni's Meowth,60,C,F,x2,P,-30,0,Rare Holo,53,Pokémon Power,Call the Boss,"When you play Giovanni's Persian from your hand, you may search your deck for the Trainer card named Giovanni, show it to your opponent, and put it into your hand. Shuffle your deck afterward.",Ambush,CCC,20+,"Flip a coin. If heads, this attack does 20 damage plus 20 more damage; if tails, this attack does 20 damage.",,,,,,,,,Ken Sugimori,
gym2-9,gym2,9,Koga's Beedrill,Stage 2,Koga's Kakuna,80,G,R,x2,F,-30,0,Rare Holo,15,,,,Nerve Poison,GG,20,"Flip a coin. If heads, the Defending Pokémon is now Paralyzed and Poisoned.",Hyper Needle,CCC,70,"Flip a coin. If tails, this attack does nothing. Either way, you can't use this attack again as long as Koga's Beedrill stays in play (even putting Koga's Beedrill on the Bench won't let you use it again).",,,,,Ken Sugimori,
gym2-10,gym2,10,Koga's Ditto,Basic,,40,C,F,x2,P,-30,1,Rare Holo,132,,,,Giant Growth,C,,"Flip a coin. If heads, Koga's Ditto's maximum HP is now 80 and Koga's Ditto's Pound attack's base damage is 30 instead of 10. (Benching Koga's Ditto ends this effect.)",Pound,C,10,,,,,,Ken Sugimori,
gym2-11,gym2,11,Lt. Surge's Raichu,Stage 1,Lt. Surge's Pikachu,80,L,F,x2,,,2,Rare Holo,26,,,,Kerzap,LL,20+,"Flip a coin. If heads, this attack does 20 damage plus 30 more damage to the Defending Pokémon and discard all Lightning Energy cards attached to Lt. Surge's Raichu. If tails, this attack does 20 damage.",Thundertackle,LLCC,40,"Flip a coin. If heads, the Defending Pokémon is now Paralyzed. If tails, Lt. Surge's Raichu does 20 damage to itself.",,,,,Ken Sugimori,
gym2-12,gym2,12,Misty's Golduck,Stage 1,Misty's Psyduck,70,W,G,x2,,,1,Rare Holo,55,,,,Electro Beam,WC,40,"Flip a coin. If tails, discard all Energy cards attached to Misty's Golduck.",Super Removal,PC,,"Flip a coin. If heads, choose 1 Energy card attached to each of your opponent's Pokémon that has any Energy cards and discard those Energy cards.",,,,,Ken Sugimori,
gym2-13,gym2,13,Misty's Gyarados,Stage 1,Misty's Magikarp,100,W,G,x2,F,-30,3,Rare Holo,130,Pokémon Power,Rebellion,"Whenever Misty's Gyarados attacks, flip 2 coins. If both of them are tails, that attack does nothing. Instead, shuffle Misty's Gyarados and all cards attached to it into your deck. (This power works even if Misty's Gyarados is Confused.)",Tidal Wave,WWWW,70,,,,,,,,,,Ken Sugimori,
gym2-14,gym2,14,Rocket's Mewtwo,Basic,,70,P,P,x2,,,2,Rare Holo,150,,,,Juxtapose,P,,"Flip a coin. If heads, switch the number of damage counters on Rocket's Mewtwo with the number of damage counters on the Defending Pokémon (even if it would Knock Out either Pokémon). (It's okay if 1 of the Pokémon has no damage counters on it.)",Hypnoblast,PP,20,"Flip a coin. If heads, the Defending Pokémon is now Asleep.",Psyburn,PPPC,60,,Shin-ichi Yoshida,
gym2-15,gym2,15,Rocket's Zapdos,Basic,,70,L,,,F,-30,2,Rare Holo,145,,,,Plasma,L,20,"If there are any Lightning Energy cards in your discard pile, attach 1 of them to Rocket's Zapdos.",Electroburn,LLLC,70,Rocket's Zapdos does damage to itself equal to 10 times the number of Lightning Energy cards attached to it.,,,,,Shin-ichi Yoshida,
gym2-16,gym2,16,Sabrina's Alakazam,Stage 2,Sabrina's Kadabra,80,P,P,x2,,,3,Rare Holo,65,Pokémon Power,Psylink,"Sabrina's Alakazam always has a copy of every attack your Psychic Pokémon in play have (including their Energy costs and anything else required in order to use those attacks, such as discarding Energy cards). This power can't be used if Sabrina's Alakazam is Asleep, Confused, or Paralyzed.",Mega Burn,PCCC,60,You can't use this attack during your next turn.,,,,,,,,,Ken Sugimori,
gym2-21,gym2,21,Blaine's Ninetales,Stage 1,Blaine's Vulpix,60,R,W,x2,,,2,Rare,38,Pokémon Power,Healing Fire,"Whenever you attach a Fire Energy card from your hand to Blaine's Ninetales, remove 1 damage counter from it, if it has any. This power stops working when Blaine's Ninetales is Asleep, Confused, or Paralyzed.",Burn Up,RR,50,"Flip a coin. If tails, discard all Fire Energy cards attached to Blaine's Ninetales.",,,,,,,,,Ken Sugimori,
gym2-22,gym2,22,Brock's Dugtrio,Stage 1,Brock's Diglett,60,F,G,x2,L,-30,1,Rare,51,,,,Lie Low,F,,All damage done to Brock's Dugtrio during your opponent's next turn is reduced by 20 (after applying Weakness and Resistance).,Earthdrill,FFC,60,This attack can't be used unless Brock's Dugtrio used its Lie Low attack last turn.,,,,,Ken Sugimori,
gym2-23,gym2,23,Giovanni's Nidoqueen,Stage 2,Giovanni's Nidorina,100,G,P,x2,,,3,Rare,31,,,,Mega Kick,GGC,40,,Love Lariat,GGCC,50+,"Flip a coin. If heads, this attack does 50 damage plus 50 more damage if you have at least 1 Giovanni's Nidoking on your Bench. If tails, this attack does nothing.",,,,,Ken Sugimori,
gym2-24,gym2,24,Giovanni's Pinsir,Basic,,70,G,R,x2,,,2,Rare,127,,,,Snapping Pincers,GC,10+,"Flip a coin. If heads, this attack does 10 damage plus 10 more damage; if tails, this attack does 10 damage.",Overhead Toss,GCC,40,"If you have any Benched Pokémon, flip a coin. If tails, choose 1 of your Benched Pokémon. This attack does 20 damage to that Pokémon. (Don't apply Weakness and Resistance for Benched Pokémon.)",,,,,Ken Sugimori,
gym2-25,gym2,25,Koga's Arbok,Stage 1,Koga's Ekans,90,G,P,x2,,,2,Rare,24,,,,Poison Buildup,G,,Koga's Arbok is now Poisoned.,Poison Power,GG,20,"If Koga's Arbok is Poisoned, this attack's base damage is 40 instead of 20 and the Defending Pokémon is now Poisoned.",,,,,Ken Sugimori,
gym2-26,gym2,26,Koga's Muk,Stage 1,Koga's Grimer,80,G,P,x2,,,3,Rare,89,Pokémon Power,Energy Drain,"If an opponent's attack does damage to Koga's Muk (even if Koga's Muk is Knocked Out), flip a coin. If heads and if it has any, choose 1 Energy card attached to the attacking Pokémon and discard it. This power can't be used if Koga's Muk is already Asleep, Confused, or Paralyzed when your opponent attacks.",Sludge Whirlpool,GGC,40,,,,,,,,,,Ken Sugimori,
gym2-27,gym2,27,Koga's Pidgeotto,Stage 1,Koga's Pidgey,60,C,L,x2,F,-30,0,Rare,17,,,,Quick Turn,CCC,30×,Flip 2 coins. This attack does 30 damage times the number of heads.,Aerial Maneuvers,CCCC,10+,"Flip a coin. If heads, this attack does 10 damage plus 30 more damage, and, during your opponent's next turn, prevent all effects of attacks, including damage, done to Koga's Pidgeotto. If tails, this attack does 10 damage.",,,,,Ken Sugimori,
gym2-28,gym2,28,Lt. Surge's Jolteon,Stage 1,Lt. Surge's Eevee,70,L,F,x2,,,1,Rare,135,,,,High Voltage,LC,20,"Flip a coin. If heads, your opponent can't play Trainer cards during his or her next turn.",Thunder Flare,LLL,30+,"Does 30 damage plus 10 damage times the number of damage counters on Lt. Surge's Jolteon, then flip a coin. If tails, Lt. Surge's Jolteon does 30 damage to itself.",,,,,Ken Sugimori,
gym2-29,gym2,29,Sabrina's Gengar,Stage 2,Sabrina's Haunter,90,P,,,F,-30,2,Rare,94,,,,Dark Wave,PP,20,All Pokémon Powers stop working until the end of your opponent's next turn.,Shadow Bind,PPP,40,The Defending Pokémon can't retreat during your opponent's next turn.,,,,,Ken Sugimori,
gym2-30,gym2,30,Sabrina's Golduck,Stage 1,Sabrina's Psyduck,70,W,L,x2,,,2,Rare,55,,,,Damage Shift,PP,,Move 1 damage counter from each of your Pokémon that has any on it to the Defending Pokémon. (Don't apply Weakness and Resistance.),Water Spray,WCC,20+,"Flip a coin. If heads, this attack does 20 damage plus 20 more damage; if tails, this attack does 20 damage.",,,,,Ken Sugimori,
gym2-31,gym2,31,Blaine's Charmeleon,Stage 1,Blaine's Charmander,70,R,W,x2,,,2,Uncommon,5,,,,Fire Claws,RR,30,,Bonfire,RRR,,"Flip 3 coins. For each heads, discard 1 Fire Energy card attached to Blaine's Charmeleon. If you can't discard Energy cards, this attack does nothing. This attack does 10 damage times the number of heads to each of your opponent's Pokémon. Don't apply Weakness and Resistance for this attack. (Any other effects that would happen after applying Weakness and Resistance still happen.)",,,,,Ken Sugimori,
gym2-32,gym2,32,Blaine's Dodrio,Stage 1,Blaine's Doduo,70,C,L,x2,F,-30,1,Uncommon,85,,,,Mega Peck,CC,50,"Flip a coin. If tails, this attack does nothing.",,,,,,,,,Ken Sugimori,
gym2-33,gym2,33,Blaine's Rapidash,Stage 1,Blaine's Ponyta,70,R,W,x2,,,0,Uncommon,78,,,,Fire Mane,R,20,,Stamp,RCC,30+,"Flip a coin. If heads, this attack does 30 damage plus 10 more damage (to the Defending Pokémon) and 10 damage to each of your opponent's Benched Pokémon. (Don't apply Weakness and Resistance for Benched Pokémon.) If tails, this attack does 30 damage (to the Defending Pokémon).",,,,,Ken Sugimori,
gym2-34,gym2,34,Brock's Graveler,Stage 1,Brock's Geodude,70,F,G,x2,,,2,Uncommon,75,,,,Tackle,CC,20,,Detonate,FFF,50,"Does 10 damage to each Pokémon on each player's bench. (Don't apply Weakness and Resistance for Benched Pokémon.) Brock's Graveler does 50 damage to itself. If there is a Stadium card in play, discard it.",,,,,Atsuko Nishida,
gym2-35,gym2,35,Brock's Primeape,Stage 1,Brock's Mankey,70,F,P,x2,,,1,Uncommon,57,Pokémon Power,Scram,"If Brock's Primeape ever has exactly 10 HP left, shuffle it and all cards attached to it into your deck. This power stops working while Brock's Primeape is Asleep, Confused, or Paralyzed.",Mega Thrash,FFF,60,"Brock's Primeape does 20 damage to itself. If there is a Stadium card in play, discard it.",,,,,,,,,Ken Sugimori,
gym2-36,gym2,36,Brock's Sandslash,Stage 1,Brock's Sandshrew,70,F,G,x2,L,-30,1,Uncommon,28,,,,Swift,FC,20,"This attack's damage isn't affected by Weakness, Resistance, Pokémon Powers, or any other effects on the Defending Pokémon.",Needle Ball,FF,30,"Flip a coin. If heads, the Defending Pokémon is now Poisoned.",,,,,Atsuko Nishida,
gym2-37,gym2,37,Brock's Vulpix,Basic,,50,R,W,x2,,,1,Uncommon,37,,,,Hypnotic Gaze,C,,The Defending Pokémon is now Asleep.,Fire Ring,RR,20,"If your opponent has any Benched Pokémon, choose 1 of them and this attack does 10 damage to it. (Don't apply Weakness and Resistance for Benched Pokémon.)",,,,,Ken Sugimori,
gym2-38,gym2,38,Erika's Bellsprout,Basic,,40,G,R,x2,,,1,Uncommon,69,Pokémon Power,Soak Up,"Once during your turn (before your attack), you may take up to 2 Grass Energy cards attached to your other Pokémon and attach them to Erika's Bellsprout. This power can't be used if Erika's Bellsprout is Asleep, Confused, or Paralyzed.",Stretch Vine,G,,"Choose 1 of your opponent's Benched Pokémon, and this attack does 10 damage to it. (Don't apply Weakness and Resistance for Benched Pokémon.)",,,,,,,,,Ken Sugimori,
gym2-39,gym2,39,Erika's Bulbasaur,Basic,,50,G,R,x2,,,1,Uncommon,1,,,,Sleep Seed,G,10,The Defending Pokémon is now Asleep.,Errand-Running,GG,,"Flip a coin. If heads, you may search your deck for a Trainer card. Show it to your opponent and put it into your hand. Shuffle your deck afterward.",,,,,Ken Sugimori,
gym2-40,gym2,40,Erika's Clefairy,Basic,,50,C,F,x2,P,-30,1,Uncommon,35,,,,Lunar Power,C,,"Flip a coin. If heads, search your deck for a card that evolves from 1 of your Benched Pokémon and put that card on that Pokémon. (This counts as evolving that Pokémon.) Shuffle your deck afterward.",Moon Kick,CC,20,,,,,,Atsuko Nishida,
gym2-41,gym2,41,Erika's Ivysaur,Stage 1,Erika's Bulbasaur,60,G,R,x2,,,2,Uncommon,2,Pokémon Power,Relaxing Scent,"As long as Erika's Ivysaur is your Active Pokémon, whenever an attack (even your own) does damage to any Pokémon (after applying Weakness and Resistance), that attack only does half the damage to that Pokémon (rounded up to the nearest 10). (Any other effects of attacks still happen.) This power stops working while Erika's Ivysaur is Asleep, Confused, or Paralyzed.",Double Razor Leaf,GGG,40×,Flip 2 coins. This attack does 40 damage times the number of heads.,,,,,,,,,Ken Sugimori,
gym2-42,gym2,42,Giovanni's Machoke,Stage 1,Giovanni's Machop,80,F,P,x2,,,2,Uncommon,67,,,,Risky Attack,F,60,"Flip a coin. If tails, this attack does no damage to the Defending Pokémon and Giovanni's Machoke does 100 damage to itself.",Headlock,FFC,20+,"Flip a coin. If heads, this attack does 20 damage plus 20 more damage and the Defending Pokémon is now Paralyzed. If tails, this attack does 20 damage.",,,,,Ken Sugimori,
gym2-43,gym2,43,Giovanni's Meowth,Basic,,40,C,F,x2,P,-30,1,Uncommon,52,,,,False Charity,C,,"Flip a coin. If heads, look at the top card of your opponent's deck. If it's a Trainer card, put it in your opponent's discard pile; otherwise, put it into his or her hand.",Double Scratch,CC,20×,Flip 2 coins. This attack does 20 damage times the number of heads.,,,,,Atsuko Nishida,
gym2-44,gym2,44,Giovanni's Nidorina,Stage 1,Giovanni's Nidoran ♀,80,G,P,x2,,,2,Uncommon,30,,,,Poison Sting Tackle,GC,30,"Giovanni's Nidorina does 20 damage to itself. Flip a coin. If heads, the Defending Pokémon is now Poisoned.",Body Slam,GCC,20,"Flip a coin. If heads, the Defending Pokémon is now Paralyzed.",,,,,Ken Sugimori,
gym2-45,gym2,45,Giovanni's Nidorino,Stage 1,Giovanni's Nidoran ♂,70,G,P,x2,,,2,Uncommon,33,,,,Rend,GCC,20+,"If the Defending Pokémon already has any damage counters on it, this attack does 20 damage plus 20 more damage. If not, this attack does 20 damage.",,,,,,,,,Ken Sugimori,
gym2-46,gym2,46,Koga's Golbat,Stage 1,Koga's Zubat,60,G,P,x2,F,-30,0,Uncommon,42,,,,Bite,CC,20,,Sonic Scream,GGG,30,"Flip a coin. If heads, the Defending Pokémon is now Confused.",,,,,Ken Sugimori,
gym2-47,gym2,47,Koga's Kakuna,Stage 1,Koga's Weedle,60,G,R,x2,,,2,Uncommon,14,Pokémon Power,Emerge,"Once during your turn (before your attack), you may flip a coin. If heads, search your deck for an Evolution card named Koga's Beedrill and put it on Koga's Kakuna. (This counts as evolving Koga's Kakuna.) Shuffle your deck afterward. This power can't be used if Koga's Kakuna is Asleep, Confused, or Paralyzed.",Toxic Secretion,G,,"Flip a coin. If heads, the Defending Pokémon is now Poisoned. It now takes 20 Poison damage instead of 10 after each player's turn (even if it was already Poisoned).",,,,,,,,,Ken Sugimori,
gym2-48,gym2,48,Koga's Koffing,Basic,,50,G,P,x2,,,1,Uncommon,109,,,,Smokescreen,G,10,"If the Defending Pokémon tries to attack during your opponent's next turn, your opponent flips a coin. If tails, that attack does nothing.",Obscuring Gas,GC,30,"Flip a coin. If heads, shuffle Koga's Koffing and all cards attached to it into your deck (after doing damage).",,,,,Ken Sugimori,
gym2-49,gym2,49,Koga's Pidgey,Basic,,40,C,L,x2,F,-30,1,Uncommon,16,,,,Messenger,C,,"Put Koga's Pidgey and all cards attached to it on top of your deck. Then search your deck for any Basic Pokémon or Evolution card not named Koga's Pidgey. Show that card to your opponent, then put it into your hand. Shuffle your deck afterward.",Wing Attack,CC,20,,,,,,Atsuko Nishida,
gym2-50,gym2,50,Koga's Weezing,Stage 1,Koga's Koffing,70,G,P,x2,,,2,Uncommon,110,,,,Spontaneous Explosion,GG,10+,"Flip a coin. If heads, this attack does 10 damage plus 30 more damage and Koga's Weezing does 30 damage to itself; if tails, this attack does 10 damage.",Toxic Cloud,GGC,20,"Flip a coin. If heads, the Defending Pokémon is now Poisoned. It now takes 20 Poison damage instead of 10 after each player's turn (even if it was already Poisoned).",,,,,Ken Sugimori,
gym2-51,gym2,51,Lt. Surge's Eevee,Basic,,40,C,F,x2,P,-30,1,Uncommon,133,,,,Surprise,C,,Look at a random card from your opponent's hand. Your opponent shuffles that card into his or her deck.,Scratch,CC,20,,,,,,Ken Sugimori,
gym2-52,gym2,52,Lt. Surge's Electrode,Stage 1,Lt. Surge's Voltorb,70,L,F,x2,,,2,Uncommon,101,Pokémon Power,Shock Blast,"If Lt. Surge's Electrode is your Active Pokémon and gets damaged (even if it's Knocked Out), flip a coin. If tails, this power does 20 damage to each Active Pokémon. This power works even if Lt. Surge's Electrode is already Asleep, Confused, or Paralyzed when it takes damage.",Power Ball,LLC,30+,Flip 3 coins. This attack does 30 damage plus 10 more damage for each heads.,,,,,,,,,Ken Sugimori,
gym2-53,gym2,53,Lt. Surge's Raticate,Stage 1,Lt. Surge's Rattata,60,C,F,x2,P,-30,1,Uncommon,20,,,,Focus Energy,C,,"During your next turn, Lt. Surge's Raticate's Double-edge attack's damage (base damage and damage to itself) is doubled.",Double-edge,CC,40,Lt. Surge's Raticate does 20 damage to itself.,,,,,Ken Sugimori,
gym2-54,gym2,54,Misty's Dewgong,Stage 1,Misty's Seel,80,W,L,x2,,,2,Uncommon,87,,,,Ice Throw,WW,20,"If the Defending Pokémon is Fighting, this attack's base damage is doubled.",Take Down,WCCC,60,Misty's Dewgong does 20 damage to itself.,,,,,Ken Sugimori,
gym2-55,gym2,55,Sabrina's Haunter,Stage 1,Sabrina's Gastly,70,P,,,F,-30,0,Uncommon,93,,,,Nightmare,PP,20,The Defending Pokémon is now Asleep.,Shadow Attack,PPP,,"Flip a coin. If heads, and if your opponent has any Benched Pokémon, choose 1 of them and this attack does 30 damage to it. (Don't apply Weakness and Resistance for Benched Pokémon.)",,,,,Ken Sugimori,
gym2-56,gym2,56,Sabrina's Hypno,Stage 1,Sabrina's Drowzee,70,P,P,x2,,,2,Uncommon,97,,,,Invigorate,P,,Choose 1 Basic Pokémon in any player's discard pile. Put it onto that player's Bench. Put a number of damage counters on that Pokémon equal to half its HP (rounded down to the nearest 10). (You can't put a Pokémon on a Bench that's full.),Pendulum Curse,PP,20×,Flip a number of coins equal to the number of damage counters on the Defending Pokémon. This attack does 20 damage times the number of heads.,,,,,Ken Sugimori,
gym2-57,gym2,57,Sabrina's Jynx,Basic,,60,P,P,x2,,,1,Uncommon,124,,,,Helping Hand,P,,"Choose 1 of your opponent's Pokémon. Remove any number of damage counters from that Pokémon, then draw that many cards.",Hug,PC,20,"Flip a coin. If heads, the Defending Pokémon can't retreat during your opponent's next turn.",,,,,Atsuko Nishida,
gym2-58,gym2,58,Sabrina's Kadabra,Stage 1,Sabrina's Abra,70,P,P,x2,,,1,Uncommon,64,,,,Life Drain,P,,"Flip a coin. If heads, put a number of damage counters on the Defending Pokémon so that its remaining HP are 10.",Psyshot,PCC,30,,,,,,Ken Sugimori,
gym2-59,gym2,59,Sabrina's Mr. Mime,Basic,,60,P,P,x2,,,1,Uncommon,122,,,,Magic Darts,PC,,Choose 1 of your opponent's Pokémon and flip 3 coins. This attack does 10 damage times the number of heads to that Pokémon. Don't apply Weakness and Resistance for this attack.,,,,,,,,,Ken Sugimori,
gym2-60,gym2,60,Blaine's Charmander,Basic,,50,R,W,x2,,,1,Common,4,,,,Fire Tail Slap,R,20,"Use this attack only if there are any Fire Energy cards attached to Blaine's Charmander. Flip a coin. If tails, discard 1 of those cards.",,,,,,,,,Ken Sugimori,
gym2-61,gym2,61,Blaine's Doduo,Basic,,50,C,L,x2,F,-30,0,Common,84,,,,Wild Kick,C,20,"Flip a coin. If tails, this attack does nothing.",Retaliate,CC,10×,Does 10 damage times the number of damage counters on Blaine's Doduo.,,,,,Ken Sugimori,
gym2-62,gym2,62,Blaine's Growlithe,Basic,,60,R,W,x2,,,1,Common,58,,,,Stoke,R,,Search your deck for a Fire Energy card and attach it to Blaine's Growlithe. Shuffle your deck afterward.,Body Slam,RCC,20,"Flip a coin. If heads, the Defending Pokémon is now Paralyzed.",,,,,Ken Sugimori,
gym2-63,gym2,63,Blaine's Mankey,Basic,,40,F,P,x2,,,0,Common,56,,,,Pranks,C,,"Flip a coin. If heads, choose a card from your opponent's discard pile and put it on top of his or her deck.",Fury Swipes,F,10×,Flip 3 coins. This attack does 10 damage times the number of heads.,,,,,Atsuko Nishida,
gym2-64,gym2,64,Blaine's Ponyta,Basic,,50,R,W,x2,,,1,Common,77,,,,Hind Kick,CC,20,"If you have any Benched Pokémon, flip a coin. If heads, switch Blaine's Ponyta with 1 of your Benched Pokémon.",,,,,,,,,Ken Sugimori,
gym2-65,gym2,65,Blaine's Rhyhorn,Basic,,60,F,G,x2,L,-30,2,Common,111,,,,Horn Charge,F,30,"Flip a coin. If tails, this attack does nothing.",Overrun,CCC,20,"Flip a coin. If heads and if your opponent has any Benched Pokémon, choose 1 of them and this attack does 20 damage to it. (Don't apply Weakness and Resistance for Benched Pokémon.)",,,,,Ken Sugimori,
gym2-66,gym2,66,Blaine's Vulpix,Basic,,50,R,W,x2,,,1,Common,37,,,,Bite,C,10,,Call Will-o'-the-wisp,R,,"Flip 3 coins. For each heads, if you have a Fire Energy card in your discard pile, put it into your hand.",,,,,Ken Sugimori,
gym2-67,gym2,67,Brock's Diglett,Basic,,40,F,G,x2,L,-30,1,Common,50,,,,Surprise Attack,F,20,"Flip a coin. If tails, this attack does nothing.",Tremor,FC,40,Does 10 damage to each of your own Benched Pokémon. (Don't apply Weakness and Resistance for Benched Pokémon.),,,,,Ken Sugimori,
gym2-68,gym2,68,Brock's Geodude,Basic,,50,F,G,x2,,,1,Common,74,,,,Rock Toss,F,10×,Flip 3 coins. This attack does 10 damage times the number of heads.,,,,,,,,,Ken Sugimori,
gym2-69,gym2,69,Erika's Jigglypuff,Basic,,50,C,F,x2,P,-30,1,Common,39,,,,Group Therapy,C,,You and your opponent remove 1 damage counter from each of your Pokémon with damage counters on them.,Pulled Punch,CC,40-,"If the Defending Pokémon has no damage counters on it, this attack does 40 damage. If it has any damage counters on it, this attack does 10 damage.",,,,,Ken Sugimori,
gym2-70,gym2,70,Erika's Oddish,Basic,,40,G,R,x2,,,1,Common,43,,,,Strange Powder,G,10,"Flip a coin. If heads, the Defending Pokémon is now Confused; if tails, the Defending Pokémon is now Asleep.",,,,,,,,,Ken Sugimori,
gym2-71,gym2,71,Erika's Paras,Basic,,50,G,R,x2,,,1,Common,46,,,,Irongrip,C,10,,Poison Spore,GG,,"Flip a coin. If heads, the Defending Pokémon is now Poisoned and this attack does 10 damage to each of your opponent's Benched Pokémon. (Don't apply Weakness and Resistance for Benched Pokémon.)",,,,,Ken Sugimori,
gym2-72,gym2,72,Giovanni's Machop,Basic,,50,F,P,x2,,,1,Common,66,,,,Chop,C,10,,Fury Punch,FF,20×,"Flip a coin. If heads, this attack does 20 damage times the number of damage counters on Giovanni's Machop.",,,,,Ken Sugimori,
gym2-73,gym2,73,Giovanni's Magikarp,Basic,,30,W,L,x2,,,1,Common,129,,,,Ancestral Memory,W,40,"Flip a coin. If tails, this attack does nothing. Either way, you can't use this attack again as long as Giovanni's Magikarp stays in play (even putting Giovanni's Magikarp on the Bench won't let you use it again).",Flail Around,WC,10×,Flip 3 coins. This attack does 10 damage times the number of heads.,,,,,Ken Sugimori,
gym2-74,gym2,74,Giovanni's Meowth,Basic,,50,C,F,x2,P,-30,2,Common,52,,,,Cat Fleas,C,,"Flip a coin. If heads, the Defending Pokémon is now Confused.",Cat Kick,CCC,30,,,,,,Ken Sugimori,
gym2-75,gym2,75,Giovanni's Nidoran ♀,Basic,,50,G,P,x2,,,1,Common,29,,,,Horn Thrust,G,20,"Flip a coin. If tails, this attack does nothing.",Double-edge,CC,30,Giovanni's Nidoran ♀ does 20 damage to itself.,,,,,Ken Sugimori,
gym2-76,gym2,76,Giovanni's Nidoran ♂,Basic,,40,G,P,x2,,,1,Common,32,,,,Double Kick,C,10×,Flip 2 coins. This attack does 10 damage times the number of heads.,Retaliation,G,30,You can't use this attack unless Giovanni's Nidoran ♂ has 2 or more damage counters on it.,,,,,Ken Sugimori,
gym2-77,gym2,77,Koga's Ekans,Basic,,50,G,P,x2,,,1,Common,23,,,,Fast-Acting Poison,G,10,"Flip 2 coins. If both are heads, the Defending Pokémon is now Confused and Poisoned.",,,,,,,,,Ken Sugimori,
gym2-78,gym2,78,Koga's Grimer,Basic,,50,G,P,x2,,,1,Common,88,,,,Sludge Grip,G,,"If your opponent has any Benched Pokémon, flip a coin. If heads, choose 1 of your opponent's Benched Pokémon and switch it with the Defending Pokémon. The new Defending Pokémon is now Poisoned.",Sludge Toss,GC,20,,,,,,Ken Sugimori,
gym2-79,gym2,79,Koga's Koffing,Basic,,40,G,P,x2,,,1,Common,109,,,,Smelly Gas,G,10,"Flip a coin. If heads, this attack does 10 damage to each Benched Pokémon (including your own). (Don't apply Weakness and Resistance for Benched Pokémon.)",,,,,,,,,Ken Sugimori,
gym2-80,gym2,80,Koga's Pidgey,Basic,,50,C,L,x2,F,-30,1,Common,16,,,,Peck,C,10,,Sand-attack,CCC,20,"If the Defending Pokémon tries to attack during your opponent's next turn, your opponent flips a coin. If tails, that attack does nothing.",,,,,Ken Sugimori,
gym2-81,gym2,81,Koga's Tangela,Basic,,50,G,R,x2,,,2,Common,114,,,,Sleep Powder,G,10,The Defending Pokémon is now Asleep.,Grasping Vine,GC,,"Flip a coin. If heads, draw 2 cards.",,,,,Atsuko Nishida,
gym2-82,gym2,82,Koga's Weedle,Basic,,40,G,R,x2,,,1,Common,13,,,,Sting,C,10,,Sharp Stinger,GC,10,"Flip a coin. If heads, the Defending Pokémon is now Poisoned; if tails, the Defending Pokémon is now Paralyzed.",,,,,Ken Sugimori,
gym2-83,gym2,83,Koga's Zubat,Basic,,40,G,P,x2,F,-30,0,Common,41,,,,Group Attack,GC,10×,"Does 10 damage times the number of Koga's Zubats you have in play. Before doing damage, you may search your deck for any number of Basic Pokémon named Koga's Zubat and put them onto your Bench. (You can't get more cards with this attack than you have room on your Bench.) If you do, shuffle your deck afterward.",,,,,,,,,Ken Sugimori,
gym2-84,gym2,84,Lt. Surge's Pikachu,Basic,,40,L,F,x2,,,0,Common,25,,,,Quick Attack,CC,10+,"Flip a coin. If heads, this attack does 10 damage plus 20 more damage; if tails, this attack does 10 damage.",,,,,,,,,Atsuko Nishida,
gym2-85,gym2,85,Lt. Surge's Rattata,Basic,,30,C,F,x2,P,-30,0,Common,19,,,,Focus Energy,C,,"During your next turn, Lt. Surge's Rattata's Quick Attack's base damage is doubled.",Quick Attack,CC,10+,"Flip a coin. If heads, this attack does 10 damage plus 20 more damage; if tails, this attack does 10 damage.",,,,,Atsuko Nishida,
gym2-86,gym2,86,Lt. Surge's Voltorb,Basic,,50,L,F,x2,,,1,Common,100,,,,Bouncing Ball,LC,30,"Flip a coin. If tails, Lt. Surge's Voltorb does 10 damage to itself.",,,,,,,,,Atsuko Nishida,
gym2-87,gym2,87,Misty's Horsea,Basic,,50,W,L,x2,,,0,Common,116,,,,Ink Spurt,WW,20,"Flip a coin. If heads, whenever the Defending Pokémon tries to attack, your opponent flips a coin. If tails, that attack does nothing. (This effect lasts until the Defending Pokémon evolves or is Benched.)",,,,,,,,,Ken Sugimori,
gym2-88,gym2,88,Misty's Magikarp,Basic,,30,W,L,x2,,,1,Common,129,,,,Play Dead,C,,"Flip a coin. If heads, during your opponent's next turn, prevent all effects of attacks, including damage, done to Misty's Magikarp.",Leap,C,10,,,,,,Ken Sugimori,
gym2-89,gym2,89,Misty's Poliwag,Basic,,50,W,G,x2,,,1,Common,60,,,,Bubbles,W,20,"Flip a coin. If tails, you can't use this attack during your next turn.",Amnesia,WW,,Choose 1 of the Defending Pokémon's attacks. That Pokémon can't use that attack during your opponent's next turn.,,,,,Ken Sugimori,
gym2-90,gym2,90,Misty's Psyduck,Basic,,60,W,G,x2,,,1,Common,54,,,,ESP,P,,"Flip 3 coins. If exactly 1 is heads, draw a card. If exactly 2 are heads, this attack does 20 damage. If all 3 are heads, choose 1 of the Defending Pokémon's attacks. Misty's Psyduck copies that attack except for its Energy costs. (No matter what type the Defending Pokémon is, Misty's Psyduck's type is still Water.)",,,,,,,,,Ken Sugimori,
gym2-91,gym2,91,Misty's Seel,Basic,,50,W,L,x2,,,1,Common,86,,,,Frostbite,W,10,The Defending Pokémon can't retreat during your opponent's next turn.,Mirage,WC,10,"If the Defending Pokémon tries to attack during your opponent's next turn, your opponent flips a coin. If tails, that attack does nothing.",,,,,Ken Sugimori,
gym2-92,gym2,92,Misty's Staryu,Basic,,40,W,L,x2,,,1,Common,120,,,,Star Boomerang,W,20,"Flip a coin. If heads, return Misty's Staryu and all cards attached to it to your hand. (Either way, this attack does its damage.)",,,,,,,,,Ken Sugimori,
gym2-93,gym2,93,Sabrina's Abra,Basic,,40,P,P,x2,,,0,Common,63,,,,Pound,C,10,,Synchronize,PC,40,This attack can't be used unless Sabrina's Abra and the Defending Pokémon have the same number of Energy cards attached to them.,,,,,Ken Sugimori,
gym2-94,gym2,94,Sabrina's Abra,Basic,,50,P,P,x2,,,1,Common,63,,,,Psyscan,P,,Look at your opponent's hand.,Quick Attack,P,10+,"Flip a coin. If heads, this attack does 10 damage plus 20 more damage; if tails, this attack does 10 damage.",,,,,Ken Sugimori,
gym2-95,gym2,95,Sabrina's Drowzee,Basic,,50,P,P,x2,,,1,Common,96,,,,Energy Support,P,,"Search your deck for a Psychic Energy card. Show that card to your opponent, then put it into your hand. Shuffle your deck afterward.",Mind Shock,PC,20,Don't apply Weakness and Resistance for this attack. (Any other effects that would happen after applying Weakness and Resistance still happen.),,,,,Ken Sugimori,
gym2-96,gym2,96,Sabrina's Gastly,Basic,,30,P,,,F,-30,0,Common,92,,,,Lick,P,10,"Flip a coin. If heads, the Defending Pokémon is now Paralyzed.",Fade Out,PP,30,Return Sabrina's Gastly and all Energy cards attached to it to your hand. (Discard all other cards attached to Sabrina's Gastly.),,,,,Ken Sugimori,
gym2-97,gym2,97,Sabrina's Gastly,Basic,,40,P,,,F,-30,1,Common,92,Pokémon Power,Gaseous Form,"Sabrina's Gastly gets +10 HP for each Psychic Energy card attached to it. This power works even if Sabrina's Gastly is Asleep, Confused, or Paralyzed.",Suffocating Gas,PP,30,,,,,,,,,,Atsuko Nishida,
gym2-98,gym2,98,Sabrina's Porygon,Basic,,40,C,F,x2,P,-30,1,Common,137,,,,Sharp Point,C,10,,Barrier Attack,CC,20,All damage done by attacks to Sabrina's Porygon during your opponent's next turn is reduced by 10 (after applying Weakness and Resistance).,,,,,Ken Sugimori,
gym2-99,gym2,99,Sabrina's Psyduck,Basic,,50,W,L,x2,,,1,Common,54,,,,Scratch,C,10,,Random ESP,P,20,"Flip a coin. If heads, the Defending Pokémon is now Confused. If tails, this attack does no damage and Sabrina's Psyduck is now Confused.",,,,,Ken Sugimori,
neo1-1,neo1,1,Ampharos,Stage 2,Flaaffy,80,L,F,x2,,,2,Rare Holo,181,,,,Gigaspark,LLL,40,"Flip a coin. If heads, the Defending Pokémon is now Paralyzed and this attack does 10 damage to each of your opponent's Benched Pokémon. (Don't apply Weakness and Resistance for Benched Pokémon.)",,,,,,,,,Ken Sugimori,The tail's tip shines brightly and can be seen from far away. It acts as a beacon for lost people.
neo1-2,neo1,2,Azumarill,Stage 1,Marill,70,W,L,x2,,,1,Rare Holo,184,,,,Tackle,CC,20,,Bubble Shower,WWW,30,"Flip a coin. If heads, the Defending Pokémon is now Paralyzed and this attack does 10 damage to each of your opponent's Benched Pokémon. (Don't apply Weakness and Resistance for Benched Pokémon.)",,,,,Ken Sugimori,"By keeping still and listening intently, it can tell what is in even wild, fast-moving rivers."
neo1-3,neo1,3,Bellossom,Stage 2,Gloom,70,G,R,x2,,,2,Rare Holo,182,,,,Sweet Nectar,G,,"Flip a coin. If heads, remove all damage counters from 1 of your Pokémon.",Flower Dance,GGC,30×,Does 30 damage times the number of cards with Bellossom in their names that you have in play (including this one).,,,,,Atsuko Nishida,"Plentiful in the tropics. When it dances, its petals rub together and make a pleasant ringing sound."
neo1-4,neo1,4,Feraligatr,Stage 2,Croconaw,100,W,G,x2,,,3,Rare Holo,160,Pokémon Power,Berserk,"When you play Feraligatr from your hand, flip a coin. If heads, discard the top 5 cards from your opponent's deck. If tails, discard the top 5 cards from your deck.",Chomp,WWWW,50+,Flip a number of coins equal to the number of damage counters on Feraligatr. This attack does 50 damage plus 10 more damage for each heads.,,,,,,,,,Ken Sugimori,"When it bites with its massive and powerful jaws, it shakes its head and savagely tears its victim up."
neo1-5,neo1,5,Feraligatr,Stage 2,Croconaw,120,W,G,x2,,,3,Rare Holo,160,Pokémon Power,Downpour,"As often as you like during your turn (before your attack), you may discard a Water Energy card from your hand. This power can't be used if Feraligatr is Asleep, Confused, or Paralyzed.",Riptide,WWW,10+,"Does 10 damage plus 10 damage times the number of Water Energy cards in your discard pile. Then, shuffle all Water Energy cards from your discard pile into your deck.",,,,,,,,,Ken Sugimori,"It is hard for it to support its own weight out of water, so it gets down on all fours. But it moves fast."
neo1-6,neo1,6,Heracross,Basic,,60,G,R,x2,,,2,Rare Holo,214,Pokémon Power,Final Blow,"If Heracross's remaining HP are 20 or less, you may make its Megahorn attack's base damage 120 instead of 60. This power can't be used if Heracross is Asleep, Confused, or Paralyzed.",Megahorn,GGG,60,"Flip a coin. If tails, this attack does nothing.",,,,,,,,,Ken Sugimori,"This powerful Pokémon thrusts its prized horn under its enemies' bellies, then lifts and throws them."
neo1-7,neo1,7,Jumpluff,Stage 2,Skiploom,70,G,R,x2,F,-30,0,Rare Holo,189,,,,Sleep Powder,G,20,The Defending Pokémon is now Asleep.,Leech Seed,G,20,"If this attack damages the Defending Pokémon (after applying Weakness and Resistance), remove 1 damage counter from Jumpluff, if it has any.",,,,,Atsuko Nishida,"Once it catches the wind, it deftly controls its cotton-puff spores to float, even around the world."
neo1-8,neo1,8,Kingdra,Stage 2,Seadra,90,W,,,,,2,Rare Holo,230,,,,Agility,WWC,30,"Flip a coin. If heads, during your opponent's next turn, prevent all effects of attacks, including damage, done to Kingdra.",Dragon Tornado,WWWW,50,"If this attack doesn't Knock Out the Defending Pokémon, and if there are any Pokémon on your opponent's Bench, choose 1 of them and switch it with the Defending Pokémon.",,,,,Ken Sugimori,It is said that it usually hides in underwater caves. It can create whirlpools by yawning.
neo1-9,neo1,9,Lugia,Basic,,90,C,P,x2,F,-30,2,Rare Holo,249,,,,Elemental Blast,RWL,90,"Discard a Fire Energy card, a Water Energy card, and a Lightning Energy card attached to Lugia in order to use this attack.",,,,,,,,,Hironobu Yoshida,"It is said that it quietly spends its time deep at the bottom of the sea, because its powers are too strong."
neo1-10,neo1,10,Meganium,Stage 2,Bayleef,100,G,R,x2,,,3,Rare Holo,154,Pokémon Power,Herbal Scent,"When you play Meganium from your hand, you may flip a coin. If heads, remove all damage counters from all Grass Pokémon in play.",Body Slam,GGCC,40,"Flip a coin. If heads, the Defending Pokémon is now Paralyzed.",,,,,,,,,Ken Sugimori,Meganium's breath has the power to revive dead grass and plants. It can make them healthy again.
neo1-11,neo1,11,Meganium,Stage 2,Bayleef,100,G,R,x2,,,3,Rare Holo,154,Pokémon Power,Wild Growth,"As long as Meganium is in play each Grass Energy card attached to your Grass Pokémon instead provides GrassGrass. This power stops working while Meganium is Asleep, Confused, or Paralyzed.",Soothing Scent,GGGG,40,The Defending Pokémon is now Asleep.,,,,,,,,,Ken Sugimori,The aroma that rises from its petals contains a substance that calms aggressive feelings.
neo1-12,neo1,12,Pichu,Baby,,30,L,,,,,0,Rare Holo,172,,,,Zzzap,C,,Does 20 damage to each Pokémon in play that has a Pokémon Power. Don't apply Weakness and Resistance.,,,,,,,,,Ken Sugimori,"Despite its small size, it can zap even adult humans. However, if it does so, it also surprises itself."
neo1-13,neo1,13,Skarmory,Basic,,60,M,R,x2,G,-30,2,Rare Holo,227,,,,Claw,C,20,"Flip a coin. If tails, this attack does nothing.",Steel Wing,MCC,30,"Flip a coin. If heads, all damage done by attacks to Skarmory during your opponent's next turn is reduced by 20 (after applying Weakness and Resistance).",,,,,Ken Sugimori,"Its sturdy wings look heavy, but they are actually hollow and light, allowing it to fly freely in the sky."
neo1-14,neo1,14,Slowking,Stage 1,Slowpoke,80,P,P,x2,,,3,Rare Holo,199,Pokémon Power,Mind Games,"Whenever your opponent plays a Trainer card, you may flip a coin. If heads, that card does nothing. Put it on top of your opponent's deck. This power can't be used if Slowking is Asleep, Confused, or Paralyzed.",Mind Blast,PPP,20+,"Flip a coin. If heads, this attack does 20 damage plus 10 more damage and the Defending Pokémon is now Confused. If tails, this attack does 20 damage.",,,,,,,,,Ken Sugimori,"When its head was bitten, toxins entered Slowpoke's head and unlocked an extraordinary power."
neo1-15,neo1,15,Steelix,Stage 1,Onix,110,M,R,x2,G,-30,4,Rare Holo,208,,,,Tackle,CC,20,,Tail Crush,MCC,30+,"Flip a coin. If heads, this attack does 30 damage plus 20 more damage; if tails, this attack does 30 damage.",,,,,Ken Sugimori,"Its body has been compressed deep under the ground. As a result, it is even harder than a diamond."
neo1-16,neo1,16,Togetic,Stage 1,Togepi,60,C,,,F,-30,0,Rare Holo,176,,,,Super Metronome,C,,"Flip a coin. If heads, choose an attack on 1 of your opponent's Pokémon. Super Metronome copies that attack except for its Energy cost. (You must still do anything else in order to use that attack.) (No matter what type the Defending Pokémon is, Togetic's type is still Colorless.) Togetic performs that attack. (Togetic can make that attack even if it does not have the appropriate number or type of Energy attached to it necessary to make the attack.)",Fly,CCC,30,"Flip a coin. If heads, during your opponent's next turn, prevent all effects of attacks, including damage, done to Togetic; if tails, this attack does nothing (not even damage).",,,,,Ken Sugimori,"They say that it will appear before kindhearted, caring people and shower them with happiness."
neo1-17,neo1,17,Typhlosion,Stage 2,Quilava,100,R,W,x2,,,2,Rare Holo,157,Pokémon Power,Fire Recharge,"Once during your turn (before your attack), you may flip a coin. If heads, attach a Fire Energy card from your discard pile to 1 of your Fire Pokémon. This power can't be used if Typhlosion is Asleep, Confused, or Paralyzed.",Flame Burst,RRRR,60+,"Flip a coin. If heads, this attack does 60 damage plus 20 more damage and does 20 damage to Typhlosion. If tails, this attack does 60 damage.",,,,,,,,,Shin-ichi Yoshida,"If its rage peaks, it becomes so hot that anything that touches it will instantly go up in flames."
neo1-18,neo1,18,Typhlosion,Stage 2,Quilava,100,R,W,x2,,,2,Rare Holo,157,Pokémon Power,Fire Boost,"When you play Typhlosion from your hand, you may flip a coin. If heads, search your deck for up to 4 Fire Energy cards and attach them to Typhlosion. Shuffle your deck afterward.",Flame Wheel,RRRR,80,Discard 3 Fire Energy cards attached to Typhlosion in order to use this attack. Do 20 damage to each Benched Pokémon (yours and your opponent's). (Don't apply Weakness and Resistance for Benched Pokémon.),,,,,,,,,Ken Sugimori,"It has a secret, devastating move. It rubs its blazing fur together to cause huge explosions."
neo1-20,neo1,20,Cleffa,Baby,,30,C,,,,,0,Rare,173,,,,Eeeeeeek,C,,"Shuffle your hand into your deck, then draw 7 cards.",,,,,,,,,Kagemaru Himeno,"Because of its unusual, star-like silhouette, people believe that it came here on a meteor."
neo1-21,neo1,21,Donphan,Stage 1,Phanpy,70,F,G,x2,L,-30,3,Rare,232,,,,Flail,F,10×,Does 10 damage times the number of damage counters on Donphan.,Rapid Spin,FFF,50,"If your opponent has any Benched Pokémon, he or she chooses 1 of them and switches it with his or her Active Pokémon, then, if you have any Benched Pokémon, you switch 1 of them with your Active Pokémon. (Do the damage before switching the Pokémon.)",,,,,Ken Sugimori,"It has sharp, hard tusks and a rugged hide. Its tackle is strong enough to knock down a house."
neo1-22,neo1,22,Elekid,Baby,,30,L,,,,,0,Rare,239,Pokémon Power,Playful Punch,"Once during your turn (before your attack), you may flip a coin. If heads, do 20 damage to your opponent's Active Pokémon. (Apply Weakness and Resistance.) Either way, this ends your turn. This power can't be used if Elekid is Asleep, Confused, or Paralyzed.",,,,,,,,,,,,,Miki Tanaka,"It rotates its arms to generate electricity, but it tires easily, so it charges up only a little bit."
neo1-23,neo1,23,Magby,Baby,,30,R,,,,,0,Rare,240,,,,Sputter,C,10,All Pokémon Powers stop working until the end of your next turn.,,,,,,,,,Ken Sugimori,"Each and every time it inhales and exhales, hot embers dribble out of its mouth and nostrils."
neo1-24,neo1,24,Murkrow,Basic,,50,D,,,P,-30,0,Rare,198,,,,Mean Look,D,,The Defending Pokémon can't retreat as long as Murkrow remains your Active Pokémon. (Benching or evolving either Pokémon ends this effect.),Feint Attack,DC,,"Choose 1 of your opponent's Pokémon. This attack does 20 damage to that Pokémon. This attack's damage isn't affected by Weakness, Resistance, Pokémon Powers, or any other effects on the Defending Pokémon.",,,,,Shin-ichi Yoshida,"It is said that when chased, it lures its attacker onto dark mountain trails where the foe will get lost."
neo1-25,neo1,25,Sneasel,Basic,,60,D,,,P,-30,0,Rare,215,,,,Fury Swipes,C,10×,Flip 3 coins. This attack does 10 damage times the number of heads.,Beat Up,DD,20×,Flip a coin for each of your Pokémon in play (including this one). This attack does 20 damage times the number of heads.,,,,,Ken Sugimori,"Its paws conceal sharp claws. If attacked, it suddenly extends the claws and startles its enemy."
neo1-26,neo1,26,Aipom,Basic,,40,C,F,x2,P,-30,0,Uncommon,190,,,,Pilfer,C,,"Shuffle Aipom and all cards attached to it into your deck. Flip a coin. If heads, shuffle a card from your discard pile into your deck.",Tail Rap,C,10×,Flip 2 coins. This attack does 10 damage times the number of heads.,,,,,Hironobu Yoshida,Its tail is so powerful that it can use it to grab a tree branch and hold itself up in the air.
neo1-27,neo1,27,Ariados,Stage 1,Spinarak,60,G,R,x2,,,1,Uncommon,168,,,,Spider Web,G,,"Flip a coin. If heads, the Defending Pokémon can't retreat. (Benching or evolving that Pokémon ends this effect.)",Poison Bite,GGG,20,"If this attack damages the Defending Pokémon, the Defending Pokémon is now Poisoned and you remove a number of damage counters from Ariados equal to half that damage (rounded up to the nearest 10). If Ariados has fewer damage counters than that, remove all of them.",,,,,Ken Sugimori,It spins string not only from its rear but also from its mouth. It's hard to tell which end is which.
neo1-28,neo1,28,Bayleef,Stage 1,Chikorita,70,G,R,x2,,,2,Uncommon,153,,,,Poisonpowder,GC,20,"Flip a coin. If heads, the Defending Pokémon is now Poisoned.",Pollen Shield,GGC,30,"During your opponent's next turn, Bayleef can't become Asleep, Confused, Paralyzed, or Poisoned. (All other effects of attacks, Pokémon Powers and Trainer cards still happen.)",,,,,Ken Sugimori,A spicy aroma emanates from around its neck. The aroma acts as a stimulant to restore health.
neo1-29,neo1,29,Bayleef,Stage 1,Chikorita,80,G,R,x2,,,2,Uncommon,153,,,,Sweet Scent,G,,"Flip a coin. If heads and if any of your Pokémon have any damage counters on them, then remove 2 damage counters from 1 of them (or 1 if it only has 1). If tails and if any of your opponent's Pokémon have any damage counters on them, choose 1 of them and remove 2 damage counters from it (or 1 if it only has 1).",Double Razor Leaf,GGG,40×,Flip 2 coins. This attack does 40 damage times the number of heads.,,,,,Ken Sugimori,"The scent of spices comes from around its neck. Somehow, sniffing it makes you want to fight."
neo1-30,neo1,30,Clefairy,Basic,,50,C,F,x2,P,-30,1,Uncommon,35,,,,Doubleslap,CC,10×,Flip 2 coins. This attack does 10 damage times the number of heads.,Squaredance,CCC,,"Flip a number of coins equal to the total number of Pokémon in play. For each heads, you may search your deck for a basic Energy card, show it to your opponent, and put it into your hand. Shuffle your deck afterward.",,,,,Sumiyoshi Kizuki,The moonlight that it stores in the wings on its back apparently gives it the ability to float in midair.
neo1-31,neo1,31,Croconaw,Stage 1,Totodile,70,W,G,x2,,,2,Uncommon,159,,,,Screech,C,,"Until the end of your next turn, if an attack damages the Defending Pokémon (after applying Weakness and Resistance), that attack does 20 more damage to the Defending Pokémon",Jaw Clamp,WWC,30,"Until the end of your opponent's next turn, as long as Croconaw is your Active Pokémon, the Defending Pokémon can't retreat, and if the effect of an attack, Pokémon Power, or Trainer card would change that player's Active Pokémon, that part of the effect does nothing.",,,,,Ken Sugimori,"If it loses a fang, a new one grows back in its place. There are always 48 fangs lining its mouth."
neo1-32,neo1,32,Croconaw,Stage 1,Totodile,80,W,G,x2,,,2,Uncommon,159,,,,Tackle,CC,20,,Sweep Away,WWC,50,Discard the top 3 cards from your deck.,,,,,Ken Sugimori,"It opens its huge jaws wide when attacking. If it loses any fangs while biting, they grow back in."
neo1-33,neo1,33,Electabuzz,Basic,,70,L,F,x2,,,1,Uncommon,125,,,,Punch,CC,20,,Swift,LLL,30,"This attack's damage isn't affected by Weakness, Resistance, Pokémon Powers, or any other effects on the Defending Pokémon.",,,,,Shin-ichi Yoshida,"Electricity runs across the surface of its body. In darkness, its entire body glows a whitish-blue."
neo1-34,neo1,34,Flaaffy,Stage 1,Mareep,60,L,F,x2,,,1,Uncommon,180,,,,Discharge,L,30×,Discard all Lightning Energy cards attached to Flaaffy in order to use this attack. Flip a number of coins equal to the number of Lightning Energy cards you discarded. This attack does 30 damage times then number of heads.,Electric Current,LL,20,"Take 1 Lightning Energy cards attached to Flaaffy and attach it to 1 of your Benched Pokémon. If you have no Benched Pokémon, discard that Energy card.",,,,,Ken Sugimori,"As a result of storing too much electricity, it developed patches where even downy wool won't grow."
neo1-35,neo1,35,Furret,Stage 1,Sentret,60,C,F,x2,P,-30,1,Uncommon,162,,,,Quick Attack,CC,20+,"Flip a coin. If heads, this attack does 20 damage plus 10 more damage; if tails, this attack does 20 damage.",Slam,CCC,30×,Flip 2 coins. This attack does 30 damage times the number of heads.,,,,,Ken Sugimori,It makes a nest to suit its long and skinny body. The nest is impossible for other Pokémon to enter.
neo1-36,neo1,36,Gloom,Stage 1,Oddish,60,G,R,x2,,,1,Uncommon,44,,,,Strange Powder,GC,20,"Flip a coin. If heads, the Defending Pokémon is now Confused. If tails, the Defending Pokémon is now Asleep.",Sticky Nectar,GGC,20+,"Flip a coin. If heads, this attack does 20 damage plus 10 more damage and, until the end of your next turn, as long as Gloom is your Active Pokémon, the Defending Pokémon can't retreat, and if the effect of an attack, Pokémon Power, or Trainer card would change that player's Active Pokémon, that part of the effect does nothing. If tails, this attack does 20 damage.",,,,,Mitsuhiro Arita,What appears to be drool is actually sweet honey. It is very sticky and clings stubbornly if touched.
neo1-37,neo1,37,Granbull,Stage 1,Snubbull,70,C,F,x2,P,-30,2,Uncommon,210,,,,Tackle,CC,20,,Raging Charge,CCC,10+,"This attack does 10 damage plus 10 more damage for each damage counter on Granbull. Then, Granbull does 20 damage to itself.",,,,,Ken Sugimori,"It is actually timid and easily spooked. If attacked, it flails about to fend off its attacker."
neo1-38,neo1,38,Lanturn,Stage 1,Chinchou,70,L,F,x2,,,2,Uncommon,171,Pokémon Power,Hydroelectric Power,"You may make Floodlight do 10 more damage for each Water Energy attached to Lanturn, but not used to pay for Floodlight's Energy cost. This power can't be used if Lanturn is Asleep, Confused, or Paralyzed.",Floodlight,LL,20,"Flip a coin. If heads, the Defending Pokémon is now Paralyzed.",,,,,,,,,Ken Sugimori,The light it emits is so bright that it can illuminate the sea's surface from a depth of over three miles.
neo1-39,neo1,39,Ledian,Stage 1,Ledyba,60,G,R,x2,F,-30,0,Uncommon,166,,,,Baton Pass,GG,30,"If you have any Grass Pokémon on your Bench, remove all Grass Energy cards from Ledian and attach them to 1 of those Pokémon, then switch Ledian with that Pokémon.",,,,,,,,,Ken Sugimori,"When the stars flicker in the night sky, Ledian flutters about, scattering a glowing powder."
neo1-40,neo1,40,Magmar,Basic,,70,R,W,x2,,,2,Uncommon,126,,,,Tail Slap,CC,20,,Magma Punch,RRC,40,,,,,,Naoyo Kimura,"It dislikes cold places, so it blows scorching flames to make the environment suitable for itself."
neo1-41,neo1,41,Miltank,Basic,,70,C,F,x2,P,-30,2,Uncommon,241,,,,Milk Drink,C,,"Flip 2 coins. Remove 2 damage counters times the number of heads from Miltank. If it has fewer damage counters than that, remove all of them.",Body Slam,CCC,20,"Flip a coin. If heads, the Defending Pokémon is now Paralyzed.",,,,,Ken Sugimori,"Its milk is packed with nutrition, making it the ultimate beverage for the sick or weary."
neo1-42,neo1,42,Noctowl,Stage 1,Hoothoot,60,C,L,x2,F,-30,0,Uncommon,164,Pokémon Power,Glaring Gaze,"Once during your turn (before your attack), you may flip a coin. If heads, look at your opponent's hand. If your opponent has any Trainer cards there, choose 1 of them. Your opponent shuffles that card into his or her deck. This power can't be used if Noctowl is Asleep, Confused, or Paralyzed.",Wing Attack,CCC,30,,,,,,,,,,Ken Sugimori,Its eyes are specially adapted. They concentrate even faint light and enable it to see in the dark.
neo1-43,neo1,43,Phanpy,Basic,,40,F,G,x2,L,-30,1,Uncommon,231,,,,Tackle,C,10,,Endure,F,,"Flip a coin. If heads, then if, during your opponent's next turn, Phanpy would be Knocked Out by an attack, Phanpy isn't Knocked Out and its remaining HP become 10 instead.",,,,,Ken Sugimori,"It swings its long snout around playfully, but, because it is so strong, that can be dangerous."
neo1-44,neo1,44,Piloswine,Stage 1,Swinub,80,W,G,x2,L,-30,3,Uncommon,221,,,,Freeze,WW,10,"Flip a coin. If heads, the Defending Pokémon can't attack. (Benching or evolving the Defending Pokémon ends this effect.)",Blizzard,WWW,30,"Flip a coin. If heads, this attack does 10 damage to each of your opponent's Benched Pokémon; if tails, this attack does 10 damage to each of your own Benched Pokémon. (Don't apply Weakness and Resistance for Benched Pokémon.)",,,,,Ken Sugimori,"Because the long hair all over its body obscures its sight, it just keeps charging repeatedly."
neo1-45,neo1,45,Quagsire,Stage 1,Wooper,70,W,G,x2,L,-30,2,Uncommon,195,,,,Surf,WW,30,,Earthquake,FFCC,60,Does 10 damage to each of your own Benched Pokémon. (Don't apply Weakness and Resistance for Benched Pokémon.),,,,,Atsuko Nishida,"Due to its relaxed and carefree attitude, it often bumps its head on boulders and boat hulls as it swims."
neo1-46,neo1,46,Quilava,Stage 1,Cyndaquil,60,R,W,x2,,,1,Uncommon,156,,,,Ember,RC,30,Discard 1 Fire Energy card attached to Quilava in order to use this attack.,Fire Wind,RR,20,"If your opponent has any Benched Pokémon, choose 1 of them. Flip 2 coins. For each heads, this attack does 10 damage to that Pokémon. (Don't apply Weakness and Resistance.)",,,,,Ken Sugimori,This Pokémon is fully covered by nonflammable fur. It can withstand any kind of fire attack.
neo1-47,neo1,47,Quilava,Stage 1,Cyndaquil,70,R,W,x2,,,1,Uncommon,156,,,,Smokescreen,RR,20,"If the Defending Pokémon tries to attack during your opponent's next turn, your opponent flips a coin. If tails, that attack does nothing.",Char,RRR,30,"If the Defending Pokémon doesn't have a Char counter on it, flip a coin. If heads, put a Char counter on it. A Char counter requires your opponent to flip a coin after every turn. If tails, put 2 damage counters on the Pokémon with that Char counter. (Char counters stay on the Pokémon as long as it's in play.)",,,,,Ken Sugimori,Be careful if it turns its back during battle. It means that it will attack with the fire on its back.
neo1-48,neo1,48,Seadra,Stage 1,Horsea,70,W,L,x2,,,1,Uncommon,117,,,,Bubble,W,10,"Flip a coin. If heads, the Defending Pokémon is now Paralyzed.",Mud Splash,WW,30,"If your opponent has any Benched Pokémon, choose 1 of them and flip a coin. If heads, this attack does 10 damage to that Pokémon. (Don't apply Weakness and Resistance for Benched Pokémon.)",,,,,Shin-ichi Yoshida,An examination of its cells revealed the presence of a gene not found in Horsea. It became a hot topic.
neo1-49,neo1,49,Skiploom,Stage 1,Hoppip,60,G,R,x2,F,-30,0,Uncommon,188,,,,Poisonpowder,G,10,The Defending Pokémon is now Poisoned.,Stun Spore,G,10,"Flip a coin. If heads, the Defending Pokémon is now Paralyzed.",,,,,Atsuko Nishida,The bloom on top of its head opens and closes as the temperature fluctuates up and down.
neo1-50,neo1,50,Sunflora,Stage 1,Sunkern,70,G,R,x2,,,1,Uncommon,192,,,,Petal Dance,GGG,30×,Flip 3 coins. This attack does 30 damage times the number of heads. Sunflora is now Confused (after doing damage).,,,,,,,,,Kagemaru Himeno,"It converts sunlight into energy. In the darkness after sunset, it closes its petals and becomes still."
neo1-51,neo1,51,Togepi,Basic,,40,C,,,P,-30,1,Uncommon,175,,,,Poison Barb,CC,10,The Defending Pokémon is now Poisoned.,,,,,,,,,Naoyo Kimura,A proverb claims that happiness will come to anyone who can make a sleeping Togepi stand up.
neo1-52,neo1,52,Xatu,Stage 1,Natu,80,P,P,x2,F,-30,1,Uncommon,178,,,,Prophecy,P,,Look at the top 3 cards of either player's deck and rearrange them as you like.,Confuse Ray,PPP,30,"Flip a coin. If heads, the Defending Pokémon is now Confused.",,,,,Ken Sugimori,They say that it stays still and quiet because it is seeing both the past and future at the same time.
neo1-53,neo1,53,Chikorita,Basic,,40,G,R,x2,,,1,Common,152,,,,Tackle,C,10,,Deflector,G,,"During your opponent's next turn, whenever Chikorita takes damage, divide that damage in half (rounded down to the nearest 10). (Any other effects still happen.)",,,,,Naoyo Kimura,A sweet aroma gently wafts from the leaf on its head. It is docile and loves to soak up the sun's rays.
neo1-54,neo1,54,Chikorita,Basic,,50,G,R,x2,,,1,Common,152,,,,Growl,C,,"If the Defending Pokémon attacks Chikorita during your opponent's next turn, any damage done to Chikorita is reduced by 10 (before applying Weakness and Resistance). (Benching or evolving either Pokémon ends this effect.)",Razor Leaf,GC,20,,,,,,Ken Sugimori,Its pleasantly aromatic leaf has the ability to check the humidity and temperature.
neo1-55,neo1,55,Chinchou,Basic,,50,L,F,x2,,,1,Common,170,,,,Supersonic,L,,"Flip a coin. If heads, the Defending Pokémon is now Confused.",Flail,W,10×,Does 10 damage times the number of damage counters on Chinchou.,,,,,Ken Sugimori,It shoots positive and negative electricity between the tips of its two antennae and zaps its enemies.
neo1-56,neo1,56,Cyndaquil,Basic,,40,R,W,x2,,,1,Common,155,,,,Leer,C,,"Flip a coin. If heads, the Defending Pokémon can't attack Cyndaquil during your opponent's next turn. (Benching or evolving either Pokémon ends this effect.)",Swift,RC,20,"This attack's damage isn't affected by Weakness, Resistance, Pokémon Powers, or any other effects on the Defending Pokémon.",,,,,Ken Sugimori,"It usually stays hunched over. If it is angry or surprised, it shoots flames out of its back."
neo1-57,neo1,57,Cyndaquil,Basic,,50,R,W,x2,,,1,Common,155,,,,Fireworks,R,20,"Flip a coin. If tails, discard 1 Energy card attached to Cyndaquil.",Quick Attack,CC,10+,"Flip a coin. If heads, this attack does 10 damage plus 20 more damage; if tails, this attack does 10 damage.",,,,,Shin-ichi Yoshida,"It is timid and always curls itself up in a ball. If attacked, it flares up its back for protection."
neo1-58,neo1,58,Girafarig,Basic,,60,P,,,,,1,Common,203,,,,Agility,CC,10,"Flip a coin. If heads, during your opponent's next turn, prevent all effects of attacks, including damage, done to Girafarig.",Psybeam,PP,20,"Flip a coin. If heads, the Defending Pokémon is now Confused.",,,,,Ken Sugimori,"Its tail has a small brain of its own. Beware! If you get close, it may react to your scent and bite."
neo1-59,neo1,59,Gligar,Basic,,60,F,G,x2,F,-30,0,Common,207,,,,Poison Sting,F,10,"Flip a coin. If heads, the Defending Pokémon is now Poisoned.",Slash,CC,20,,,,,,Hironobu Yoshida,"It flies straight at its target's face, then clamps down on the startled victim to inject poison."
neo1-60,neo1,60,Hoothoot,Basic,,50,C,L,x2,F,-30,1,Common,163,,,,Hypnosis,C,,The Defending Pokémon is now Asleep.,Peck,CC,20,,,,,,Sumiyoshi Kizuki,It always stands on one foot. It changes feet so fast that the movement can rarely be seen.
neo1-61,neo1,61,Hoppip,Basic,,50,G,R,x2,F,-30,0,Common,187,,,,Hop,C,10,,Sprout,G,,Search your deck for a Basic Pokémon named Hoppip and put it onto your Bench. Shuffle your deck afterward. (You can't use this attack if your Bench is full.),,,,,Atsuko Nishida,"To keep from being blown away by the wind, they gather in clusters. They do enjoy gentle breezes, though."
neo1-62,neo1,62,Horsea,Basic,,50,W,L,x2,,,0,Common,116,,,,Fin Slap,WW,20+,"If an attack damaged Horsea during your opponent's last turn, this attack does 20 damage plus 10 more damage. If not, this attack does 20 damage.",,,,,,,,,Miki Tanaka,"If attacked by a larger enemy, it quickly swims to safety by adeptly controlling its dorsal fin."
neo1-63,neo1,63,Ledyba,Basic,,40,G,R,x2,F,-30,0,Common,165,,,,Supersonic,G,,"Flip a coin. If heads, the Defending Pokémon is now Confused.",Comet Punch,GG,,Flip 4 coins. This attack does 10 damage times the number of heads.,,,,,Sumiyoshi Kizuki,"It is very timid. It's afraid to move if alone, but it's active if in a group."
neo1-64,neo1,64,Mantine,Basic,,60,W,L,x2,F,-30,1,Common,226,,,,Undulate,WW,20,"Flip a coin. If heads, during your opponent's next turn, prevent all effects of attacks, including damage, done to Mantine.",,,,,,,,,Ken Sugimori,"Swimming freely in open seas, it may fly out of the water and over the waves if it builds up enough speed."
neo1-65,neo1,65,Mareep,Basic,,40,L,F,x2,,,1,Common,179,,,,Static Electricity,L,,"For each Mareep in play, you may search your deck for a Lightning Energy card and attach it to Mareep. Shuffle your deck afterward.",Thundershock,LL,20,"Flip a coin. If heads, the Defending Pokémon is now Paralyzed.",,,,,Ken Sugimori,"If static electricity builds in its body, its fleece doubles in volume. Touching it will shock you."
neo1-66,neo1,66,Marill,Basic,,40,W,L,x2,,,1,Common,183,,,,Defense Curl,C,,"Flip a coin. If heads, prevent all damage done to Marill during your opponent's next turn. (Any other effects of attacks still happen.)",Bubble Bomb,WW,30,"Flip a coin. If heads, the Defending Pokémon is now Paralyzed. If tails, Marill does 10 damage to itself.",,,,,Atsuko Nishida,"The end of its tail serves as a buoy that keeps it from drowning, even in a vicious current."
neo1-67,neo1,67,Natu,Basic,,30,P,P,x2,F,-30,0,Common,177,,,,Peck,C,10,,Telekinesis,PP,,Choose 1 of your opponent's Pokémon. This attack does 20 damage to that Pokémon. Don't apply Weakness and Resistance for this attack. (Any other effects that would happen after applying Weakness and Resistance still happen.),,,,,Ken Sugimori,"Because its wings aren't yet fully grown, it has to hop to get around. It is always staring at something."
neo1-68,neo1,68,Oddish,Basic,,40,G,R,x2,,,1,Common,43,,,,Hide,C,,"Flip a coin. If heads, during your opponent's next turn, prevent all effects of attacks, including damage, done to Oddish.",Absorb,GG,20,"Remove a number of damage counters from Oddish equal to half the damage done to the Defending Pokémon (after applying Weakness and Resistance) (rounded up to the nearest 10). If Oddish has fewer damage counters than that, remove all of them.",,,,,Sumiyoshi Kizuki,"Awakened by moonlight, it roams actively at night. In the day it stays quietly underground."
neo1-69,neo1,69,Onix,Basic,,60,F,G,x2,,,2,Common,95,,,,Screech,C,,"Until the end of your next turn, if an attack damages the Defending Pokémon (after applying Weakness and Resistance), that attack does 20 more damage to the Defending Pokémon.",Rage,FF,10+,Does 10 damage plus 10 more damage for each damage counter on Onix.,,,,,Mitsuhiro Arita,It twists and squirms through the ground. The thunderous roar of its tunneling echoes a long way.
neo1-70,neo1,70,Pikachu,Basic,,50,L,F,x2,,,1,Common,25,,,,Quick Attack,C,10+,"Flip a coin. If heads, this attack does 10 damage plus 20 more damage; if tails, this attack does 10 damage.",Agility,LLC,20,"Flip a coin. If heads, during your opponent's next turn, prevent all effects of attacks, including damage, done to Pikachu.",,,,,Naoyo Kimura,It raises its tail to check its surroundings. The tail is sometimes struck by lightning in this pose.
neo1-71,neo1,71,Sentret,Basic,,40,C,F,x2,P,-30,1,Common,161,,,,Fury Swipes,C,10×,Flip 3 coins. This attack does 10 damage times the number of heads.,,,,,,,,,Ken Sugimori,"A very cautious Pokémon, it raises itself up using its tail to get a better view of its surroundings."
neo1-72,neo1,72,Shuckle,Basic,,50,G,R,x2,,,1,Common,213,,,,Withdraw,G,,"Flip a coin. If heads, prevent all damage done to Shuckle during your opponent's next turn. (Any other effects of attacks still happen.)",Wrap,GG,20,"Flip a coin. If heads, the Defending Pokémon is now Paralyzed.",,,,,Ken Sugimori,The Berries it stores in its vaselike shell decompose and become a gooey liquid.
neo1-73,neo1,73,Slowpoke,Basic,,50,P,P,x2,,,1,Common,79,,,,Psyshock,P,10,"Flip a coin. If heads, the Defending Pokémon is now Paralyzed.",Water Gun,W,10+,Does 10 damage plus 10 more damage for each Water Energy attached to Slowpoke but not used to pay for this attack's Energy cost. You can't add more than 20 damage in this way.,,,,,Tomokazu Komiya,"It lazes vacantly near water. If something bites its tail, it won't even notice for a whole day."
neo1-74,neo1,74,Snubbull,Basic,,50,C,F,x2,P,-30,1,Common,209,,,,Roar,C,,"Flip a coin. If heads and if your opponent has any Benched Pokémon, he of she chooses 1 of them and switches it with the Defending Pokémon. (Do the damage before switching the Pokémon.)",Lick,CC,10,"Flip a coin. If heads, the Defending Pokémon is now Paralyzed.",,,,,Mitsuhiro Arita,"Although it looks frightening, it is actually kind and affectionate. It is very popular."
neo1-75,neo1,75,Spinarak,Basic,,40,G,R,x2,,,1,Common,167,,,,Scary Face,C,,"Flip a coin. If heads, until the end of your opponent's next turn, the Defending Pokémon can't attack or retreat.",String Shot,G,10,"Flip a coin. If heads, the Defending Pokémon is now Paralyzed.",,,,,Ken Sugimori,"It lies still in the same pose for days in its web, waiting for its unsuspecting prey to wander close."
neo1-76,neo1,76,Stantler,Basic,,60,C,F,x2,P,-30,2,Common,234,,,,Stomp,CC,20+,"Flip a coin. If heads, this attack does 20 damage plus 10 more damage; if tails, this attack does 20 damage.",Mystifying Horns,CCC,20,"Flip a coin. If heads, the Defending Pokémon is now Confused.",,,,,Ken Sugimori,The curved antlers subtly change the flow of air to create a strange space where reality is distorted.
neo1-77,neo1,77,Sudowoodo,Basic,,60,F,W,x2,,,3,Common,185,,,,Flail,F,10×,Does 10 damage times the number of damage counters on Sudowoodo.,Rock Throw,FC,30,,,,,,Ken Sugimori,"Although it always pretends to be a tree, its composition appears to be closer to a rock than a plant."
neo1-78,neo1,78,Sunkern,Basic,,40,G,R,x2,,,2,Common,191,,,,Growth,G,,"Flip a coin. If heads, you may attach up to 2 Grass Energy cards from your hand to Sunkern.",Mega Drain,GGG,30,"Remove a number of damage counters from Sunkern equal to half the damage done to the Defending Pokémon (after applying Weakness and Resistance) (rounded up to the nearest 10). If Sunkern has fewer damage counters than that, remove all of them.",,,,,Kagemaru Himeno,"It may drop out of the sky suddenly. If attacked by a Spearow, it violently shakes its leaves."
neo1-79,neo1,79,Swinub,Basic,,40,W,G,x2,L,-30,1,Common,220,,,,Powder Snow,W,10,The Defending Pokémon is now Asleep.,,,,,,,,,Ken Sugimori,It rubs its snout on the ground to find and dig up food. It sometimes discovers hot springs.
neo1-80,neo1,80,Totodile,Basic,,40,W,G,x2,,,1,Common,158,,,,Bite,C,10,,Rage,WC,10+,Does 10 damage plus 10 more damage for each damage counter on Totodile.,,,,,Ken Sugimori,It is small but rough and tough. It won't hesitate to take a bite out of anything that moves.
neo1-81,neo1,81,Totodile,Basic,,50,W,G,x2,,,1,Common,158,,,,Leer,C,,"Flip a coin. If heads, the Defending Pokémon can't attack Totodile during your opponent's next turn. (Benching or evolving either Pokémon ends this effect.)",Fury Swipes,W,10×,Flip 3 coins. This attack does 10 damage times the number of heads.,,,,,Hironobu Yoshida,Its well-developed jaws are powerful and capable of crushing anything. Even its trainer must be careful.
neo1-82,neo1,82,Wooper,Basic,,50,W,G,x2,L,-30,1,Common,194,,,,Amnesia,W,,Choose 1 of the Defending Pokémon's attacks. That Pokémon can't use that attack during your opponent's next turn.,Slam,CC,20×,Flip 2 coins. This attack does 20 damage times the number of heads.,,,,,Miki Tanaka,This Pokémon lives in cold water. It leaves the water to search for food when it gets cold outside.
neo2-1,neo2,1,Espeon,Stage 1,Eevee,80,P,P,x2,,,0,Rare Holo,196,,,,Bite,CC,20,,Psychic,PPC,30+,Does 30 damage plus 10 more damage for each Energy card attached to the Defending Pokémon.,,,,,Atsuko Nishida,It uses the fine hair that covers its body to sense air currents and predict its enemy's actions.
neo2-2,neo2,2,Forretress,Stage 1,Pineco,80,M,R,x2,G,-30,3,Rare Holo,205,Pokémon Power,Spikes,"During your opponent's turn, whenever 1 of your opponent's Benched Pokémon becomes his or her Active Pokémon, Forretress does 10 damage to it. (Don't apply Weakness and Resistance.) This power stops working if Forretress is Asleep, Confused, or Paralyzed.",Rapid Spin,MCC,30,"If your opponent has any Benched Pokémon, he or she chooses 1 of them and switches it with his or her Active Pokémon, then, if you have any Benched Pokémon, you switch 1 of them with your Active Pokémon. (Do the damage before switching the Pokémon.)",,,,,,,,,CR CG gangs,Its entire body is shielded by a steel-hard shell. What lurks inside the armor is a total mystery.
neo2-3,neo2,3,Hitmontop,Basic,,60,F,P,x2,,,1,Rare Holo,237,,,,Detect,F,,"Flip a coin. If heads, during your opponent's next turn, prevent all effects of attacks, including damage, done to Hitmontop.",Triple Kick,FFF,30×,Flip 3 coins. This attack does 30 damage times the number of heads.,,,,,Sumiyoshi Kizuki,"If you become enchanted by its smooth, elegant, dancelike kicks, you may get drilled hard."
neo2-4,neo2,4,Houndoom,Stage 1,Houndour,70,D,,,P,-30,1,Rare Holo,229,,,,Crunch,DCC,30,"Until the end of your next turn, if an attack damages the Defending Pokémon (after applying Weakness and Resistance), that attack does 20 more damage to the Defending Pokémon.",Flamethrower,RRC,50,Discard 1 Fire Energy card attached to Houndoom or this attack does nothing.,,,,,Shin-ichi Yoshida,"Upon hearing its eerie howls, other Pokémon get the shivers and head straight back to their nests."
neo2-5,neo2,5,Houndour,Basic,,50,R,W,x2,,,1,Rare Holo,228,,,,Smog,R,10,"Flip a coin. If heads, the Defending Pokémon is now Poisoned.",Collect Fire,RR,20,"If there are any Fire Energy cards in your discard pile, choose 1 of them and attach it to Houndour.",,,,,Aya Kusube,"To corner prey, they check each other's location using barks that only they can understand."
neo2-6,neo2,6,Kabutops,Stage 2,Kabuto,90,W,G,x2,,,2,Rare Holo,141,,,,Slash,C,20,,Hydrocutter,F,40×,Flip a number of coins equal to the number of Energy cards attached to Kabutops. This attack does 40 damage times the number of heads. You can't flip more than 3 coins in this way.,,,,,Kimiya Masago,"In the water, it tucks its limbs to become more compact, then it wiggles its shell to swim fast."
neo2-7,neo2,7,Magnemite,Basic,,40,M,R,x2,G,-30,1,Rare Holo,81,,,,Lock-on,C,,"During your next turn, treat any tails flipped when using Magnemite's Electric Bolt attack as if they were heads. (Benching or evolving either Pokémon ends this effect.)",Electric Bolt,LC,50,"Flip 2 coins. If both are heads, the Defending Pokémon is now Paralyzed. If either of them is tails, this attack does nothing (not even damage).",,,,,"K. Hoshiba, CR CG gangs",These Pokémon are attracted to electrical emissions and will often follow people using PokéGear.
neo2-8,neo2,8,Politoed,Stage 2,Poliwhirl,100,W,G,x2,,,3,Rare Holo,186,Pokémon Power,Frog Song,"Whenever Politoed's attack damages the Defending Pokémon (after applying Weakness and Resistance), if there are more than 3 Poliwags, Poliwhirls, Poliwraths, and/or Politoeds in play (including your opponent's), that attack does 40 more damage (no matter how many heads you get). This power stops working while Politoed is Asleep, Confused, or Paralyzed.",Doubleslap,WWCC,40×,Flip 2 coins. This attack does 40 damage times the number of heads.,,,,,,,,,Tomokazu Komiya,"Whenever three or more of these get together, they sing in a loud voice that sounds like bellowing."
neo2-9,neo2,9,Poliwrath,Stage 2,Poliwhirl,90,F,P,x2,,,2,Rare Holo,62,,,,Corkscrew Punch,FC,30,,Submission,FFCC,70,Poliwrath does 20 damage to itself.,,,,,Shin-ichi Yoshida,"Although an energetic, skilled swimmer that uses all of its muscles, it lives on dry land."
neo2-10,neo2,10,Scizor,Stage 1,Scyther,80,M,R,x2,G,-30,2,Rare Holo,212,,,,False Swipe,M,?,Does damage equal to half the Defending Pokémon's remaining HP (rounded down to the nearest 10).,Double Claw,CCC,20+,Flip 2 coins. This attack does 20 damage times the number of heads.,,,,,Kimiya Masago,It swings its eye patterned pincers up to scare its foes. This makes it look like it has three heads.
neo2-11,neo2,11,Smeargle,Basic,,50,C,F,x2,P,-30,1,Rare Holo,235,,,,Sketch,CC,,"If the Defending Pokémon attacked last turn, and Smeargle was in play during that attack, Smeargle copies that attack except for its Energy costs and anything else required in order to use that attack.",,,,,,,,,Hironobu Yoshida,A special fluid oozes from the tip of its tail. It paints the fluid everywhere to mark its territory.
neo2-12,neo2,12,Tyranitar,Stage 2,Pupitar,100,D,,,P,-30,3,Rare Holo,248,,,,Slam,CCC,30×,Flip 2 coins. This attack does 30 damage times the number of heads.,Trample,DDCC,50,"For each Benched Pokémon in play (yours and your opponent's), flip a coin. If heads, this attack does 30 damage to that Pokémon. (Don't apply Weakness and Resistance for Benched Pokémon.)",,,,,Hironobu Yoshida,"Its body can't be harmed by any sort of attack, so it is very eager to make challenges against enemies."
neo2-13,neo2,13,Umbreon,Stage 1,Eevee,80,D,,,P,-30,1,Rare Holo,197,,,,Bite,CC,20,,Feint Attack,DDC,,,,,,,Kimiya Masago,"When darkness falls, the rings on the body begin to glow, striking fear in the hearts of anyone nearby."
neo2-14,neo2,14,Unown [A],Basic,,40,P,P,x2,,,1,Rare Holo,201,Pokémon Power,[Anger],"Whenever 1 of your Pokémon with Unown in its name uses its Hidden Power attack, that attack does 10 more damage for each damage counter on Unown [A]. If you have more than 1 Unown [A] in play, use only 1 [Anger] for each attack.",Hidden Power,P,10,,,,,,,,,,CR CG gangs,Their shapes look like hieroglyphs on ancient tablets. It is said that the two are somehow related.
neo2-15,neo2,15,Ursaring,Stage 1,Teddiursa,80,C,F,x2,P,-30,3,Rare Holo,217,,,,Headpress,CC,20,"Flip a coin. If heads, the Defending Pokémon is now Paralyzed. If tails, this attack does nothing (not even damage).",Double Lariat,CCCC,40×,Flip 2 coins. This attack does 40 damage times the number of heads.,,,,,Naoyo Kimura,"Although it is a good climber, it prefers to snap trees with its forelegs and eat fallen berries."
neo2-16,neo2,16,Wobbuffet,Basic,,90,P,P,x2,,,3,Rare Holo,202,,,,Counter,P,,"If an attack damages Wobbuffet during your opponent's next turn (even if Wobbuffet is Knocked Out), flip a coin. If heads, Wobbuffet attacks the Defending Pokémon for an equal amount of damage.",,,,,,,,,Hironobu Yoshida,"To keep its pitch-black tail hidden, it lives quietly in the darkness. It is never first to attack."
neo2-17,neo2,17,Yanma,Basic,,60,G,R,x2,F,-30,0,Rare Holo,193,,,,Shockwave,G,,"Flip a coin. If heads, this attack does 10 damage to each of your opponent's Pokémon. Don't apply Weakness and Resistance. Then, if your opponent has any Benched Pokémon, he or she chooses 1 of them and switches it with the Defending Pokémon.",Swift,GGG,30,"This attack's damage isn't affected by Weakness, Resistance, Pokémon Powers, or any other effects on the Defending Pokémon.",,,,,Atsuko Nishida,"If it flaps its wings really fast, it can generate shock waves that will shatter windows in the area."
neo2-18,neo2,18,Beedrill,Stage 2,Kakuna,80,G,R,x2,F,-30,0,Rare,15,,,,Triple Poison,G,10,"Flip a coin. If heads, the Defending Pokémon is now Poisoned. Your opponent now puts 3 damage counters on it instead of 1 after each player's turn (even if it was already Poisoned).",Pin Missile,GGC,20×,Flip 4 coins. This attack does 20 damage times the number of heads.,,,,,Aya Kusube,It can take down any opponent with its powerful poison stingers. It sometimes attacks in swarms.
neo2-19,neo2,19,Butterfree,Stage 2,Metapod,80,G,R,x2,F,-30,0,Rare,12,,,,Magic Dust,GC,20,"Flip a coin. If heads, the Defending Pokémon is now either Asleep, Confused, Paralyzed, or Poisoned (your choice).",Hyper Reverse,GGC,,"Does 10 damage times the number of Energy attached to the Defending Pokémon. After doing damage, remove a number of damage counters from Butterfree equal to the amount of damage done to the Defending Pokémon (after applying Weakness and Resistance).",,,,,Atsuko Nishida,It collects honey every day. It rubs honey onto the hairs on its legs to carry it back to its nest.
neo2-20,neo2,20,Espeon,Stage 1,Eevee,70,P,P,x2,,,1,Rare,196,,,,Quick Attack,CC,10+,"Flip a coin. If heads, this attack does 10 damage plus 20 more damage; if tails, this attack does 10 damage.",Psybeam,PPC,30,"Flip a coin. If heads, the Defending Pokémon is now Confused.",,,,,Naoyo Kimura,"By reading air currents, it can predict things such as the weather or its foe's next move."
neo2-21,neo2,21,Forretress,Stage 1,Pineco,80,M,R,x2,G,-30,3,Rare,205,Pokémon Power,Spikes,"During your opponent's turn, whenever 1 of your opponent's Benched Pokémon becomes his or her Active Pokémon, Forretress does 10 damage to it. (Don't apply Weakness and Resistance.) This power stops working if Forretress is Asleep, Confused, or Paralyzed.",Rapid Spin,MCC,30,"If your opponent has any Benched Pokémon, he or she chooses 1 of them and switches it with his or her Active Pokémon, then, if you have any Benched Pokémon, you switch 1 of them with your Active Pokémon. (Do the damage before switching the Pokémon.)",,,,,,,,,CR CG gangs,Its entire body is shielded by a steel-hard shell. What lurks inside this shell is a total mystery.
neo2-22,neo2,22,Hitmontop,Basic,,60,F,P,x2,,,1,Rare,237,,,,Detect,F,,"Flip a coin. If heads, during your opponent's next turn, prevent all effects of attacks, including damage, done to Hitmontop.",Triple Kick,FFF,30×,Flip 3 coins. This attack does 30 damage times the number of heads.,,,,,Sumiyoshi Kizuki,"If you become enchanted by its smooth, elegant, dancelike kicks, you may get drilled hard."
neo2-23,neo2,23,Houndoom,Stage 1,Houndour,70,D,,,P,-30,1,Rare,229,,,,Crunch,DCC,30,"Until the end of your next turn, if an attack damages the Defending Pokémon (after applying Weakness and Resistance), that attack does 20 more damage to the Defending Pokémon.",Flamethrower,RRC,50,Discard 1 Fire Energy card attached to Houndoom or this attack does nothing.,,,,,Shin-ichi Yoshida,"Upon hearing its eerie howls, other Pokémon get the shivers and head straight back to their nests."
neo2-24,neo2,24,Houndour,Basic,,50,R,W,x2,,,1,Rare,228,,,,Smog,R,10,"Flip a coin. If heads, the Defending Pokémon is now Poisoned.",Collect Fire,RR,20,"If there are any Fire Energy cards in your discard pile, choose 1 of them and attach it to Houndour.",,,,,Aya Kusube,"To corner prey, they check each other's location using barks that only they can understand."
neo2-25,neo2,25,Kabutops,Stage 2,Kabuto,90,W,G,x2,,,2,Rare,141,,,,Slash,C,20,,Hydrocutter,F,40×,Flip a number of coins equal to the number of Energy cards attached to Kabutops. This attack does 40 damage times the number of heads. You can't flip more than 3 coins in this way.,,,,,Kimiya Masago,"In the water, it tucks its limbs to become more compact, then it wiggles its shell to swim fast."
neo2-26,neo2,26,Magnemite,Basic,,40,M,R,x2,G,-30,1,Rare,81,,,,Lock-on,C,,"During your next turn, treat any tails flipped when using Magnemite's Electric Bolt attack as if they were heads. (Benching or evolving either Pokémon ends this effect.)",Electric Bolt,LC,50,"Flip 2 coins. If both are heads, the Defending Pokémon is now Paralyzed. If either of them is tails, this attack does nothing (not even damage).",,,,,"K. Hoshiba, CR CG gangs",These Pokémon are attracted to electrical emissions and will often follow people using PokéGear.
neo2-27,neo2,27,Politoed,Stage 2,Poliwhirl,100,W,G,x2,,,3,Rare,186,Pokémon Power,Frog Song,"Whenever Politoed's attack damages the Defending Pokémon (after applying Weakness and Resistance), if there are more than 3 Poliwags, Poliwhirls, Poliwraths, and/or Politoeds in play (including your opponent's), that attack does 40 more damage (no matter how many heads you get). This power stops working while Politoed is Asleep, Confused, or Paralyzed.",Doubleslap,WWCC,40×,Flip 2 coins. This attack does 40 damage times the number of heads.,,,,,,,,,Tomokazu Komiya,"Whenever three or more of these get together, they sing in a loud voice that sounds like bellowing."
neo2-28,neo2,28,Poliwrath,Stage 2,Poliwhirl,90,F,P,x2,,,2,Rare,62,,,,Corkscrew Punch,FC,30,,Submission,FFCC,70,Poliwrath does 20 damage to itself.,,,,,Shin-ichi Yoshida,"Although an energetic, skilled swimmer that uses all of its muscles, it lives on dry land."
neo2-29,neo2,29,Scizor,Stage 1,Scyther,80,M,R,x2,G,-30,2,Rare,212,,,,False Swipe,M,?,Does damage equal to half the Defending Pokémon's remaining HP (rounded down to the nearest 10).,Double Claw,CCC,20+,Flip 2 coins. This attack does 20 damage times the number of heads.,,,,,Kimiya Masago,It swings its eye patterned pincers up to scare its foes. This makes it look like it has three heads.
neo2-30,neo2,30,Smeargle,Basic,,50,C,F,x2,P,-30,1,Rare,235,,,,Sketch,CC,,"If the Defending Pokémon attacked last turn, and Smeargle was in play during that attack, Smeargle copies that attack except for its Energy costs and anything else required in order to use that attack.",,,,,,,,,Hironobu Yoshida,A special fluid oozes from the tip of its tail. It paints the fluid everywhere to mark its territory.
neo2-31,neo2,31,Tyranitar,Stage 2,Pupitar,100,D,,,P,-30,3,Rare,248,,,,Slam,CCC,30×,Flip 2 coins. This attack does 30 damage times the number of heads.,Trample,DDCC,50,"For each Benched Pokémon in play (yours and your opponent's), flip a coin. If heads, this attack does 30 damage to that Pokémon. (Don't apply Weakness and Resistance for Benched Pokémon.)",,,,,Hironobu Yoshida,"Its body can't be harmed by any sort of attack, so it is very eager to make challenges against enemies."
neo2-32,neo2,32,Umbreon,Stage 1,Eevee,70,D,,,P,-30,1,Rare,197,,,,Quick Attack,CC,10+,"Flip a coin. If heads, this attack does 10 damage plus 20 more damage; if tails, this attack does 10 damage.",Pursuit,DCC,30,"During your opponent's next turn, if the Defending Pokémon tries to retreat, do 10 damage to it. (Don't apply Weakness and Resistance.)",,,,,Naoyo Kimura,"When agitated, this Pokémon protects itself by spraying poisonous sweat from its pores."
neo2-33,neo2,33,Unown [A],Basic,,40,P,P,x2,,,1,Rare,201,Pokémon Power,[Anger],"Whenever 1 of your Pokémon with Unown in its name uses its Hidden Power attack, that attack does 10 more damage for each damage counter on Unown [A]. If you have more than 1 Unown [A] in play, use only 1 [Anger] for each attack.",Hidden Power,P,10,,,,,,,,,,CR CG gangs,Their shapes look like hieroglyphs on ancient tablets. It is said that the two are somehow related.
neo2-34,neo2,34,Ursaring,Stage 1,Teddiursa,80,C,F,x2,P,-30,3,Rare,217,,,,Headpress,CC,20,"Flip a coin. If heads, the Defending Pokémon is now Paralyzed. If tails, this attack does nothing (not even damage).",Double Lariat,CCCC,40×,Flip 2 coins. This attack does 40 damage times the number of heads.,,,,,Naoyo Kimura,"Although it is a good climber, it prefers to snap trees with its forelegs and eat fallen berries."
neo2-35,neo2,35,Wobbuffet,Basic,,90,P,P,x2,,,3,Rare,202,,,,Counter,P,,"If an attack damages Wobbuffet during your opponent's next turn (even if Wobbuffet is Knocked Out), flip a coin. If heads, Wobbuffet attacks the Defending Pokémon for an equal amount of damage.",,,,,,,,,Hironobu Yoshida,"To keep its pitch-black tail hidden, it lives quietly in the darkness. It is never first to attack."
neo2-36,neo2,36,Yanma,Basic,,60,G,R,x2,F,-30,0,Rare,193,,,,Shockwave,G,,"Flip a coin. If heads, this attack does 10 damage to each of your opponent's Pokémon. Don't apply Weakness and Resistance. Then, if your opponent has any Benched Pokémon, he or she chooses 1 of them and switches it with the Defending Pokémon.",Swift,GGG,30,"This attack's damage isn't affected by Weakness, Resistance, Pokémon Powers, or any other effects on the Defending Pokémon.",,,,,Atsuko Nishida,"If it flaps its wings really fast, it can generate shock waves that will shatter windows in the area."
neo2-37,neo2,37,Corsola,Basic,,50,W,G,x2,,,1,Uncommon,222,,,,Recover,W,,Discard 1 Water Energy card attached to Corsola or this attack does nothing. Remove all damage counters from Corsola.,Spike Cannon,FF,30×,Flip 2 coins. This attack does 30 damage times the number of heads.,,,,,Yuka Morii,It continuously sheds and grows. The tip of its head is prized as a treasure because of its beauty.
neo2-38,neo2,38,Eevee,Basic,,50,C,F,x2,P,-30,1,Uncommon,133,Pokémon Power,Energy Evolution,"Whenever you attach an Energy card to Eevee, flip a coin. If heads, search your deck for a card that evolves from Eevee that is the same type as the Energy card you attached to Eevee. Attach that card to Eevee. This counts as evolving Eevee. Shuffle your deck afterward. This power can't be used if Eevee is Asleep, Confused, or Paralyzed.",Smash Kick,C,10,,,,,,,,,,Aya Kusube,Its irregularly configured DNA is affected by its surroundings. It evolves if its environment changes.
neo2-39,neo2,39,Houndour,Basic,,40,D,,,P,-30,1,Uncommon,228,,,,Bite,C,10,,Plunder,DC,20,"Before doing damage, discard all Trainer cards attached to the Defending Pokémon (before they affect the damage).",,,,,Shin-ichi Yoshida,It uses different kinds of cries for communicating with others of its kind and for pursuing its prey.
neo2-40,neo2,40,Igglybuff,Baby,,30,C,,,,,0,Uncommon,174,Pokémon Power,Gaze,"Once during your turn (before your attack), choose 1 of your opponent's Benched Pokémon that has a Pokémon Power. That power stops working until the end of this turn. This effect ends if that Pokémon leaves the Bench.",,,,,,,,,,,,,Miki Tanaka,"It has a very soft body. If it starts to roll, it will bounce all over and be impossible to stop."
neo2-41,neo2,41,Kakuna,Stage 1,Weedle,70,G,R,x2,,,2,Uncommon,14,,,,Secrete Poison,GG,,"During your opponent's next turn, whenever your opponent's attack damages Kakuna (even if Kakuna is Knocked Out), your opponent's Active Pokémon is now Poisoned and Kakuna does 10 damage to each of your opponent's Benched Pokémon. (Don't apply Weakness and Resistance for Benched Pokémon.)",,,,,,,,,Yukiko Baba,"Although it is a cocoon, it can move a little. It can extend its poison barb if it is attacked."
neo2-42,neo2,42,Metapod,Stage 1,Caterpie,70,G,R,x2,,,2,Uncommon,11,,,,Harden,CC,,"During your opponent's next turn, whenever 20 or less damage is done to Metapod (after applying Weakness and Resistance), prevent that damage. (Any other effects of attacks still happen).",Hatch,GG,,"Flip a coin. If heads, remove all damage counters from Metapod. Then, search your deck for a card that evolves from Metapod and attach that card to Metapod. This counts as evolving Metapod. Shuffle your deck afterward.",,,,,Sumiyoshi Kizuki,"Inside the shell, it is soft and weak as it prepares to evolve. It stays motionless in the shell."
neo2-43,neo2,43,Omastar,Stage 2,Omanyte,80,F,G,x2,,,2,Uncommon,139,,,,Squeeze,W,10+,"Flip a coin. If heads, this attack does 10 damage plus 20 more damage and the Defending Pokémon is now Paralyzed. If tails, this attack does 10 damage.",Spike Barrage,WWW,20+,Flip a number of coins equal to the number of Water Energy attached to Omastar. This attack does 20 damage plus 20 more damage for each heads.,,,,,Shin-ichi Yoshida,"Apparently, it cracked Shellder's shell with its sharp fangs and sucked out the insides."
neo2-44,neo2,44,Poliwhirl,Stage 1,Poliwag,70,W,G,x2,,,1,Uncommon,61,,,,Belly Drum,C,,"Put 3 damage counters on Poliwhirl. If this doesn't Knock Out Poliwhirl, search your deck for 2 Basic Energy cards and attach them to Poliwhirl. Shuffle your deck afterward.",Water Gun,WWC,30+,Does 30 damage plus 10 more damage for each Water Energy attached to Poliwhirl but not used to pay for this attack's Energy cost. You can't add more than 20 damage in this way.,,,,,Kagemaru Himeno,The swirl on its belly undulates. Staring at it may gradually cause drowsiness.
neo2-45,neo2,45,Pupitar,Stage 1,Larvitar,70,F,G,x2,L,-30,1,Uncommon,247,,,,Skull Bash,CC,20,,Dust Devil,FF,,Does 10 damage to each non-Fighting Pokémon in play. Don't apply Weakness and Resistance.,,,,,Hironobu Yoshida,"Its shell is as hard as sheet rock, and it is also very strong. Its thrashing can topple a mountain."
neo2-46,neo2,46,Scyther,Basic,,60,G,R,x2,F,-30,1,Uncommon,123,,,,Fury Cutter,GG,10+,"Flip 4 coins. This attack does 10 damage plus 10 more damage if exactly 1 is heads, or 20 more damage if exactly 2 are heads, or 40 more damage if exactly 3 are heads, or 80 more damage if all 4 are heads.",,,,,,,,,Kimiya Masago,"It slashes through grass with its sharp scythes, moving too fast for the human eye to track."
neo2-47,neo2,47,Unown [D],Basic,,40,P,P,x2,,,1,Uncommon,201,Pokémon Power,[Darkness],"Whenever a Darkness Pokémon damages 1 of your Pokémon, reduce that damage by 30 (after applying Weakness and Resistance). This power stops working if you have more than 1 Unown [D] in play. (This power works even if Unown [D] is Asleep, Confused, or Paralyzed.)",Hidden Power,P,10,,,,,,,,,,CR CG gangs,Their shapes look like hieroglyphs on ancient tablets. It is said that the two are somehow related.
neo2-48,neo2,48,Unown [F],Basic,,40,P,P,x2,,,1,Uncommon,201,Pokémon Power,[Find],"Once during your turn (before your attack), if you have Unown [F], Unown [I], Unown [N], and Unown [D] on your Bench, you may search your deck for a Trainer card. Show that card to your opponent, then put it into your hand. Shuffle your deck afterward.",Hidden Power,P,10,,,,,,,,,,CR CG gangs,Their shapes look like hieroglyphs on ancient tablets. It is said that the two are somehow related.
neo2-49,neo2,49,Unown [M],Basic,,40,P,P,x2,,,1,Uncommon,201,Pokémon Power,[Metal],"Whenever a Metal Pokémon damages 1 of your Pokémon, reduce that damage by 30 (after applying Weakness and Resistance). This power stops working if you have more than 1 Unown [M] in play. (This power works even if Unown [M] is Asleep, Confused, or Paralyzed.)",Hidden Power,P,10,,,,,,,,,,CR CG gangs,Their shapes look like hieroglyphs on ancient tablets. It is said that the two are somehow related.
neo2-50,neo2,50,Unown [N],Basic,,40,P,P,x2,,,1,Uncommon,201,Pokémon Power,[Normal],"Whenever a Colorless Pokémon damages 1 of your Pokémon, reduce that damage by 30 (after applying Weakness and Resistance). This power stops working if you have more than 1 Unown [N] in play. (This power works even if Unown [N] is Asleep, Confused, or Paralyzed.)",Hidden Power,P,10,,,,,,,,,,CR CG gangs,Their shapes look like hieroglyphs on ancient tablets. It is said that the two are somehow related.
neo2-51,neo2,51,Unown [U],Basic,,40,P,P,x2,,,1,Uncommon,201,Pokémon Power,[Undo],"Once during your turn (before your attack), if you have Unown [U], Unown [N], Unown [D], and Unown [O] on your Bench, you may return your Active Pokémon and all cards attached to it to your hand.",Hidden Power,P,10,,,,,,,,,,CR CG gangs,Their shapes look like hieroglyphs on ancient tablets. It is said that the two are somehow related.
neo2-52,neo2,52,Xatu,Stage 1,Natu,70,P,P,x2,F,-30,1,Uncommon,178,,,,Energy Cycle,P,,"Flip a coin. If heads, choose 1 Energy card attached to the Defending Pokémon and 1 of your opponent's Benched Pokémon. Attach that Energy card to that Pokémon.",Super Psy,PPC,50,,,,,,Sumiyoshi Kizuki,"In South America, it is said that its right eye sees the future and its left eye views the past."
neo2-53,neo2,53,Caterpie,Basic,,50,G,R,x2,,,1,Common,10,,,,Spin Tackle,C,20,Caterpie does 10 damage to itself.,,,,,,,,,Yuka Morii,"For protection, it releases a horrible stench from the antennae on its head to drive away enemies."
neo2-54,neo2,54,Dunsparce,Basic,,30,C,F,x2,P,-30,0,Common,206,,,,Glare,C,10,"Flip a coin. If heads, the Defending Pokémon is now Paralyzed.",,,,,,,,,Yukiko Baba,"When spotted, this Pokémon escapes backward by furiously boring into the ground with its tail."
neo2-55,neo2,55,Hoppip,Basic,,30,G,R,x2,F,-30,0,Common,187,,,,Rolling Tackle,G,20,,,,,,,,,,Kagemaru Himeno,"Its body is so light, it must grip the ground firmly with its feet to keep from being blown away."
neo2-56,neo2,56,Kabuto,Stage 1,Mysterious Fossil,50,W,G,x2,,,1,Common,140,Pokémon Power,Revive Friends,"Once during your turn (before your attack), you may flip a coin. If heads, search your deck for a card named Kabuto and put it on your Bench. Shuffle your deck afterward. Treat the new Kabuto as a Basic Pokémon. This power can't be used if Kabuto is Asleep, Confused, or Paralyzed (or if your Bench is full).",Work Together,FC,10+,"Flip a coin. If heads, this attack does 10 damage plus 10 more damage for each Omanyte, Omastar, Kabuto, and Kabutops on your Bench.",,,,,,,,,Yuka Morii,"On rare occasions, some have been found as fossils which they became while hiding on the ocean floor."
neo2-57,neo2,57,Larvitar,Basic,,40,F,G,x2,L,-30,1,Common,246,,,,Bite,C,10,,,,,,,,,,Hironobu Yoshida,"It feeds on soil. After it has eaten a large mountain, it will fall asleep so it can grow."
neo2-58,neo2,58,Mareep,Basic,,50,L,F,x2,,,1,Common,179,,,,Thunder Jolt,LC,30,"Flip a coin. If tails, Mareep does 10 damage to itself.",,,,,,,,,Atsuko Nishida,"Its fleece grows continually. In the summer, the fleece is fully shed, but it grows back in a week."
neo2-59,neo2,59,Natu,Basic,,40,P,P,x2,F,-30,1,Common,177,,,,Confuse Ray,P,10,"Flip a coin. If heads, the Defending Pokémon is now Confused",,,,,,,,,Sumiyoshi Kizuki,"It usually forages for food on the ground but may, on rare occasions, hop onto branches to peck at shoots."
neo2-60,neo2,60,Omanyte,Stage 1,Mysterious Fossil,50,F,G,x2,,,1,Common,138,Pokémon Power,Revive Fossil,"Once during your turn (before your attack), you may flip a coin. If heads, search your deck for a card that evolves from Mysterious Fossil and put it onto your Bench. Shuffle your deck afterward. Treat that card as a Basic Pokémon. This power can't be used if Omanyte is Asleep, Confused, or Paralyzed (or if your Bench is full).",Bind,W,10,"Flip a coin. If heads, the Defending Pokémon is now Paralyzed.",,,,,,,,,Yuka Morii,"Revived from an ancient fossil, this Pokémon uses air stored in its shell to sink and rise in water."
neo2-61,neo2,61,Pineco,Basic,,40,G,R,x2,,,2,Common,204,,,,Burst,G,40,"Flip a coin. If heads, Pineco does 40 damage to itself and 10 damage to each Pokémon on each player's Bench. (Don't apply Weakness and Resistance for Benched Pokémon.) Flip a coin. If tails, this attack does nothing (not even damage).",,,,,,,,,Tomokazu Komiya,It likes to make its shell thicker by adding layers of tree bark. The additional weight doesn't bother it.
neo2-62,neo2,62,Poliwag,Basic,,40,W,G,x2,,,1,Common,60,,,,Rollout,C,10,,Hypnosis,W,,The Defending Pokémon is now Asleep.,,,,,Aya Kusube,"Because it is inept at walking on its newly grown legs, it always swims around in water."
neo2-63,neo2,63,Sentret,Basic,,50,C,F,x2,P,-30,1,Common,161,,,,Scout,C,,Look at your opponent's hand.,Tackle,CC,20,,,,,,Sumiyoshi Kizuki,"It stands on its tail so it can see a long way. If it spots an enemy, it cries loudly to warn its kind."
neo2-64,neo2,64,Spinarak,Basic,,50,G,R,x2,,,1,Common,167,,,,Poison Sting,GC,20,"Flip a coin. If heads, the Defending Pokémon is now Poisoned.",,,,,,,,,Yukiko Baba,It spins a web using fine – but durable – thread. It then waits patiently for prey to be trapped.
neo2-65,neo2,65,Teddiursa,Basic,,40,C,F,x2,P,-30,1,Common,216,,,,Scratch,C,10,,Nap Time,CC,,Remove all damage counters from Teddiursa. Teddiursa is now Asleep.,,,,,Miki Tanaka,"If it finds honey, its crescent mark glows. It always licks its paws because they are soaked with honey."
neo2-66,neo2,66,Tyrogue,Baby,,30,F,,,,,0,Common,236,,,,Smash Punch,C,30,"Flip a coin. If tails, this attack does nothing.",,,,,,,,,Miki Tanaka,"It is always bursting with energy. To make itself stronger, it keeps on fighting even if it loses."
neo2-67,neo2,67,Unown [E],Basic,,40,P,P,x2,,,1,Common,201,Pokémon Power,[Engage],"When you play Unown [E] from your hand, your opponent may shuffle his or her hand into his or her deck and then draw 4 cards. Either way, you may shuffle your hand into your deck and draw 4 cards.",Hidden Power,P,10,,,,,,,,,,CR CG gangs,Their shapes look like hieroglyphs on ancient tablets. It is said that the two are somehow related.
neo2-68,neo2,68,Unown [I],Basic,,40,P,P,x2,,,1,Common,201,Pokémon Power,[Increase],"When you play Unown [I] from your hand, you may search your deck for a card with Unown in its name and put it onto your Bench. Shuffle your deck afterward. You can't use this power if your Bench is full.",Hidden Power,P,10,,,,,,,,,,CR CG gangs,Their shapes look like hieroglyphs on ancient tablets. It is said that the two are somehow related.
neo2-69,neo2,69,Unown [O],Basic,,40,P,P,x2,,,1,Common,201,Pokémon Power,[Observe],"Once during your turn (before your attack), you may look at 5 cards from the top of your opponent's deck and put them back in the same order.",Hidden Power,P,10,,,,,,,,,,CR CG gangs,Their shapes look like hieroglyphs on ancient tablets. It is said that the two are somehow related.
neo2-70,neo2,70,Weedle,Basic,,40,G,R,x2,,,1,Common,13,,,,Spike Stab,G,20,"Flip a coin. If heads, the Defending Pokémon is now Poisoned. If tails, this attack does nothing (not even damage).",,,,,,,,,Miki Tanaka,Its poison stinger is very powerful. Its bright-colored body is intended to warn off its enemies.
neo2-71,neo2,71,Wooper,Basic,,50,W,G,x2,L,-30,1,Common,194,,,,Slime,W,,"If an attack would do damage to Wooper during your opponent's next turn, your opponent flips a coin. If tails, prevent all damage to Wooper from that attack. (Any other effects of that attack happen.)",Tail Slap,CC,20,,,,,,Yukiko Baba,"When it walks around on the ground, it coats its body with a slimy, poisonous film."
neo3-1,neo3,1,Ampharos,Stage 2,Flaaffy,90,L,F,x2,,,3,Rare Holo,181,,,,Attract Current,L,20,"Flip 3 coins. For each heads, you may search your deck for a Lightning Energy card and attach it to 1 of your Lightning Pokémon. Shuffle your deck afterward.",Gigavolt,LLLC,40+,"Flip a coin. If heads, this attack does 40 damage plus 20 more damage. If tails, this attack does 40 damage and the Defending Pokémon is now Paralyzed.",,,,,Toshinao Aoki,The bright light on its tail can be seen far away. It has been treasured since ancient times as a beacon.
neo3-2,neo3,2,Blissey,Stage 1,Chansey,120,C,F,x2,P,-30,2,Rare Holo,242,Pokémon Power,Softboiled,"When you play Blissey from your hand, you may flip a coin. If heads, remove 8 damage counters from Blissey. If tails, remove 4 damage counters from Blissey. Either way, if Blissey has fewer damage counters than that, remove all of them.",Body Slam,CCCC,30,"Flip a coin. If heads, the Defending Pokémon is now Paralyzed.",,,,,,,,,Yuka Morii,Anyone who takes even one bite of Blissey's egg becomes unfailingly caring and pleasant to everyone.
neo3-3,neo3,3,Celebi,Basic,,50,P,P,x2,,,1,Rare Holo,251,Pokémon Power,Time Travel,"If an opponent's attack would Knock Out Celebi, flip a coin. If heads, Celebi isn't Knocked Out and you shuffle it and all cards attached to it into your deck. This power doesn't work if Celebi is already Asleep, Confused, or Paralyzed.",Psychic Damage,P,,"Flip 3 coins. For each heads, put 1 damage counter on the Defending Pokémon.",,,,,,,,,Hironobu Yoshida,This Pokémon wanders across time. Grass and trees flourish in the forests in which it has appeared.
neo3-4,neo3,4,Crobat,Stage 2,Golbat,90,G,P,x2,F,-30,0,Rare Holo,169,,,,Triggered Poison,G,20,"If your opponent attaches an Energy card to the Defending Pokémon during his or her next turn, that Pokémon becomes Poisoned.",Cross Attack,GGC,20×,"Flip 4 coins. This attack does 20 damage times the number of heads. If you get 2 or more heads, the Defending Pokémon is now Confused.",,,,,Shin-ichi Yoshida,It flies so silently through the dark on its four wings that it may not be noticed even when nearby.
neo3-5,neo3,5,Delibird,Basic,,60,C,L,x2,F,-30,1,Rare Holo,225,,,,Present,CC,,"Flip 3 coins. If exactly 1 is heads, this attack does 40 damage. If exactly 2 are heads, remove 3 damage counters from the Defending Pokémon. If the Defending Pokémon has fewer damage counters than that, remove all of them. If all 3 are heads, this attack does 60 damage. If all 3 are tails, remove all damage counters from the Defending Pokémon.",,,,,,,,,Tomokazu Komiya,It carries food all day long. There are tales about lost people who were saved by the food it had.
neo3-6,neo3,6,Entei,Basic,,80,R,W,x2,,,1,Rare Holo,244,Pokémon Power,Howl,"When you play Entei from your hand, you may discard the top 5 cards of your deck. (If you have fewer cards in your deck than that, discard all of them.) If any of those are Fire Energy cards, attach them to any of your Fire Pokémon of your choice. Using this power ends your turn.",Searing Flames,RRR,60,Discard 2 Fire Energy cards attached to Entei or this attack does nothing.,,,,,,,,,Ken Sugimori,"Volcanoes erupt when it barks. Unable to restrain its extreme power, it races headlong around the land."
neo3-7,neo3,7,Ho-oh,Basic,,90,R,W,x2,F,-30,2,Rare Holo,250,,,,Stoke,R,,You may search your deck for a Fire Energy card and attach it to Ho-Oh. Shuffle your deck afterward.,Sacred Fire,RRR,,"Flip a coin. If heads, choose 1 of your opponent's Pokémon. This attack does 40 damage to that Pokémon. Don't apply Weakness and Resistance.",Dive Bomb,RRRRR,90,"Flip a coin. If tails, this attack does nothing.",Kimiya Masago,Legends claim this Pokémon flies the world's skies continuously on its magnificent seven colored wings.
neo3-8,neo3,8,Houndoom,Stage 1,Houndour,70,D,,,P,-30,1,Rare Holo,229,,,,Dark Flame,R,20,"Discard 1 Fire Energy card attached to Houndoom or this attack does nothing. If there are any Darkness Energy cards in your discard pile, attach 1 of them to Houndoom.",Black Fang,DCC,30+,Flip a number of coins equal to the number of Darkness Energy attached to Houndoom. This attack does 30 damage plus 10 more damage for each heads.,,,,,Mitsuhiro Arita,"Upon hearing its eerie howls, other Pokémon get the shivers and head straight back to their nests."
neo3-9,neo3,9,Jumpluff,Stage 2,Skiploom,70,G,R,x2,F,-30,0,Rare Holo,189,,,,Evolutionary Spore,G,,"Choose any number of your Hoppips and Skiplooms. Then, for each Pokémon you chose in this way, you may search your deck for a card that evolves from that Pokémon and attach it to that Pokémon. (This counts as evolving those Pokémon.) Shuffle your deck afterward.",Solarbeam,G,30,,,,,,Kagemaru Himeno,Drifts on seasonal winds and spreads its cotton-like spores all over the world to make more offspring.
neo3-10,neo3,10,Magneton,Stage 1,Magnemite,80,M,R,x2,G,-30,2,Rare Holo,82,Pokémon Power,Electromagnetic Power,"As often as you like during your turn (before your attack), you may take 1 Energy card attached to 1 of your Magnemites, Magnetons, or Dark Magnetons and attach it to a different 1 of your Magnemites, Magnetons, and Dark Magnetons. This power can't be used if Magneton is Asleep, Confused, or Paralyzed.",Plasma,LLC,30,"If there are any Lightning Energy cards in your discard pile, attach 1 of them to Magneton.",,,,,,,,,"""Big Mama"" Tagawa, CR CG gangs",Three Magnemites are linked by a strong magnetic force. Earaches will occur if you get too close.
neo3-11,neo3,11,Misdreavus,Basic,,50,P,,,F,-30,1,Rare Holo,200,,,,Night Eyes,P,,The Defending Pokémon is now Asleep.,Perish Song,PPP,,"If the Defending Pokémon is Asleep and was attacked with Night Eyes during your last turn, it is Knocked Out.",,,,,Ken Sugimori,It likes playing mischievous tricks such as screaming and wailing to startle people at night.
neo3-12,neo3,12,Porygon2,Stage 1,Porygon,70,C,F,x2,P,-30,1,Rare Holo,233,Pokémon Power,Energy Converter,"Once during your turn (before your attack), you may choose 1 basic Energy card attached to 1 of your Pokémon and choose an Energy type. Treat that Energy card as that type until the end of your turn. This power can't be used if Porygon2 is Asleep, Confused, or Paralyzed. If Porygon2 becomes Asleep, Confused, or Paralyzed, the Energy card goes back to its original type.",Delta Beam,CCC,20,"Flip a coin. If heads, choose whether the Defending Pokémon becomes Asleep, Confused, or Paralyzed.",,,,,,,,,Keiji Kinebuchi,"This upgraded version of Porygon is designed for space exploration. It can't fly, though."
neo3-13,neo3,13,Raikou,Basic,,80,L,F,x2,,,1,Rare Holo,243,Pokémon Power,Lightning Burst,"Whenever you attach a Lightning Energy card from your hand to Raikou, if your opponent has any Benched Pokémon, he or she chooses 1 of them and switches it with the Defending Pokémon. This power stops working while Raikou is Asleep, Confused, or Paralyzed.",Lightning Tackle,LLL,50,"Flip a coin. If tails, Raikou does 20 damage to itself.",,,,,,,,,Ken Sugimori,The rain clouds it carries let it fire thunderbolts at will. They say that it descended with lightning.
neo3-14,neo3,14,Suicune,Basic,,70,W,L,x2,,,1,Rare Holo,245,Pokémon Power,Crystal Body,"Prevent all effects of your opponent's attacks, other than damage, done to Suicune. This power stops working while Suicune is Asleep, Confused, or Paralyzed.",Aurora Wave,WWW,30,"Flip 2 coins. If both are heads, the Defending Pokémon is now Paralyzed. If only 1 is heads, the Defending Pokémon is now Asleep.",,,,,,,,,Ken Sugimori,"Said to be the reincarnation of north winds, it can instantly purify filthy, murky water."
neo3-15,neo3,15,Aerodactyl,Stage 1,Mysterious Fossil,60,F,G,x2,F,-30,2,Rare,142,Pokémon Power,Prehistoric Memory,"Whenever an Evolved Pokémon attacks (even if it's your opponent's), it can use any attack from its Basic Pokémon card or any Evolution card attached to it. It still has to pay for that attack's Energy cost. This power stops working while Aerodactyl is Asleep, Confused, or Paralyzed.",Fly,CCC,30,"Flip a coin. If heads, during your opponent's next turn, prevent all effects of attacks, including damage, done to Aerodactyl. If tails, this attack does nothing (not even damage).",,,,,,,,,Shin-ichi Yoshida,"A vicious Pokémon from the distant past, it appears to have flown by spreading its wings and gliding."
neo3-16,neo3,16,Celebi,Basic,,50,G,R,x2,,,1,Rare,251,,,,Psychic Leaf,GG,10+,"Flip a coin for each Energy attached to the Defending Pokémon. This attack does 10 damage plus 10 more damage for each heads. Remove a number of damage counters from Celebi equal to the damage done to the Defending Pokémon (after applying Weakness and Resistance). If Celebi has fewer damage counters than that, remove all of them.",,,,,,,,,Sumiyoshi Kizuki,"When Celebi disappears deep in a forest, it is said to leave behind an egg it brought from the future."
neo3-17,neo3,17,Entei,Basic,,60,R,W,x2,,,0,Rare,244,Pokémon Power,Legendary Body,"As long as Entei is your Active Pokémon, Entei and Energy cards attached to it aren't affected by effects from Trainer cards other than Stadium cards. As long as this Power is active, discard any Trainer cards attached to Entei. (This power works even if Entei is Asleep, Confused, or Paralyzed.)",Mega Flame,RRR,50,"Flip 2 coins. For each tails, discard 1 Fire Energy card from Entei, if it has any.",,,,,,,,,Naoyo Kimura,A Pokémon that races across the land. It is said that one is born every time a new volcano appears.
neo3-18,neo3,18,Ho-oh,Basic,,90,C,W,x2,F,-30,2,Rare,250,,,,Rainbow Burn,CCCC,30+,"This attack does 30 damage plus 10 more damage for each type of Basic Energy card, if any, attached to Ho-Oh.",,,,,,,,,Aya Kusube,A legend says that its body glows in seven colors. A rainbow is said to form behind it when it flies.
neo3-19,neo3,19,Kingdra,Stage 2,Seadra,90,W,,,,,2,Rare,230,,,,Genetic Memory,C,,Use any attack from Kingdra's Basic Pokémon card or Evolution card. (Kingdra doesn't have to pay for that attack's Energy cost.),Twister,WWCC,50,"Flip 2 coins. For each heads, choose 1 Energy card attached to the Defending Pokémon, if any, and discard it. If both are tails, this attack does nothing (not even damage).",,,,,Mitsuhiro Arita,It sleeps deep on the ocean floor to build its energy. It is said to cause tornadoes as it wakes.
neo3-20,neo3,20,Lugia,Basic,,90,P,P,x2,F,-30,2,Rare,249,,,,Aerowing,CCCC,40,"You may flip a coin. If heads, this attack does 80 damage. If tails, this attack does nothing.",,,,,,,,,Aya Kusube,It is said to be the guardian of the seas. It is rumored to have been seen on the night of a storm.
neo3-21,neo3,21,Raichu,Stage 1,Pikachu,80,L,F,x2,,,1,Rare,26,,,,Thundershock,LC,20,"Flip a coin. If heads, the Defending Pokémon is now Paralyzed.",Lightning Strike,LLL,40,"You may discard all Lightning Energy cards attached to Raichu. If you do, this attack does 80 damage.",,,,,Masako Yamashita,"If the electric pouches in its cheeks become fully charged, both ears will stand straight up."
neo3-22,neo3,22,Raikou,Basic,,60,L,F,x2,,,0,Rare,243,Pokémon Power,Legendary Body,"As long as Raikou is your Active Pokémon, Raikou and Energy cards attached to it aren't affected by effects from Trainer cards other than Stadium cards. As long as this Power is active, discard any Trainer cards attached to Raikou. (This power works even if Raikou is Asleep, Confused, or Paralyzed.)",Lightning Spark,LLL,30,"If your opponent has any Benched Pokémon, flip a coin. If heads, choose 1 of them and this attack does 20 damage to it. (Don't apply Weakness and Resistance for Benched Pokémon.)",,,,,,,,,Naoyo Kimura,A Pokémon that races across the land while barking a cry that sounds like crashing thunder.
neo3-23,neo3,23,Skarmory,Basic,,60,M,R,x2,G,-30,2,Rare,227,,,,Fury Attack,C,10×,Flip 2 coins. This attack does 10 damage times the number of heads.,Agility,MCC,20,"Flip a coin. If heads, during your opponent's next turn, prevent all effects of attacks, including damage, done to Skarmory.",,,,,Aya Kusube,"After nesting in bramble bushes, the wings of its chicks grow hard from scratches by thorns."
neo3-24,neo3,24,Sneasel,Basic,,60,D,,,P,-30,0,Rare,215,,,,Swipe,D,,"Flip a coin. If heads, discard all Trainer cards attached to your opponent's Pokémon.",Quick Attack,CC,10+,"Flip a coin. If heads, this attack does 10 damage plus 20 more damage.",,,,,Sumiyoshi Kizuki,"Its paws conceal sharp claws. If attacked, it suddenly extends the claws and startles its enemy."
neo3-25,neo3,25,Starmie,Stage 1,Staryu,70,P,P,x2,,,1,Rare,121,,,,Confuse Ray,W,10,"Flip a coin. If heads, the Defending Pokémon is now Confused.",Core Stream,PPC,,Choose an Energy type other than Colorless. This attack does 20 damage to each of your opponent's Pokémon with any Energy cards of that type attached to it. Don't apply Weakness and Resistance.,,,,,"Keita Komatsuya, CR CG gangs",The center section of its body is called the core. It glows in a different color each time it is seen.
neo3-26,neo3,26,Sudowoodo,Basic,,60,F,W,x2,,,3,Rare,185,Pokémon Power,Mimic,"As long as Sudowoodo is your Active Pokémon, it copies all of the Defending Pokémon's attacks, including their costs. This power can't be used if Sudowoodo is Asleep, Confused, or Paralyzed.",Slam,CC,20×,Flip 2 coins. This attack does 20 damage times the number of heads.,,,,,,,,,Sumiyoshi Kizuki,"It disguises itself as a tree to avoid attack. It hates water, so it will disappear if it starts raining."
neo3-27,neo3,27,Suicune,Basic,,60,W,L,x2,,,0,Rare,245,Pokémon Power,Legendary Body,"As long as Suicune is your Active Pokémon, Suicune and Energy cards attached to it aren't affected by effects from Trainer cards other than Stadium cards. As long as this Power is active, discard any Trainer cards attached to Suicune. (This power works even if Suicune is Asleep, Confused, or Paralyzed.)",Crystal Wave,WWW,30+,"Flip a coin. If heads, this attack does 30 damage plus 10 more damage. If tails, this attack does 30 damage and, if your opponent has any Benched Pokémon, he or she chooses 1 of them and switches it with the Defending Pokémon. (Do the damage before switching the Pokémon.)",,,,,,,,,Naoyo Kimura,This Pokémon races across the land. It is said that north winds will somehow blow whenever it appears.
neo3-28,neo3,28,Flaaffy,Stage 1,Mareep,70,L,F,x2,,,1,Uncommon,180,,,,Electric Punch,L,20,,Tail Shock,LCC,30,"Flip a coin. If heads, this attack does 10 damage to each of your opponent's Benched Pokémon. (Don't apply Weakness and Resistance for Benched Pokémon.)",,,,,Toshinao Aoki,Its fluffy fleece easily stores electricity. Its rubbery hide keeps it from being electrocuted.
neo3-29,neo3,29,Golbat,Stage 1,Zubat,60,G,P,x2,F,-30,0,Uncommon,42,,,,Screech,C,,"Until the end of your next turn, if an attack damages the Defending Pokémon (after applying Weakness and Resistance), that attack does 20 more damage to the Defending Pokémon.",Poison Bite,GC,10,"If this attack damages the Defending Pokémon, the Defending Pokémon is now Poisoned and you remove a number of damage counters from Golbat equal to half that damage (rounded up to the nearest 10). If Golbat has fewer damage counters than that, remove all of them. Either way, the Defending Pokémon is now Poisoned.",,,,,Masako Yamashita,"It can drink more than 10 ounces of blood at once. If it has too much, it gets heavy and flies clumsily."
neo3-30,neo3,30,Graveler,Stage 1,Geodude,70,F,G,x2,,,2,Uncommon,75,,,,Earthquake,FC,40,Does 10 damage to each of your own Benched Pokémon. (Don't apply Weakness and Resistance for Benched Pokémon.),Rock Tumble,FFF,50,Don't apply Resistance.,,,,,Yukiko Baba,"With a free and uncaring nature, it doesn't mind if pieces break off while it rolls down mountains."
neo3-31,neo3,31,Jynx,Basic,,60,W,P,x2,,,1,Uncommon,124,,,,Freezing Kiss Goodnight,W,,The Defending Pokémon is now Asleep.,Strange Dance,PPC,20+,"Flip a coin. If heads, this attack does 20 damage plus 20 more damage and the Defending Pokémon is now Confused. If tails, this attack does 20 damage.",,,,,Tomokazu Komiya,It rocks its body rhythmically. It appears to alter the rhythm depending on how it is feeling.
neo3-32,neo3,32,Lanturn,Stage 1,Chinchou,80,L,F,x2,,,2,Uncommon,171,Pokémon Power,Submerge,"Once during your turn (before your attack), you may change Lanturn's type to Water until the end of your turn. This power can't be used if Lanturn is Asleep, Confused, or Paralyzed. If Lanturn becomes Asleep, Confused, or Paralyzed after you have used this power, its type changes back to Lightning.",Blinding Light,LCC,30,"Flip a coin. If heads, the Defending Pokémon is now Confused.",,,,,,,,,Kagemaru Himeno,"It blinds prey with an intense burst of light, then swallows the immobilized prey in a single gulp."
neo3-33,neo3,33,Magcargo,Stage 1,Slugma,80,R,W,x2,,,3,Uncommon,219,Pokémon Power,Magma Pool,"If Magcargo is your Active Pokémon and moves to the Bench, remove 1 Fire Energy card attached to Magcargo, if any, and attach it to the new Active Pokémon. (You can't choose an Energy card that you used to pay the Retreat Cost.)",Lava Flow,RRR,40+,"You may discard any number of Fire Energy cards attached to Magcargo when you use this attack. If you do, this attack does 40 damage plus 20 more damage for each Fire Energy card you discarded in this way.",,,,,,,,,Shin-ichi Yoshida,The shell on its back is just skin that has cooled and hardened. It breaks easily with a slight touch.
neo3-34,neo3,34,Octillery,Stage 1,Remoraid,80,W,L,x2,,,2,Uncommon,224,,,,Constrict,W,10,"Flip a coin. If heads, the Defending Pokémon is now Paralyzed.",Octazooka,WWW,40,"Flip a coin. If heads, whenever the Defending Pokémon attacks, your opponent flips a coin. If tails, that attack does nothing. (Benching or evolving that Pokémon ends this effect.)",,,,,Tomokazu Komiya,It traps enemies with its suction cupped tentacles then smashes them with its rockhard head.
neo3-35,neo3,35,Parasect,Stage 1,Paras,60,G,R,x2,,,2,Uncommon,47,Pokémon Power,Allergic Pollen,"As long as Parasect is in play, cards in any player's discard piles are not affected by attacks or Pokémon Powers. This power stops working if Parasect becomes Asleep, Confused, or Paralyzed.",Sleep Pinchers,GG,30,"Flip a coin. If heads, the Defending Pokémon is now Asleep.",,,,,,,,,Atsuko Nishida,"It stays mostly in dark, damp places, the preference not of the bug, but of the big mushrooms on its back."
neo3-36,neo3,36,Piloswine,Stage 1,Swinub,90,F,G,x2,L,-30,3,Uncommon,221,,,,Nap,CC,,"Remove 3 damage counters from Piloswine. If it has fewer damage counters than that, remove all of them.",High-Speed Charge,FFCC,80,Piloswine does 30 damage to itself. Piloswine can't use this attack during your next turn.,,,,,Atsuko Nishida,"If it charges at an enemy, the hairs on its back stand up straight. It is very sensitive to sound."
neo3-37,neo3,37,Seaking,Stage 1,Goldeen,70,W,L,x2,,,1,Uncommon,119,,,,Rising Lunge,W,10+,"Flip a coin. If heads, this attack does 10 damage plus 10 more damage. If tails, this attack does 10 damage.",Horn Swipe,WW,20+,"Flip 2 coins. If both are heads, this attack does 20 damage plus 40 more damage. If 1 or both of them are tails, this attack does 20 damage.",,,,,Miki Tanaka,"Using its horn, it bores holes in riverbed boulders, making nests to prevent its eggs from washing away."
neo3-38,neo3,38,Stantler,Basic,,60,C,F,x2,P,-30,1,Uncommon,234,,,,Terrorize,C,,"If the Defending Pokémon is a Basic Pokémon, choose 1 of its attacks. That Pokémon can't use that attack during your opponent's next turn.",Overhead Toss,CCC,30,"If you have any Benched Pokémon, flip a coin. If tails, this attack does 10 damage to 1 of them. (Don't apply Weakness and Resistance for Benched Pokémon.)",,,,,Yukiko Baba,Those who stare at its antlers will gradually lose control of their senses and be unable to stand.
neo3-39,neo3,39,Unown [B],Basic,,50,P,P,x2,,,1,Uncommon,201,Pokémon Power,[Bear],"Once during your turn (before your attack), you may move 1 damage counter from 1 of your Pokémon with Unown in its name to Unown [B]. This power can't be used if Unown [B] has 10 HP left. This power can be used even if Unown [B] is Asleep, Confused, or Paralyzed.",Hidden Power,P,10,,,,,,,,,,CR CG gangs,Their shapes look like hieroglyphs on ancient tablets. It is said that the two are somehow related.
neo3-40,neo3,40,Unown [Y],Basic,,40,P,P,x2,,,1,Uncommon,201,Pokémon Power,[Yield],"Once during your turn (before your attack), you may flip a coin. If heads, search your deck for a Psychic Energy card and attach it to 1 of your Pokémon with Unown in its name. Shuffle your deck afterward. This power can be used even if Unown [Y] is Asleep, Confused, or Paralyzed.",Hidden Power,P,10,,,,,,,,,,CR CG gangs,Their shapes look like hieroglyphs on ancient tablets. It is said that the two are somehow related.
neo3-41,neo3,41,Aipom,Basic,,40,C,F,x2,P,-30,0,Common,190,,,,Grab,C,,Choose a Trainer card attached to 1 of your opponent's Pokémon. Your opponent shuffles that card into his or her deck.,Tail Punch,CC,20,,,,,,Sumiyoshi Kizuki,"It lives atop tall trees. When leaping from branch to branch, it deftly uses its tail for balance."
neo3-42,neo3,42,Chinchou,Basic,,50,L,F,x2,,,1,Common,170,,,,Positive Ion,L,10+,"Flip a coin. If heads, this attack does 10 damage plus 10 more damage. If tails, this attack does 10 damage.",Negative Ion,W,10,"If the Defending Pokémon attacks Chinchou during your opponent's next turn, any damage done to Chinchou is reduced by 10 (before applying Weakness and Resistance). (Benching or evolving either Pokémon ends this effect.)",,,,,Atsuko Nishida,"On the dark ocean floor, its only means of communication is its constantly flashing lights."
neo3-43,neo3,43,Farfetch'd,Basic,,50,C,L,x2,F,-30,1,Common,83,,,,Gust,C,10,,Leek Jab,CCC,40,This attack can't be used during your next turn. (Benching Farfetch'd ends this effect.),,,,,Miki Tanaka,"If anyone tries to disturb where the essential plant sticks grow, it uses its own stick to thwart them."
neo3-44,neo3,44,Geodude,Basic,,40,F,G,x2,,,1,Common,74,,,,Knuckle Punch,F,20,,,,,,,,,,Masako Yamashita,It uses its arms to steadily climb steep mountain paths. It swings its fists around if angered.
neo3-45,neo3,45,Goldeen,Basic,,40,W,L,x2,,,0,Common,118,,,,Fin Smack,C,10×,Flip 2 coins. This attack does 10 damage times the number of heads.,,,,,,,,,Yuka Morii,"Its dorsal, pectoral and tail fins wave elegantly in the water. That is why it is known as the water dancer."
neo3-46,neo3,46,Murkrow,Basic,,40,D,,,P,-30,0,Common,198,,,,Call for Family,C,,Search your deck for a Basic Pokémon card named Murkrow and put it onto your Bench. Shuffle your deck afterward. (You can't use this attack if your Bench is full.),Flock Attack,CC,10+,Flip a number of coins equal to the number of Murkrows on your Bench. This attack does 10 damage plus 10 more damage for each heads.,,,,,Hironobu Yoshida,"Feared and loathed by many, it is believed to bring misfortune to all those who see it at night."
neo3-47,neo3,47,Paras,Basic,,40,G,R,x2,,,1,Common,46,,,,Sleep Spore,G,10,"Flip a coin. If heads, the Defending Pokémon is now Asleep.",Scratch,CC,20,,,,,,Kagemaru Himeno,"It is doused with mushroom spores when it is born. As its body grows, mushrooms sprout from its back."
neo3-48,neo3,48,Quagsire,Stage 1,Wooper,70,W,G,x2,L,-30,2,Common,195,,,,Mud Slap,FF,30,,Whirlpool,WWCC,40,"If the Defending Pokémon has any Energy cards attached to it, choose 1 of them and discard it.",,,,,Yuka Morii,"Due to its relaxed and carefree attitude, it often bumps its head on boulders and boat hulls as it swims."
neo3-49,neo3,49,Qwilfish,Basic,,60,W,L,x2,,,1,Common,211,,,,Poison Sting,W,10,"Flip a coin. If heads, the Defending Pokémon is now Poisoned.",Needle Storm,CC,20×,Flip a coin until you get tails. This attack does 20 damage times the number of heads you get.,,,,,Sumiyoshi Kizuki,"To fire its poison spikes, it must inflate its body by drinking over 2.6 gallons of water all at once."
neo3-50,neo3,50,Remoraid,Basic,,40,W,L,x2,,,0,Common,223,,,,Sharpshooting,W,,"Flip a coin. If heads, choose 1 of your opponent's Pokémon. This attack does 20 damage to that Pokémon. Don't apply Weakness and Resistance.",,,,,,,,,Miki Tanaka,It has superb accuracy. The water it shoots out can strike even moving prey from more than 300 feet.
neo3-51,neo3,51,Shuckle,Basic,,40,F,G,x2,,,1,Common,213,Pokémon Power,Hard Shell,"Whenever an attack (including your own) does 40 or less damage to Shuckle (after applying Weakness and Resistance), reduce that damage to 10. (Any other effects of attacks still happen.) This power stops working while Shuckle is Asleep, Confused, or Paralyzed.",Toxic Saliva,GG,,"Flip a coin. If heads, the Defending Pokémon is now Poisoned. It now takes 20 Poison damage instead of 10 after each player's turn (even if it was already Poisoned).",,,,,,,,,Yuka Morii,"It stores berries inside its shell. To avoid attacks, it hides beneath rocks and remains completely still."
neo3-52,neo3,52,Skiploom,Stage 1,Hoppip,60,G,R,x2,F,-30,0,Common,188,,,,Hop,C,20,,Mysterious Powder,G,10,"Flip a coin. If heads, the Defending Pokémon is now Confused.",,,,,Mitsuhiro Arita,It spreads its petals to absorb sunlight. It also floats in the air to get closer to the sun.
neo3-53,neo3,53,Slugma,Basic,,50,R,W,x2,,,2,Common,218,,,,Flare,R,10,,Magma Ring,RR,20,The Defending Pokémon can't retreat during your opponent's next turn.,,,,,Kagemaru Himeno,"It never sleeps. It has to keep moving because if it stopped, its magma body would cool and harden."
neo3-54,neo3,54,Smoochum,Baby,,30,P,,,,,0,Common,238,,,,Psykiss,C,,"Flip a coin. If heads, choose a Special Energy card attached to 1 of your opponent's Pokémon. Your opponent shuffles that card into his or her deck.",,,,,,,,,Atsuko Nishida,It always rocks its head slowly backwards and forwards as if it is trying to kiss someone.
neo3-55,neo3,55,Snubbull,Basic,,50,C,F,x2,P,-30,1,Common,209,,,,Bite,C,10,,Raging Headbutt,CC,10+,"Flip a coin. If heads, this attack does 10 damage plus 10 damage times the number of damage counters on Snubbull. If tails, this attack does 10 damage.",,,,,Tomokazu Komiya,"It has an active, playful nature. Many people like to frolic with it because of its affectionate ways."
neo3-56,neo3,56,Staryu,Basic,,40,W,L,x2,,,1,Common,120,,,,Tackle,C,10,,Bubblebeam,W,10,"Flip a coin. If heads, the Defending Pokémon is now Paralyzed.",,,,,Mitsuhiro Arita,"At night, the center of its body slowly flickers with the same rhythm as a human heartbeat."
neo3-57,neo3,57,Swinub,Basic,,40,F,G,x2,L,-30,1,Common,220,,,,Tackle,C,10,,Take Down,FC,30,Swinub does 10 damage to itself.,,,,,Miki Tanaka,"If it smells something enticing, it dashes headlong off to find the source of the aroma."
neo3-58,neo3,58,Unown [K],Basic,,40,P,P,x2,,,1,Common,201,Pokémon Power,[Keep],"Your opponent's attacks, Pokémon Powers, and Trainer cards can't discard Energy cards from your Pokémon with Unown in their names. (Any other effects still happen.)",Hidden Power,P,10,,,,,,,,,,CR CG gangs,Their shapes look like hieroglyphs on ancient tablets. It is said that the two are somehow related.
neo3-59,neo3,59,Zubat,Basic,,40,G,P,x2,F,-30,0,Common,41,,,,Bite,C,10,,Poison Spray,G,,The Defending Pokémon is now Poisoned.,,,,,Yukiko Baba,"While flying, it constantly emits ultrasonic waves from its mouth to check its surroundings."
neo3-65,neo3,65,Shining Gyarados,Basic,,100,W,G,x2,F,-30,3,Rare Shining,130,,,,Outrage,WFF,30+,"Flip a coin. If heads, this attack does 30 damage plus 10 more damage for each damage counter on Shining Gyarados. If tails, this attack does nothing.",Devastate,WWRR,50,"Discard 2 Fire Energy cards attached to Shining Gyarados or this attack does nothing. This attack does 10 damage to each of your opponent's Benched Pokémon. (Don't apply Weakness and Resistance for Benched Pokémon.) Then, flip a coin. If heads, choose 1 Energy card attached to each of your opponent's Pokémon that has any Energy cards attached to it and discard those Energy cards.",,,,,Ken Sugimori,"Once it appears, it goes on a rampage. It remains enraged until it demolishes everything around it."
neo3-66,neo3,66,Shining Magikarp,Basic,,30,W,L,x2,,,1,Rare Shining,129,,,,Gold Scale,W,,"Your opponent may draw 2 cards. Either way, you may draw 2 cards.",Dragon Bond,P,,"Search your deck for a card named Gyarados, Dark Gyarados, or Shining Gyarados. Show it to your opponent and put it into your hand. Shuffle your deck afterward.",,,,,Ken Sugimori,"An underpowered, pathetic Pokémon. It may jump high on rare occasions, but never more than seven feet."
neo4-1,neo4,1,Dark Ampharos,Stage 2,Dark Flaaffy,70,L,F,x2,,,2,Rare Holo,181,Pokémon Power,Conductivity,"Whenever your opponent attaches an Energy card from his or her hand to a Pokémon, this power does 10 damage to that Pokémon. (Don't apply Weakness and Resistance.) This power stops working if you have more than 1 Dark Ampharos in play or while Dark Ampharos is Asleep, Confused, or Paralyzed.",Shock Bolt,LCC,50,Discard all Lightning Energy cards attached to Dark Ampharos or this attack does nothing.,,,,,,,,,Kagemaru Himeno,"Its brightly lit tail can be seen for miles in the dark, even by ships on the sea."
neo4-2,neo4,2,Dark Crobat,Stage 2,Dark Golbat,70,G,P,x2,F,-30,0,Rare Holo,169,Pokémon Power,Surprise Bite,"When you play Dark Crobat from your hand, you may choose 1 of your opponent's Pokémon. This power does 20 damage to that Pokémon. (Don't apply Weakness and Resistance.)",Dark Drain,GG,,"Flip a coin for each of your opponent's Pokémon. For each heads, this attack does 10 damage to that Pokémon. Don't apply Weakness and Resistance. Remove a number of damage counters from Dark Crobat equal to the damage dealt. If Dark Crobat has fewer damage counters than that, remove all of them.",,,,,,,,,"Shin-ichi Yoshikawa, CR CG gangs","Although the wings it has evolved on its feet allow it to fly at high speeds, they unfortunately make it difficult to perch."
neo4-3,neo4,3,Dark Donphan,Stage 1,Phanpy,60,F,G,x2,L,-30,3,Rare Holo,232,,,,Tusk Toss,FF,,"If your opponent has any Benched Pokémon, flip a coin. If heads, return the Defending Pokémon and all cards attached to it to your opponent's hand. If tails, your opponent chooses 1 of his or her Benched Pokémon and switches it with the Defending Pokémon.",Giant Tusk,FFC,50,,,,,,Shin-ichi Yoshida,"The larger its tusks, the higher its status in the herd."
neo4-4,neo4,4,Dark Espeon,Stage 1,Eevee,60,P,P,x2,,,0,Rare Holo,196,,,,Gouge,C,10+,"Flip a coin. If heads, this attack does 10 damage plus 10 more damage; if tails, this attack does 10 damage.",Psysplash,PCC,,Does 10 damage to each of your opponent's Pokémon for each Energy card attached to that Pokémon. Don't apply Weakness and Resistance.,,,,,Atsuko Nishida,The tips of its split tail quiver whenever it uses its psychic abilities to read its opponent's next move.
neo4-5,neo4,5,Dark Feraligatr,Stage 2,Dark Croconaw,80,W,G,x2,,,3,Rare Holo,160,Pokémon Power,Scare,"As long as Dark Feraligatr is your Active Pokémon, all of your opponent's Baby Pokémon Powers stop working and your opponent's Baby Pokémon can't attack. This power stops working while Dark Feraligatr is Asleep, Confused, or Paralyzed.",Crushing Blow,WWW,50,"If the Defending Pokémon has any Energy cards attached to it, flip a coin. If heads, choose 1 of those cards and discard it.",,,,,,,,,Atsuko Nishida,Its powerful muscles allow it to move at a speed that belies its bulk.
neo4-6,neo4,6,Dark Gengar,Stage 2,Dark Haunter,70,P,,,F,-30,2,Rare Holo,94,Pokémon Power,Deep Sleep,"As long as any Dark Gengar are in play, a player flips 2 coins for each of his or her Pokémon that is Asleep at the end of each turn. If either of them is tails, that Pokémon is still Asleep. This power stops working if Dark Gengar is Asleep, Confused, or Paralyzed.",Pull In,PPP,30,"If your opponent has any Benched Pokémon, you may choose 1 of them and switch it with the Defending Pokémon (before doing damage or other effects of this attack). Either way, the Defending Pokémon is now Asleep.",,,,,,,,,Aya Kusube,"It absorbs the heat in the air around it. If you suddenly feel cold, it's because a Gengar has appeared."
neo4-7,neo4,7,Dark Houndoom,Stage 1,Houndour,60,R,W,x2,,,1,Rare Holo,229,,,,Eerie Howl,C,,"If your opponent's Bench isn't full, look at his or her hand. If your opponent has any Baby Pokémon or Basic Pokémon there, choose 1 of them and put it on his or her Bench. Then, switch it with the Defending Pokémon.",Dark Fire,RC,30+,"If there are any Darkness Energy cards attached to Dark Houndoom, discard 1 of them and this attack does 30 damage plus 20 more damage (plus 10 more damage for the Darkness Energy you discarded). If there aren't any, this attack does 30 damage.",,,,,Kagemaru Himeno,The flame it breathes is actually a volatile poison it produces internally that ignites when exposed to air.
neo4-8,neo4,8,Dark Porygon2,Stage 1,Porygon,60,C,F,x2,P,-30,1,Rare Holo,233,Pokémon Power,Spatial Distortion,"Once during your turn (before your attack), you may flip a coin. If heads, choose a Stadium card from your discard pile and put it into play. (If there's already a Stadium card in play, discard it.) This power can't be used if Dark Porygon2 is Asleep, Confused, or Paralyzed.",Curve Attack,CCC,20,"Flip a coin. If heads, prevent all damage done by attacks to Dark Porygon2 during your opponent's next turn. (Any other effects of attacks still happen.)",,,,,,,,,"Shin-ichi Yoshikawa, CR CG gangs",Advances in technology have allowed it to evolve. It occasionally displays behavior not found in its programming.
neo4-9,neo4,9,Dark Scizor,Stage 1,Scyther,70,M,R,x2,G,-30,2,Rare Holo,212,,,,Threaten,CC,,"Flip a coin. If heads, look at your opponent's hand. If he or she has any Trainer cards there, choose 1 of them. Your opponent shuffles that card into his or her deck.",Slash,CCC,30,,,,,,Mitsuhiro Arita,Nothing can withstand the pressure of the vise-like grip of this Pokémon's steel claws.
neo4-10,neo4,10,Dark Typhlosion,Stage 2,Dark Quilava,80,R,W,x2,,,1,Rare Holo,157,,,,Claw Swipe,C,20,,Rushing Flames,R,40×,You may discard any number of Fire Energy cards attached to your Pokémon. Flip a coin for each Fire Energy card discarded in this way. This attack does 40 damage times the number of heads.,,,,,Mitsuhiro Arita,"When it's in combat, the air around it shimmers and warps from the intense heat it produces."
neo4-11,neo4,11,Dark Tyranitar,Stage 2,Dark Pupitar,90,F,G,x2,L,-30,3,Rare Holo,248,,,,Mountain Smasher,F,20×,"Flip a number of coins equal to the number of Fighting Energy cards attached to Dark Tyranitar. This attack does 20 damage times the number of heads. Then, for each heads, discard the top card from your opponent's deck.",Fling Away,FFFC,50,"If your opponent has any Benched Pokémon, this attack does 30 damage instead of 50 and choose 1 of those Benched Pokémon. This attack does 30 damage to that Pokémon. (Don't apply Weakness and Resistance for Benched Pokémon.)",,,,,Shin-ichi Yoshida,Its power is such that not even mountains can stand in its way.
neo4-12,neo4,12,Light Arcanine,Stage 1,Growlithe,100,R,W,x2,,,2,Rare Holo,59,Pokémon Power,Drive Off,"As long as Light Arcanine is your Active Pokémon, once during your turn (before your attack), if your opponent has any Benched Pokémon, he or she chooses 1 of them and switches it with the Defending Pokémon. This power can't be used while Light Arcanine is Asleep, Confused, or Paralyzed.",Gentle Flames,RRC,50,"If the Defending Pokémon is a Baby Pokémon, this attack does 10 damage instead of 50. If the Defending Pokémon is a Basic Pokémon, this attack does 30 damage instead of 50.",,,,,,,,,Atsuko Nishida,This legendary Chinese Pokémon is easily recognized by its large flowing mane.
neo4-13,neo4,13,Light Azumarill,Stage 1,Marill,80,W,L,x2,,,1,Rare Holo,184,,,,Bubble,W,10,"Flip a coin. If heads, the Defending Pokémon is now Paralyzed.",Bubble Jump,WCC,30,"If you have any Benched Pokémon, flip a coin. If heads, take 2 Energy cards attached to Light Azumarill and attach them to 1 of your Benched Pokémon. Then return Light Azumarill and all cards attached to it to your hand.",,,,,Yuka Morii,It curls up its long ears when swimming to prevent water from entering them.
neo4-14,neo4,14,Light Dragonite,Stage 2,Light Dragonair,100,C,,,F,-30,2,Rare Holo,149,Pokémon Power,Miraculous Wind,"As long as Light Dragonite is your Active Pokémon, each Special Energy card provides Colorless Energy instead of its usual type and its other effects stop working. This power stops working while Light Dragonite is Asleep, Confused, or Paralyzed.",Light Wave,CCC,40,"Prevent all effects of attacks, other than damage, done to Light Dragonite during your opponent's next turn.",,,,,,,,,Atsuko Nishida,"It is said to fly constantly over the sea, looking for people in need of aid."
neo4-15,neo4,15,Light Togetic,Stage 1,Togepi,60,C,,,F,-30,0,Rare Holo,176,Pokémon Power,Gift,"When you play Light Togetic from your hand, your opponent may search his or her deck for a Pokémon Tool card, show that card to you, and put it into his or her hand. Either way, you may do the same, and then each player who searched shuffles his or her deck.",Sweet Kiss,CC,30,Your opponent may draw a card.,,,,,,,,,Naoyo Kimura,It becomes depressed if it is not near kind-hearted people. Is is able to float in the air without moving its wings.
neo4-17,neo4,17,Dark Ariados,Stage 1,Spinarak,60,G,R,x2,,,2,Rare,168,,,,Entangle,G,,"If your opponent has any Benched Pokémon, choose 1 of them and switch it with the Defending Pokémon, then flip a coin. If heads, the new Defending Pokémon is now Paralyzed.",Poison Bind,GGG,30,"The Defending Pokémon is now Poisoned. Flip a coin. If heads, the Defending Pokémon can't retreat until the end of your opponent's next turn and if the effect of an attack, Pokémon Power, or Trainer card would change that player's Active Pokémon, that part of the effect does nothing.",,,,,Toshinao Aoki,"Wherever it goes, it spins a thread that always leads back to its web."
neo4-18,neo4,18,Dark Magcargo,Stage 1,Slugma,60,R,W,x2,,,3,Rare,219,Pokémon Power,Hot Plate,"As long as Dark Magcargo is your Active Pokémon, whenever a player puts a Baby Pokémon or Basic Pokémon onto his or her Bench from his or her hand, this power does 10 damage to that Pokémon. (Don't apply Weakness and Resistance.) This power stops working if Dark Magcargo is Asleep, Confused, or Paralyzed.",Ball of Flame,RR,20,"You may discard a Fire Energy card attached to Dark Magcargo when you use this attack. If you do and if your opponent has any Benched Pokémon, choose 1 of them and this attack does 20 damage to it. (Don't apply Weakness and Resistance for Benched Pokémon.)",,,,,,,,,Toshinao Aoki,"The shell on its back comes off easily, exposing the flames running through its body."
neo4-19,neo4,19,Dark Omastar,Stage 2,Dark Omanyte,70,W,G,x2,,,2,Rare,139,,,,Prehistoric Water,W,,"If your opponent has any evolved Pokémon in play, choose 1 of them and flip a coin. If heads, your opponent takes the highest Stage Evolution card on that Pokémon and shuffles it into his or her deck.",Dark Tentacle,WC,30,"During your opponent's next turn, the Defending Pokémon can't evolve except from effects of attacks or Pokémon Powers. (Benching that Pokémon ends this effect.)",,,,,Tomokazu Komiya,"Nothing can escape once wrapped in its tentacles, which it uses for self-defense as well as to catch food."
neo4-20,neo4,20,Dark Slowking,Stage 1,Slowpoke,60,P,P,x2,,,2,Rare,199,Pokémon Power,Cunning,"Once during your turn (before your attack), you may flip a coin. If heads, look at the top card of your opponent's deck. Then, you may have your opponent shuffle his or her deck. This power can't be used if Dark Slowking is Asleep, Confused, or Paralyzed.",Mind Shock,PP,30,Don't apply Weakness or Resistance for this attack.,,,,,,,,,Tomokazu Komiya,"Each time it yawns, the Shellder on its head releases an enzyme that makes it grow even smarter."
neo4-21,neo4,21,Dark Ursaring,Stage 1,Teddiursa,60,C,F,x2,P,-30,2,Rare,217,,,,Provoke,C,,"Look at your opponent's hand. If he or she has any Baby Pokémon and/or Basic Pokémon there, you may put any number of them onto your opponent's Bench (as long as there's room). Then, your opponent looks at your hand. If you have any Baby Pokémon and/or Basic Pokémon there, your opponent may put any number of them onto your Bench (as long as there's room).",Battle Frenzy,CC,,"For each Pokémon in play (yours and your opponent's), flip a coin. For each heads, this attack does 20 damage to that Pokémon. Don't apply Weakness and Resistance for this attack.",,,,,Mitsuhiro Arita,"Its keen nose can pick out any scent, even that of food buried deep underground."
neo4-22,neo4,22,Light Dragonair,Stage 1,Dratini,80,C,,,P,-30,2,Rare,148,,,,Healing Light,CC,,Remove 1 damage counter from each of your Pokémon that has any damage counters on it.,Protective Wave,CCC,20,"Flip a coin. If heads, during your opponent's next turn, prevent all effects of attacks, including damage, done to Light Dragonair.",,,,,Atsuko Nishida,The aura it projects from its body has an effect on the surrounding climate and weather.
neo4-23,neo4,23,Light Lanturn,Stage 1,Chinchou,80,L,F,x2,,,2,Rare,171,,,,Searchlight,L,,"Flip a coin. If heads, each player may choose a card from his or her discard pile and put it into his or her hand.",Spark,LL,30,"If your opponent has any Benched Pokémon, choose 1 of them and this attack does 10 damage to it. (Don't apply Weakness and Resistance for Benched Pokémon.)",,,,,Miki Tanaka,"This Pokémon has evolved its dorsal fin to emit light, which attracts the fish it feeds on."
neo4-24,neo4,24,Light Ledian,Stage 1,Ledyba,70,G,R,x2,F,-30,0,Rare,166,,,,Flash Touch,G,,"If you have any Benched Pokémon, switch 1 of them with Light Ledian. As long as that Pokémon is your Active Pokémon, it can't become Asleep, Confused, Paralyzed, or Poisoned. (All other effects of attacks, Pokémon Powers, and Trainer cards still happen.)",Comet Punch,GCC,20×,Flip 4 coins. This attack does 20 damage times the number of heads.,,,,,Tomokazu Komiya,The number of spots on its back increase or decrease depending on the number of stars visible in the night sky.
neo4-25,neo4,25,Light Machamp,Stage 2,Light Machoke,100,F,P,x2,,,2,Rare,68,Pokémon Power,Tag Team,"When you play Light Machamp from your hand, if it is on your Bench, remove 3 damage counters from your Active Pokémon. If it has fewer damage counters than that, remove all of them. Then, switch Light Machamp with your Active Pokémon.",Beatdown,FFF,50,"If the Defending Pokémon has Dark in its name or is a Darkness Pokémon, flip a coin. If heads, this attack does 100 damage instead of 50.",,,,,,,,,Miki Tanaka,It uses its four arms in combat to unleash a ceaseless flurry of punches.
neo4-26,neo4,26,Light Piloswine,Stage 1,Swinub,90,W,G,x2,L,-30,3,Rare,221,Pokémon Power,Fluffy Wool,"During your opponent's turn, if Light Piloswine is your Active Pokémon and is damaged by your opponent's attack (even if it's Knocked Out), flip a coin. If heads, the attacking Pokémon is now Asleep. This power stops working if Light Piloswine is already Asleep, Confused, or Paralyzed when your opponent attacks.",Knock Over,CCC,30,"If there is a Stadium card in play, you may discard it.",,,,,,,,,Yukiko Baba,"Its legs are short, but its hooves are wide and flat, allowing it to easily walk over snow."
neo4-27,neo4,27,Unown [G],Basic,,40,P,P,x2,,,1,Rare,201,Pokémon Power,[Give],"Once during your turn (before your attack), if you have Unown [G], Unown [I], Unown [V], and Unown [E] on your Bench, you may flip a coin. If heads, search your deck for a basic Energy card and attach it to 1 of your Pokémon. Shuffle your deck afterward.",Hidden Power,P,10,,,,,,,,,,CR CG gangs,"It is believed that the variety of types of this Pokémon were created by evolutionary adaptation, as each possesses a different ability."
neo4-28,neo4,28,Unown [H],Basic,,40,P,P,x2,,,1,Rare,201,Pokémon Power,[Help],"Once during your turn (before your attack), if you have Unown [H], Unown [E], Unown [L], and Unown [P] on your Bench, you may shuffle your hand into your deck, then draw a new hand of the same number of cards.",Hidden Power,P,10,,,,,,,,,,CR CG gangs,"It is believed that the variety of types of this Pokémon were created by evolutionary adaptation, as each possesses a different ability."
neo4-29,neo4,29,Unown [W],Basic,,40,P,P,x2,,,1,Rare,201,Pokémon Power,[Want],"Once during your turn (before your attack), if you have Unown [W], Unown [A], Unown [N], and Unown [T] on your Bench, you may flip a coin. If heads, put a Trainer card from your discard pile into your hand.",Hidden Power,P,10,,,,,,,,,,CR CG gangs,"It is believed that the variety of types of this Pokémon were created by evolutionary adaptation, as each possesses a different ability."
neo4-30,neo4,30,Unown [X],Basic,,50,P,P,x2,,,1,Rare,201,Pokémon Power,[XXXXX],"Whenever 1 of your Pokémon with Unown in its name uses its Hidden Power attack, flip a coin until you get tails. That attack does 10 more damage for each heads. If you have more than 1 Unown [X] in play, use only 1 [XXXXX] each turn.",Hidden Power,P,10,,,,,,,,,,CR CG gangs,"It is believed that the variety of types of this Pokémon were created by evolutionary adaptation, as each possesses a different ability."
neo4-31,neo4,31,Chansey,Basic,,90,C,F,x2,P,-30,2,Uncommon,113,,,,Doubleslap,CC,20×,Flip 2 coins. This attack does 20 damage times the number of heads.,Egg Toss,CCC,80,"Flip 2 coins. If either of them is tails, this attack does nothing.",,,,,Yuka Morii,"It holds its egg carefully when moving so as not to break it. Still, it is fast enough to disappear in the blink of an eye."
neo4-32,neo4,32,Dark Croconaw,Stage 1,Totodile,60,W,G,x2,,,2,Uncommon,159,,,,Clamping Jaw,WW,20,"The Defending Pokémon can't retreat during your opponent's next turn. If the Defending Pokémon tries to attack during your opponent's next turn, your opponent flips a coin. If tails, that attack does nothing. (Benching either Pokémon ends this effect.)",,,,,,,,,Shin-ichi Yoshida,"It has 49 teeth in its mouth that are constantly replacing themselves. Pull one out, and a new one grows in."
neo4-33,neo4,33,Dark Exeggutor,Stage 1,Exeggcute,60,P,P,x2,,,2,Uncommon,103,,,,Triple Headbutt,C,10×,Flip 3 coins. This attack does 10 damage times the number of heads.,MAX Burst,PC,20×,Flip a number of coins equal to the number of Energy cards attached to your opponent's Pokémon. This attack does 20 damage times the number of heads.,,,,,Toshinao Aoki,"If one of its heads falls off, it turns into an Exeggcute, which begins to look for other Exeggcutes using a special form of telepathy."
neo4-34,neo4,34,Dark Flaaffy,Stage 1,Mareep,60,L,F,x2,,,1,Uncommon,180,,,,High Voltage,L,10,"Flip a coin. If heads, your opponent can't play Trainer cards during his or her next turn.",Stun Wave,LC,30,"If the Defending Pokémon has a Pokémon Power, that power stops working until the end of your next turn.",,,,,Kagemaru Himeno,"As a result of storing massive amounts of electricity there, it can no longer grow wool on certain areas of its body."
neo4-35,neo4,35,Dark Forretress,Stage 1,Pineco,60,G,R,x2,,,2,Uncommon,205,,,,Armor Up,C,,"Until the end of your next turn, if Dark Forretress would be Knocked Out by damage from an attack, flip a coin. If heads, Dark Forretress is not Knocked Out and its remaining HP become 10 instead.",Explosion,GG,60,Dark Forretress does 60 damage to itself.,,,,,Mitsuhiro Arita,"It stays motionless in trees, driving away with flying armored shards from its hard shell any who come close."
neo4-36,neo4,36,Dark Haunter,Stage 1,Gastly,50,P,,,F,-30,0,Uncommon,93,,,,Call Back,P,,Put a Baby Pokémon or Basic Pokémon card from your opponent's discard pile onto his or her Bench. Put 1 damage counter on that Pokémon. (You can't use this attack if your Bench is full.),Surround,PP,20,"Flip a coin. If heads, the Defending Pokémon is now Asleep. If tails, the Defending Pokémon can't retreat during your opponent's next turn.",,,,,Aya Kusube,It silently hunts its prey in dark rooms.
neo4-37,neo4,37,Dark Omanyte,Stage 1,Mysterious Fossil,40,W,G,x2,,,1,Uncommon,138,,,,Water Cannon,W,,Choose 1 of your opponent's Pokémon. This attack does 10 damage for each Water Energy card attached to Dark Omanyte. Don't apply Weakness and Resistance. You can't do more than 30 damage in this way.,,,,,,,,,Tomokazu Komiya,"This ancient Pokémon possessed 10 tentacles, which it used to swim through the ocean."
neo4-38,neo4,38,Dark Pupitar,Stage 1,Larvitar,60,F,G,x2,L,-30,1,Uncommon,247,,,,Rock Tackle,FF,40,Dark Pupitar does 10 damage to itself. Dark Pupitar can't use this attack during your next turn.,Explosive Evolution,CCC,,"Flip a coin. If heads, this attack does 10 damage to each of your opponent's Pokémon. Don't apply Weakness and Resistance. Then, search your deck for an Evolution card named Dark Tyranitar and put it on Dark Pupitar. (This counts as evolving Dark Pupitar.) Shuffle your deck afterward.",,,,,Mitsuhiro Arita,"It is encased within a hard shell, yet retains a great deal of mobility—a dangerous combination."
neo4-39,neo4,39,Dark Quilava,Stage 1,Cyndaquil,60,R,W,x2,,,1,Uncommon,156,,,,Incinerate,R,,"Show the top card of your opponent's deck to all players. If it's a Trainer card, discard it.",Rushing Magma,RR,20×,"Discard the top 5 cards of your deck. (If there are fewer than 5 cards in your deck, discard all of them.) This attack does 20 damage for each Fire Energy card you discarded in this way.",,,,,Mitsuhiro Arita,"If it turns its back to an opponent, it is a sign that it is getting ready to attack."
neo4-40,neo4,40,Dark Wigglytuff,Stage 1,Jigglypuff,60,C,F,x2,P,-30,2,Uncommon,40,,,,Dark Song,CC,,"Flip a coin. If heads, the Defending Pokémon is now Asleep. If tails, the Defending Pokémon is now Confused.",Slap Awake,CCC,20+,"If the Defending Pokémon is Asleep or Confused, this attack does 20 damage plus 20 more damage. Then, the Defending Pokémon is no longer Asleep or Confused.",,,,,Miki Tanaka,"This Pokémon has soft, fine hair. When angered, it increases in size and has been known to charge those it considers a threat."
neo4-41,neo4,41,Heracross,Basic,,60,G,R,x2,,,2,Uncommon,214,,,,Tackle,GC,20,,Charging Horn,GGG,30+,"Flip a coin. If heads, this attack does 30 damage plus 30 more damage. If tails, this attack does 30 damage.",,,,,"K. Hoshiba, CR CG gangs","It is normally peaceful, but will attack any who get between it and honey, its favorite food."
neo4-42,neo4,42,Hitmonlee,Basic,,60,F,P,x2,,,1,Uncommon,106,,,,One-Two Kick,FF,20×,Flip 2 coins. This attack does 20 damage times the number of heads.,Heel Drop,FFF,60,"Flip a coin. If tails, this attack does nothing.",,,,,Yukiko Baba,It has a perfect sense of balance and can lash out with powerful kicks from any position.
neo4-43,neo4,43,Houndour,Basic,,40,D,,,P,-30,1,Uncommon,228,,,,Corner,D,,The Defending Pokémon can't retreat during your opponent's next turn.,Lunge,CC,30,"Flip a coin. If tails, this attack does nothing.",,,,,Yukiko Baba,"When night falls, the air fills with the eerie cries of this Pokémon as it stakes out its territory."
neo4-44,neo4,44,Jigglypuff,Basic,,50,C,F,x2,P,-30,1,Uncommon,39,,,,Expand,CC,10,All damage done to Jigglypuff during your opponent's next turn is reduced by 10 (after applying Weakness and Resistance).,,,,,,,,,Yuka Morii,If puffs its body up like a balloon and sings a lullaby that makes all who hear it fall into a deep sleep.
neo4-45,neo4,45,Light Dewgong,Stage 1,Seel,80,W,L,x2,,,2,Uncommon,87,,,,Freezing Breath,WW,10,"Flip a coin. If heads, the Defending Pokémon is now Paralyzed. If tails, the Defending Pokémon is now Asleep.",Ice Pillar,WWW,40,"Until the end of your opponent's next turn, as long as Light Dewgong is your Active Pokémon, prevent all damage done by attacks to your Benched Pokémon. (Any other effects of attacks still happen.)",,,,,Masako Yamashita,"It has an aerodynamic shape that allows it to swim at great speeds. The colder the water gets, the more active it becomes."
neo4-46,neo4,46,Light Flareon,Stage 1,Eevee,80,R,W,x2,,,1,Uncommon,136,,,,Warm Up,R,,"If you have any benched Pokémon, search your deck for a Fire Energy card and attach it to 1 of them. Then shuffle your deck.",Burning Flame,RRC,30+,"Flip 2 coins. For each heads, discard a Fire Energy card attached to Light Flareon or this attack does nothing. This attack does 30 damage plus 20 damage for each heads.",,,,,Atsuko Nishida,"It creates its flames by swallowing air into a special pouch within its body, then heating it to over 3000 degrees."
neo4-47,neo4,47,Light Golduck,Stage 1,Psyduck,80,W,L,x2,,,1,Uncommon,55,,,,Flipper Stroke,W,,"Your opponent looks at the top 3 cards of his or her deck. If any of them are basic Energy cards, he or she may show any number of them to you and put them into his or her hand. You do the same. Either way, each player shuffles his or her deck.",Core Blast,PCC,30+,This attack does 30 damage plus 20 more damage for each Special Energy card attached to the Defending Pokémon.,,,,,Atsuko Nishida,"The faster it swims, the brighter the glow on its forehead becomes."
neo4-48,neo4,48,Light Jolteon,Stage 1,Eevee,70,L,F,x2,,,0,Uncommon,135,,,,Pulse Guard,L,,"During your opponent's next turn, whenever 30 or more damage is done to Light Jolteon (after applying Weakness and Resistance), prevent that damage. (Any other effects of attacks still happen.)",Thunder Needle,LLC,20×,"Flip 3 coins. This attack does 20 damage times the number of heads. If you get 2 or more heads, the Defending Pokémon is now Paralyzed.",,,,,Naoyo Kimura,It can collect the ambient electrical energy in its cells and expel it in massive bursts.
neo4-49,neo4,49,Light Machoke,Stage 1,Machop,80,F,P,x2,,,2,Uncommon,67,,,,Return Home,F,,"If you have any Benched Pokémon, shuffle 1 of them and all cards attached to it into your deck.",Gentle Kick,FF,40,"If the Defending Pokémon has no damage counters on it, this attack does 40 damage. If it has any, this attack does 20 damage.",,,,,Miki Tanaka,"This Pokémon never gets tired, no matter what it does or how hard it works."
neo4-50,neo4,50,Light Ninetales,Stage 1,Vulpix,90,R,W,x2,,,1,Uncommon,38,,,,Guiding Flame,R,,Put a Baby Pokémon or a Basic Pokémon card from your discard pile onto your Bench. (You can't use this attack if your Bench is full.),Fire Blast,RRR,50,Discard a Fire Energy card attached to Light Ninetales in order to use this attack.,,,,,Masako Yamashita,It is said that each of its nine tails contains a different magical power.
neo4-51,neo4,51,Light Slowbro,Stage 1,Slowpoke,80,P,P,x2,,,2,Uncommon,80,,,,Fish Out,P,,"Your opponent may choose up to 3 Baby Pokémon, Basic Pokémon, and/or Evolution cards from his or her discard pile and shuffle them into his or her deck. Either way, you may do the same.",Splash About,WC,20+,"If there are more Energy attached to the Defending Pokémon than to Light Slowbro, this attack does 20 damage plus 20 more damage. If not, this attack does 20 damage.",,,,,Tomokazu Komiya,"If the Shellder attached to its tail becomes separated, this Pokémon reverts to a normal Slowpoke."
neo4-52,neo4,52,Light Vaporeon,Stage 1,Eevee,80,W,L,x2,,,1,Uncommon,134,,,,Wash Away,W,,"If you have any Benched Pokémon, flip a coin. If heads, remove all damage counters from 1 of your Benched Pokémon and discard all Energy cards attached to it.",Hypnoshower,WWC,30,The Defending Pokémon is now Asleep. Remove 1 damage counter from each Benched Pokémon (yours and your opponent's) with any damage counters on it.,,,,,Kagemaru Himeno,"If its fins being to vibrate, it is a sign that it will begin raining soon."
neo4-53,neo4,53,Light Venomoth,Stage 1,Venonat,80,G,R,x2,F,-30,0,Uncommon,49,,,,Mysterious Wing,G,,"Your opponent may choose a Baby Pokémon, Basic Pokémon, or Evolution card from his or her discard pile and put it into his or her hand. Either way, you may do the same.",Synchronize,PC,40,"If Light Venomoth and the Defending Pokémon have a different number of Energy cards attached to them, this attack does nothing.",,,,,Masako Yamashita,"It defends itself by flapping its wings at high speed, spreading poisonous powder throughout the air."
neo4-54,neo4,54,Light Wigglytuff,Stage 1,Jigglypuff,80,C,F,x2,P,-30,1,Uncommon,40,,,,Evolution Song,C,,"Your opponent may choose 1 of his or her Pokémon and search his or her deck for a card that evolves from that Pokémon. Your opponent attaches that card to that Pokémon. This counts as evolving that Pokémon. Either way, you may do the same, and then each player who searched shuffles his or her deck.",Body Slam,CCC,20,"Flip a coin. If heads, the Defending Pokémon is now Paralyzed.",,,,,Naoyo Kimura,"If two of them brush against each other, they will not be able to separate themselves, as they enjoy touching each other's soft fur too much."
neo4-55,neo4,55,Scyther,Basic,,60,G,R,x2,F,-30,1,Uncommon,123,,,,Agility,GC,10,"Flip a coin. If heads, during your opponent's next turn, prevent all effects of attacks, including damage, done to Scyther.",Sharp Sickle,GGG,40,,,,,,Shin-ichi Yoshida,"It moves so fast as to be invisible to the naked eye. Even when standing still, its camouflage prevents it from being seen."
neo4-56,neo4,56,Togepi,Basic,,40,C,,,P,-30,1,Uncommon,175,,,,Charm,C,,"If the Defending Pokémon attacks during your opponent's next turn, any damage it does is reduced by 10 (before applying Weakness and Resistance).",Spike Ball Tackle,CC,20,Togepi does 10 damage to itself.,,,,,Yuka Morii,"Its shell is said to contain happiness itself, which it will share with those who are kind to it."
neo4-57,neo4,57,Unown [C],Basic,,40,P,P,x2,,,1,Uncommon,201,Pokémon Power,[Chase],"As long as Unown [C] is your Active Pokémon, whenever your opponent's Active Pokémon tries to retreat, flip a coin. If heads, put 1 damage counter on that Pokémon. Apply Weakness and Resistance.",Hidden Power,P,10,,,,,,,,,,CR CG gangs,"It is believed that the variety of types of this Pokémon were created by evolutionary adaptation, as each possesses a different ability."
neo4-58,neo4,58,Unown [P],Basic,,40,P,P,x2,,,1,Uncommon,201,Pokémon Power,[Perform],"If an attack damaged Unown [P] during your opponent's last turn and Unown [P] was your Active Pokémon, Unown [P]'s Hidden Power attack does that much more damage to the Defending Pokémon. This power can be used even if Unown [P] is Confused.",Hidden Power,P,10,,,,,,,,,,CR CG gangs,"It is believed that the variety of types of this Pokémon were created by evolutionary adaptation, as each possesses a different ability."
neo4-59,neo4,59,Unown [Q],Basic,,40,P,P,x2,,,1,Uncommon,201,Pokémon Power,[Quicken],"Once during your turn (before your attack), you may flip a coin. If heads, prevent all effects of attacks, including damage, done to any of your Pokémon with Unown in its name during your opponent's next turn. If you have more than 1 Unown [Q] in play, use only 1 [Quicken] each turn. This power can be used even if Unown [Q] is Asleep, Confused, or Paralyzed.",Hidden Power,P,10,,,,,,,,,,CR CG gangs,"It is believed that the variety of types of this Pokémon were created by evolutionary adaptation, as each possesses a different ability."
neo4-60,neo4,60,Unown [Z],Basic,,40,P,P,x2,,,1,Uncommon,201,Pokémon Power,[Zoom],"As long as Unown [Z] is Benched, you pay no Energy cost to retreat a Pokémon with Unown in its name.",Hidden Power,P,10,,,,,,,,,,CR CG gangs,"It is believed that the variety of types of this Pokémon were created by evolutionary adaptation, as each possesses a different ability."
neo4-61,neo4,61,Cyndaquil,Basic,,40,R,W,x2,,,1,Common,155,,,,Smokescreen,R,10,"If the Defending Pokémon tries to attack during your opponent's next turn, your opponent flips a coin. If tails, that attack does nothing.",,,,,,,,,Yukiko Baba,"It is very meek and constantly crouches in a defensive posture. When threatened, it protects itself with the flame on its back."
neo4-62,neo4,62,Dark Octillery,Stage 1,Remoraid,60,W,L,x2,,,2,Common,224,,,,Ink Blast,W,20+,This attack does 20 damage plus 10 more damage for each Energy attached to Dark Octillery but not used to pay for this attack's Energy cost. You can't add more than 20 damage in this way.,Tentacle Wrap,WC,20,"Flip a coin. If heads, the Defending Pokémon is now Paralyzed. If tails, during your opponent's next turn, your opponent pays Colorless more to retreat the Defending Pokémon.",,,,,Shin-ichi Yoshida,It likes to sleep in rock caves and will even steal other Octillery's nests.
neo4-63,neo4,63,Dratini,Basic,,40,C,,,P,-30,1,Common,147,,,,Shed,C,,Remove 1 damage counter from Dratini.,Fury Attack,C,10×,Flip 2 coins. This attack does 10 damage times the number of heads.,,,,,Yuka Morii,"Large from birth, this Pokémon increases in size throughout its life by regularly shedding its skin."
neo4-64,neo4,64,Exeggcute,Basic,,40,P,P,x2,,,1,Common,102,,,,Sleep Powder,G,10,The Defending Pokémon is now Asleep.,Psyshock,P,10,"Flip a coin. If heads, the Defending Pokémon is now Paralyzed.",,,,,Toshinao Aoki,"Its shell is very durable, allowing it to survive even if the shell becomes cracked."
neo4-65,neo4,65,Gastly,Basic,,40,P,,,F,-30,0,Common,92,,,,Nightmare,P,10,The Defending Pokémon is now Asleep.,,,,,,,,,Aya Kusube,"Its gas-like body allows it to enter almost anywhere, but it is vulnerable to high winds."
neo4-66,neo4,66,Girafarig,Basic,,60,C,,,,,1,Common,203,,,,Tail Bite,CC,10+,"Flip a coin. If heads, this attack does 10 damage plus 20 more damage; if tails, this attack does 10 damage.",Psychic,PP,10+,Does 10 damage plus 10 more damage for each Energy card attached to the Defending Pokémon.,,,,,Yuka Morii,"Its tail has a brain of its own, which can respond to stimuli such as scents. Many unsuspecting people have been bitten by it."
neo4-67,neo4,67,Gligar,Basic,,50,F,G,x2,F,-30,0,Common,207,,,,Stun Poison,FC,10,"Flip a coin. If heads, the Defending Pokémon is now Paralyzed and Poisoned.",,,,,,,,,Ken Sugimori,"It spends its days hanging from cliffs, swooping down on any prey it spots from its high vantage point."
neo4-68,neo4,68,Growlithe,Basic,,50,R,W,x2,,,1,Common,58,,,,Bite,CC,20,,,,,,,,,,Atsuko Nishida,"It fears nothing, not even opponents larger than itself."
neo4-69,neo4,69,Hitmonchan,Basic,,60,F,P,x2,,,1,Common,107,,,,Dodge,F,,"If Hitmonchan would be damaged by an attack during your opponent's next turn, flip a coin. If heads, prevent that attack's damage done to Hitmonchan. (Any other effects of attacks still happen.)",Supersonic Jab,FFF,40,,,,,,Shin-ichi Yoshida,"Its punches are blindingly fast, but it can only fight for three minutes before tiring and needing to rest."
neo4-70,neo4,70,Larvitar,Basic,,40,F,G,x2,L,-30,1,Common,246,,,,Leer,C,,"Flip a coin. If heads, the Defending Pokémon can't attack during your opponent's next turn. (Benching or evolving either Pokémon ends this effect.)",Rock Throw,FC,20,,,,,,Ken Sugimori,It is born deep within the ground and has to burrow its way out.
neo4-71,neo4,71,Ledyba,Basic,,40,G,R,x2,F,-30,0,Common,165,,,,Swift,GC,20,"This attack's damage isn't affected by Weakness, Resistance, Pokémon Powers, or any other effects on the Defending Pokémon.",,,,,,,,,Tomokazu Komiya,"Sensitive to cold, Ledyba gather in groups to share warmth when the temperature drops."
neo4-72,neo4,72,Light Sunflora,Stage 1,Sunkern,80,G,R,x2,,,1,Common,192,,,,Reflected Sunlight,CC,,Attach up to 2 Grass Energy cards from your hand to 1 of your Grass Pokémon.,Solarbeam,GGG,40,,,,,,Toshinao Aoki,"Although it is extremely active during the day, it stops moving entirely as soon as the sun sets."
neo4-73,neo4,73,Machop,Basic,,40,F,P,x2,,,1,Common,66,,,,Chop,C,10,,Punch,CC,20,,,,,,Toshinao Aoki,"When bored, this super-strong Pokémon trains by lifting rocks."
neo4-74,neo4,74,Mantine,Basic,,60,W,L,x2,F,-30,2,Common,226,,,,Giant Wave,WW,40,Mantine can't attack during your next turn.,,,,,,,,,Yukiko Baba,This Pokémon is perfectly adapted to its ocean home. It can gather up enough speed to burst above the water like a whale.
neo4-75,neo4,75,Mareep,Basic,,50,L,F,x2,,,1,Common,179,,,,Headbutt,C,10,,,,,,,,,,Kagemaru Himeno,"Its soft wool coat captures air, allowing it to remain cool during the summer and warm in the winter."
neo4-76,neo4,76,Phanpy,Basic,,40,F,G,x2,L,-30,1,Common,231,,,,Crushing Step,F,10+,"Flip a coin. If heads, this attack does 10 damage plus 10 more damage; if tails, this attack does 10 damage.",,,,,,,,,Miki Tanaka,It hits people with its nose as a sign of affection but doesn't know its own strength and so sometimes knocks people off their feet.
neo4-77,neo4,77,Pineco,Basic,,40,G,R,x2,,,2,Common,204,,,,Tackle,CC,20,,,,,,,,,,Ken Sugimori,"It waits suspended from tree branches for insects to fly into its mouth, often not moving for hours at a time."
neo4-78,neo4,78,Porygon,Basic,,50,C,F,x2,P,-30,1,Common,137,,,,Sharpen,CC,20,,,,,,,,,,"Hiromichi Sugiyama, CR CG gangs",This Pokémon was created by human computer engineering. Its program is only capable of simple action and reaction.
neo4-79,neo4,79,Psyduck,Basic,,50,W,L,x2,,,1,Common,54,,,,Flipper Splash,W,10,,Migraine,PC,20,"Flip a coin. If heads, the Defending Pokémon is now Confused. If tails, Psyduck is now Confused.",,,,,Yuka Morii,"Although possessed of great mental powers, it doesn't know how to use them."
neo4-80,neo4,80,Remoraid,Basic,,40,W,L,x2,,,0,Common,223,,,,Fury Strikes,W,10×,Flip 3 coins. This attack does 10 damage times the number of heads.,,,,,,,,,"Jungo Suzuki, CR CG gangs","It can shoot a burst of water from its mouth to propel itself backward at high speeds, allowing it to flee from surprised enemies."
neo4-81,neo4,81,Seel,Basic,,50,W,L,x2,,,1,Common,86,,,,Take Down,WC,30,Seel does 10 damage to itself.,,,,,,,,,Masako Yamashita,"Although clumsy on land, it moves easily through the arctic waters it calls home."
neo4-82,neo4,82,Slugma,Basic,,50,R,W,x2,,,2,Common,218,,,,Combustion,RR,30,,,,,,,,,,Ken Sugimori,This Pokémon is often seen crawling around in volcanic regions.
neo4-83,neo4,83,Sunkern,Basic,,40,G,R,x2,,,2,Common,191,,,,Rollout,C,10,,Sunbathe,GG,,"Flip a coin. If heads, remove all damage counters from Sunkern. Search your deck for a card that evolves from Sunkern and attach that card to Sunkern. This counts as evolving Sunkern. Shuffle your deck afterward.",,,,,Etsuya Hattori,"It is very small and powerless. If attacked, the best it can do is flap its leaves in an attempt to frighten away its enemies."
neo4-84,neo4,84,Swinub,Basic,,50,W,G,x2,L,-30,1,Common,220,,,,Generate Cold,WC,20,"Flip a coin. If heads, the Defending Pokémon is now Paralyzed.",,,,,,,,,Kagemaru Himeno,"It moves with its sensitive nose pressed to the ground, always searching for food."
neo4-85,neo4,85,Totodile,Basic,,50,W,G,x2,,,1,Common,158,,,,Water Gun,W,10+,Does 10 damage plus 10 more damage for each Water Energy attached to Totodile but not used to pay for this attack's Energy cost. You can't add more than 20 damage in this way.,,,,,,,,,Miki Tanaka,Its highly developed jaws are powerful enough to crush anything. Even experienced adult trainers must handle it with great caution.
neo4-86,neo4,86,Unown [L],Basic,,50,P,P,x2,,,1,Common,201,Pokémon Power,[Laugh],"Once during your turn (before your attack), you may flip a coin. If heads, each player shuffles his or her deck. This power can be used even if Unown [L] is Asleep, Confused, or Paralyzed.",Hidden Power,P,10,,,,,,,,,,CR CG gangs,"It is believed that the variety of types of this Pokémon were created by evolutionary adaptation, as each possesses a different ability."
neo4-87,neo4,87,Unown [S],Basic,,50,P,P,x2,,,1,Common,201,Pokémon Power,[Search],"Once during your turn (before your attack), you may look at 1 of your Prize cards. Return that Prize card face down. This power can be used even if Unown [S] is Asleep, Confused, or Paralyzed.",Hidden Power,PC,20,,,,,,,,,,CR CG gangs,"It is believed that the variety of types of this Pokémon were created by evolutionary adaptation, as each possesses a different ability."
neo4-88,neo4,88,Unown [T],Basic,,40,P,P,x2,,,1,Common,201,Pokémon Power,[Tell],"Once during your turn (before your attack), you may flip a coin. If heads, look at your opponent's hand and show your hand to your opponent. This power can be used even if Unown [T] is Asleep, Confused, or Paralyzed.",Hidden Power,PC,20,,,,,,,,,,CR CG gangs,"It is believed that the variety of types of this Pokémon were created by evolutionary adaptation, as each possesses a different ability."
neo4-89,neo4,89,Unown [V],Basic,,40,P,P,x2,,,1,Common,201,Pokémon Power,[Vanish],"When you play Unown [V] from your hand, you may flip a coin. If heads, return 1 of your Pokémon with Unown in its name (other than Unown [V]) to your hand. (Discard all cards attached to that card.)",Hidden Power,P,10,,,,,,,,,,CR CG gangs,"It is believed that the variety of types of this Pokémon were created by evolutionary adaptation, as each possesses a different ability."
neo4-90,neo4,90,Venonat,Basic,,40,G,R,x2,,,1,Common,48,,,,Gnaw,C,10,,Poisonpowder,GC,10,The Defending Pokémon is now Poisoned.,,,,,Masako Yamashita,"It possesses a type of radar, which it can use to find the insects it eats for food, even in pitch darkness."
neo4-91,neo4,91,Vulpix,Basic,,50,R,W,x2,,,1,Common,37,,,,Ember,RC,30,Discard 1 Fire Energy card attached to Vulpix in order to use this attack.,,,,,,,,,Masako Yamashita,"As it grows older, its white tail changes colors and splits into six different tails. Its body radiates a faint warmth."
neo4-106,neo4,106,Shining Celebi,Basic,,50,G,R,x2,,,1,Rare Shining,251,,,,Healing Water,W,,"Remove a number of damage counters from 1 of your Benched Pokémon equal to the number of Water Energy cards attached to Shining Celebi. If the Pokémon has fewer damage counters than that, remove all of them.",Miracle Leaf,GP,10,"Flip a number of coins equal to the number of Energy attached to the Defending Pokémon. If you get 1 or more heads, the Defending Pokémon is now Asleep, Confused, or Poisoned (your choice).",,,,,Hironobu Yoshida,It is worshipped as a god of the forest. It appears only in undisturbed old-growth forests.
neo4-107,neo4,107,Shining Charizard,Basic,,100,R,W,x2,F,-30,3,Rare Shining,6,,,,White-hot Flame,RRRLL,100,"Discard 1 Fire Energy card and 1 Lightning Energy card attached to Shining Charizard or this attack does nothing. Flip a coin. If tails, Shining Charizard does 30 damage to itself.",,,,,,,,,Hironobu Yoshida,The flames it breathes are so hot that they can melt anything.
neo4-108,neo4,108,Shining Kabutops,Basic,,80,F,G,x2,,,2,Rare Shining,141,,,,Lightning Cut,FFL,30+,"Flip a coin. If heads, this attack does 30 damage plus 10 more damage and does 10 damage to each of your opponent's Benched Pokémon. (Don't apply Weakness and Resistance for Benched Pokémon.) If tails, this attack does 30 damage and Shining Kabutops does 10 damage to itself.",Water Slash,FFWW,50+,Does 50 damage plus 10 more damage for each Water Energy attached to Shining Kabutops but not used to pay for this attack's Energy cost. Don't apply Resistance.,,,,,Hironobu Yoshida,This ancient Pokémon uses its razor-sharp claws to cut open its prey and gain access to its blood.
neo4-109,neo4,109,Shining Mewtwo,Basic,,70,P,P,x2,,,2,Rare Shining,150,,,,Reflect Shield,PL,,"If an attack does damage to Shining Mewtwo during your opponent's next turn (even if Shining Mewtwo is Knocked Out), flip a coin. If heads, prevent all damage done to Shining Mewtwo from that attack (any other effects of attacks still happen) and do 20 damage to the attacking Pokémon.",Psyburst,PPR,40+,Discard a Fire Energy card attached to Shining Mewtwo or this attack does nothing. This attack does 40 damage plus 10 damage for each Energy attached to the Defending Pokémon.,,,,,Hironobu Yoshida,It uses its highly developed psychic powers to defeat its enemies before they even have time to think.
neo4-110,neo4,110,Shining Noctowl,Basic,,60,C,L,x2,F,-30,1,Rare Shining,164,,,,Flashing Eyes,PLC,30,"Flip 3 coins. If exactly 1 is heads, the Defending Pokémon is now Asleep. If exactly 2 are heads, the Defending Pokémon is now Confused. If all 3 are heads, the Defending Pokémon is now Paralyzed.",,,,,,,,,Ken Sugimori,It speeds up its thought processes by turning its head around 180 degrees.
neo4-111,neo4,111,Shining Raichu,Basic,,70,L,F,x2,,,1,Rare Shining,26,,,,Thundersquall,LLWW,40,"If your opponent has any Benched Pokémon, choose 1 of them and this attack does 10 damage to that Pokémon for each Water Energy attached to Shining Raichu. (Don't apply Weakness and Resistance for Benched Pokémon.)",,,,,,,,,Hironobu Yoshida,"If the electricity in its cheeks runs out, it sticks its tail straight up and uses it to collect energy from the air."
neo4-112,neo4,112,Shining Steelix,Basic,,90,M,R,x2,G,-30,4,Rare Shining,208,,,,Crushing Earth,MMFF,80,"Flip a coin. If heads, this attack does 10 damage to each Benched Pokémon (yours and your opponent's). (Don't apply Weakness and Resistance for Benched Pokémon.) If tails, this attack does nothing. Either way, Shining Steelix can't attack during your next turn.",,,,,,,,,Ken Sugimori,"If an Onix lives 100 years or more, its skin hardens, eventually becoming even harder than a diamond."
neo4-113,neo4,113,Shining Tyranitar,Basic,,80,D,,,P,-30,3,Rare Shining,248,,,,Mountain Crush,DFF,30,"Flip a coin until you get tails. For each heads, your opponent discards the top card from his or her deck.",Destructive Fire,DRRR,50,"Flip a coin for each Fire Energy card attached to Shining Tyranitar. For each heads, discard a Fire Energy card attached to Shining Tyranitar or this attack does nothing. Then, for each heads, choose an Energy card attached to the Defending Pokémon and discard it. If it has fewer Energy cards than that, remove all of them.",,,,,Ken Sugimori,"It is so powerful, it can knock down a mountain with hust one arm."
si1-1,si1,1,Mew,Basic,,30,P,P,x2,,,0,,151,,,,Rainbow Wave,P,,Choose a type of Energy other than Colorless attached to Mew. This attack does 20 damage to each of your opponent's Pokémon of that type (including Benched Pokémon). Don't apply Weakness and Resistance.,,,,,,,,,Keiko Fukuyama,This Pokémon's body is covered by fine hairs that can be seen only under a microscope.
si1-2,si1,2,Pidgeot,Stage 2,Pidgeotto,70,C,L,x2,F,-30,0,,18,,,,Supersonic Flight,CC,40,"Flip a coin. If tails, this attack does nothing.",Slicing Wind,CCCC,50,,,,,,Keiko Fukuyama,This Pokémon searches for food while flying at Mach 2. Its large claws make fearsome weapons.
si1-3,si1,3,Onix,Basic,,90,F,G,x2,,,3,,95,,,,Slam,CC,20×,Flip 2 coins. This attack does 20 damage times the number of heads.,Body Slam,FFFF,40,"Flip a coin. If heads, the Defending Pokémon is now Paralyzed.",,,,,Keiko Fukuyama,"This Pokémon burrows through the earth at high speed, looking for food. The tunnels it digs are used by Diglett as nests."
si1-4,si1,4,Togepi,Basic,,40,C,,,P,-30,1,,175,,,,Bawl,C,10,"Flip a coin. If heads, the Defending Pokémon is now Confused.",,,,,,,,,Keiko Fukuyama,"This Pokémon is still immature. When threatened, it releases poison from its head and tries to drive its enemies away."
si1-5,si1,5,Ivysaur,Stage 1,Bulbasaur,60,G,R,x2,,,1,,2,,,,Strange Scent,G,,"Each player flips a coin. Each player who gets heads chooses a total of 3 damage counters from among his or her Pokémon and removes them. (If the player's Pokémon have fewer total damage counters than that, he or she removes all of them.)",Razor Leaf,GG,30,,,,,,Keiko Fukuyama,A sure sign spring is on its way is when the seed on this Pokémon's back flowers.
si1-6,si1,6,Raticate,Stage 1,Rattata,60,C,F,x2,P,-30,0,,20,,,,Sharp Teeth,CC,10+,"Flip a coin. If heads, this attack does 10 damage plus 30 more damage; if tails, this attack does 10 damage.",,,,,,,,,Keiko Fukuyama,"This Pokémon sometimes hunts for food in rivers, swimming using the small webs between the toes on its rear legs."
si1-7,si1,7,Ledyba,Basic,,40,G,R,x2,F,-30,1,,165,,,,Gnaw,C,10,,Agility,GG,20,"Flip a coin. If heads, during your opponent's next turn, prevent all effects of attacks, including damage, done to Ledyba.",,,,,Keiko Fukuyama,"When it senses enemies approaching, this Pokémon releases an orange fluid from the joints in its legs and flees."
si1-8,si1,8,Jigglypuff,Basic,,50,C,F,x2,P,-30,1,,39,,,,Tempting Eyes,C,,Choose 1 of your opponent's Benched Pokémon and switch it with the Defending Pokémon.,Sing,C,,"Flip a coin. If heads, the Defending Pokémon is now Asleep.",,,,,Keiko Fukuyama,"After lulling its enemies with its large eyes, this Pokémon sings them to sleep with a relaxing melody."
si1-9,si1,9,Butterfree,Stage 2,Metapod,80,G,R,x2,F,-30,1,,12,,,,Fly,CCC,30,"Flip a coin. If heads, during your opponent's next turn, prevent all effects of attacks, including damage, done to Butterfree. If tails, this attack does nothing (not even damage).",Rainbow Powder,GGC,20,"Flip a coin. If heads, the Defending Pokémon is now Paralyzed. If tails, the Defending Pokémon is now Poisoned.",,,,,Keiko Fukuyama,"The poison scales on its wings are waterproof, allowing this Pokémon to be active even on rainy days."
si1-10,si1,10,Tentacruel,Stage 1,Tentacool,60,W,L,x2,,,1,,73,,,,Tentacle Grip,W,,"Flip a number of coins equal to the number of Water Energy attached to Tentacruel. For each heads, draw 2 cards.",Poison Sting,WW,20,"Flip a coin. If heads, the Defending Pokémon is now Paralyzed.",,,,,Naoyo Kimura,This Pokémon attacks its prey with its eighty toxin-producing tentacles.
si1-11,si1,11,Marill,Basic,,40,W,L,x2,,,1,,183,,,,Squirt,W,,Choose 1 of your opponent's Pokémon. This attack does 10 damage to that Pokémon. Don't apply Weakness and Resistance.,Rolling Tackle,CC,20,,,,,,Naoyo Kimura,"This Pokémon's fur repels water like a duck's feathers, allowing it to stay dry and fluffy even in water."
si1-12,si1,12,Lapras,Basic,,70,W,L,x2,,,1,,131,,,,Gentle Song,C,,"If Lapras has any damage counters on it, remove 2 of them from it (1 if it only has 1). If the Defending Pokémon has any damage counters on it, remove 2 of them from it (1 if it only has 1). The Defending Pokémon is now Asleep.",Ice Beam,WW,20,"Flip a coin. If heads, the Defending Pokémon is now Paralyzed.",,,,,Naoyo Kimura,This gentle Pokémon can understand human language and allows people to ride on its back.
si1-13,si1,13,Exeggutor,Stage 1,Exeggcute,70,G,R,x2,,,2,,103,,,,Sharpshooter,G,,Choose 1 of your opponent's Pokémon. Flip a number of coins equal to the number of Grass Energy attached to Exeggutor. This attack does 10 damage times the number of heads to that Pokémon. Don't apply Weakness and Resistance.,,,,,,,,,Naoyo Kimura,"This Pokémon has a unique cry, as all three of its heads are always talking independently of one another."
si1-14,si1,14,Slowking,Stage 1,Slowpoke,70,P,P,x2,,,2,,199,,,,Revelation,P,,"Flip a coin. If heads, search your deck for a Trainer card, show it to your opponent, and put it into your hand. Shuffle your deck afterward.",Psychic,PC,10+,Does 10 damage plus 10 more damage for each Energy card attached to the Defending Pokémon.,,,,,Naoyo Kimura,Its nonchalant reaction to everything somehow gives this Pokémon an imposing presence.
si1-15,si1,15,Wartortle,Stage 1,Squirtle,60,W,L,x2,,,1,,8,,,,Water Gun,WW,20+,Does 20 damage plus 10 more damage for each Water Energy attached to Wartortle but not used to pay for this attack's Energy cost. You can't add more than 20 damage in this way.,,,,,,,,,Naoyo Kimura,"When attacked, this Pokémon withdraws into its shell, although it can't quite pull in all of its long tail."
si1-16,si1,16,Lickitung,Basic,,70,C,F,x2,P,-30,2,,108,,,,Lick Wounds,C,,"Flip a coin. If heads, choose 1 Pokémon (yours or your opponent's) with damage counters on it and remove 2 damage counters from it (1 if it only has 1).",Tongue Stretch,CC,,"Flip a coin. If heads, choose 1 of your opponent's Pokémon. This attack does 20 damage to that Pokémon. Don't apply Weakness and Resistance.",,,,,Naoyo Kimura,This Pokémon uses its six-foot tongue as if it were a hand. The origin of its anaesthetic properties is still a mystery.
si1-17,si1,17,Vileplume,Stage 2,Gloom,70,G,R,x2,,,2,,45,,,,Paradise Pollen,G,,"Flip a coin. If heads, remove 2 damage counters from Vileplume (1 if it only has 1). Then, if you have any Benched Pokémon with damage counters on them, choose 1 of them and remove 2 damage counters from it (1 if it only has 1).",Horrid Pollen,GGC,30,"Flip a coin. If heads, the Defending Pokémon is now Paralyzed. If tails, the Defending Pokémon is now Confused.",,,,,Naoyo Kimura,This Pokémon makes a loud jangling noise when it shakes its petals to spread poison powder.
si1-18,si1,18,Primeape,Stage 1,Mankey,60,F,P,x2,,,1,,57,,,,Low Kick,F,20,,Rampage,FF,20+,"Does 20 damage plus 10 more damage for each damage counter on Primeape. Flip a coin. If tails, Primeape is now Confused (after doing damage).",,,,,Naoyo Kimura,This Pokémon only calms down when there are no other animals or people around—which means no one has ever seen it when it's not angry.
