ID,Card,Type,Stage / Rarity (trainer),Remaining Evo,Deck Feature Tier,Opener Archetype,Pressure,Wants,Possible CPU Deck Block?,Included in opp Deck?,Gated Until (promo only),,Feature Tier Key,
base1-1,Alakazam,P,2,,2.5,,"AP, SL","Tanks on the bench to move damage to with its pokemon power. It's a competent fighter with its ability to confuse but leans toward prefering the bench. If it's in the active spot itself or if a valuable ally is, it likes to move damage counters off the active one onto a tank on the bench. It prefers decks with several high-HP tank pokemon like Kangaskhan, Chansey, and Snorlax",,TRUE,,,Not shown,Not worth noting
base1-10,Mewtwo,P,b,n,0.5,f,,"Its damage from Psychic scales with opponent energy, so it likes to come in after there's already a powered-up opponent. The bot should be able to do the math in terms of how much damage Psychic would do to the opponent's active pokemon every time a new pokemon has to be promoted to active. I can't think of any situation Barrier would be used. It requires an energy funnel in order to survive long enough for the next energy funnel, all while the enegy funnel prevents you from powering anything up.",,TRUE,,,1,Strategic Opener / Tank / Other utility
base1-100,E Energy,Energy,,,,,,,,TRUE,,,2,Secondary Feature
base1-101,P Energy,Energy,,,,,,,,TRUE,,,3,Primary Feature
base1-102,W Energy,Energy,,,,,,,,TRUE,,,4,Elite Feature
base1-11,Nidoking,G,2,,3,,SL,"Both its moves cost the same and both are worth using, but it usually wants to start with Toxic due to the extra poision damage before switching to Thrash, as the extra poision damage on top of Toxic's natural damage equal the 50/50 damage potential of Thrash. Once the opponent is poisoned, Toxic cannot add additional poison damage, so Thrash becomes more valuable.",,TRUE,,,,
base1-12,Ninetales,R,1,n,2,,HD,"To come in after it's ready to use Fire Blast, and to never be required to choose between Lure and nothing. Fire Blast wants an energy funnel but does high damage, so it requires some maintenance and stops bench growth every turn it attacks, but can one-shot many opponents. Lure does have uses, such as removing a dangerous pokemon and replacing it with one that is not ready to attack and is not able to retreat.",,TRUE,,,,
base1-13,Poliwrath,W,2,,3,,ED,"An Attack Choice, as both attacks are valid. Whirlpool is preferred due to the very high value of discarding opponent energy cards, but Water Gun can be Over-Attached into doing higher damage. Water Gun should be used when it results in a kill that Whrilpool wouldn't, and the bot should be willing to add that fifth energy to do so",,TRUE,,,Tier ranking is only for last of evolution line and select useful others. Partially based in subjectivity and play experience,
base1-14,Raichu,E,1,n,2,,"WP, HD","To use Agility when Thunder wouldn't kill, or when Thunder risks a self-kill that isn't worthwhile. Does need some degree of Kamakaze Timing. Agility buys turns through damage *and status* denial on a coin flip, while Thunder risks 30 self-dmg on a coin flip.",,TRUE,,,Remaining Evo only applies to Basic and Stage 1. All stage 2 are assumed to not have evolutions remaining,
base1-15,Venusaur,G,2,,3,,"BG, HD","Does not necessarily prefer the bench despite its pokemon power, but doesn't mind it there either. Uses Energy Trans to shift energy from bench pokemon to whatever is active for an instant power up, as long as the active pokemon isn't just going to die and lose it all right away. While the newly powered up active pokemon (which could be Venusaur itself) fights, its owner can slowly re-power the bench cards they stripped energy from",,TRUE,,,"Labels here are used for the lookup table on the deck tabs, but we can possibly get utility from it as well with the AI",
base1-16,Zapdos,E,b,n,1.5,h,HD,"To deal high damage and die rather quickly. Prefers to go down fighting over retreat, though not by self-kill. Thunder is the preferred attack until Zapdos looks like it will die on the opponent's next turn, or it risks a self-kill on this turn. In those cases, Thunderbolt should be used.",,TRUE,,,Trainer rarity is used to gauge usefulness in decks,
base1-17,Beedrill,G,2,,3,,SL,"To use Poison Sting first, and then Twineedle when the opponent is already poisoned. Poison Sting is preferred again when a guaranteed 40 damage or less is needed, rather than gambled on Twineedle's coin flip",,TRUE,,,Half steps are used. Consider those candidates for the next tier with proper support,
base1-18,Dragonair,C,1,y,1,,ED,"Is not afraid to fight even though it's not fully evolved, as long as Hyper Beam can be used and the opponent is unable to powerup for a kill because of it. Slam use is rare due to the value of discarding an opponent energy. ",,TRUE,,,"Opener archetypes per card are tracked. I don't know if we'll need these but it's cheap to do while going through the set anyway. Unlabeled ones should be deferred as openers when possible, but usually committed to once they're in. Based on battle utility, not whether they can evolve, etc",
base1-19,Dugtrio,F,1,n,2,,HD,Slash is preferred unless Earthquake would kill and Slash wouldn't. The damage to its user's own bench should be weighed against Earthquake,,TRUE,,,Numbers added to the end of names is for differentiation purposes between cards with the same name. Ex: B2 means base2/Jungle,
base1-2,Blastoise,W,2,,4,,HD,"5-ish extra W energy in deck, Over-Attach 2 extra energy for Hydro Pump's max potential, which is worth it. Loves to fight. When it evolves, its user should immediately use Rain Dance to dump as many energy cards on their pokemon as those pokemon require, prioritizing the ones currently fighting and Blastoise itself",,TRUE,,,Nonholo duplicates are tagged with NH after their name. It helps the lookup table,
base1-20,Electabuzz,E,b,n,1,a,SL,"Loves to open. Chooses between its moves based on the quickest path to a kill (assuming Thunderpunch's guaranteed 30 damage rather than an average), but prefers Thundershock first when it doesn't lose it a turn by doing so. ",,TRUE,,,"Trainer Function Key, Pressure, and Wants were added at the advice of #15 and haven't been fully applied retroactively yet",
base1-21,Electrode,E,1,n,2,,,,y,TRUE,,,Opener archetypes are only applied to basic pokemon here,
base1-22,Pidgeotto,C,1,y,,,PC,"Almost always uses Whirlwind to throw opponents around the play area and doens't even power up Mirror Move unless doing so to prepare for evolution. Mirror Move should only be used when it would result in a kill that Whirlwind wouldn't, and the bot should be willing to spend the energy at the time to do so rather than in advance",,TRUE,,,,
base1-23,Arcanine,R,1,n,2,,HD,"Both attacks do high damage and both have drawbacks. Flamethrower requires an energy funnel but should be the default due to Take Down's self-damage. However, Take Down should stay powered up and ready to go for when it's needed, meaning the bot should not want to use even Flamethrower until Arcanine has four energies attached, as it requires that constant funnel that would make Take Down unavailable if used at three energies",,TRUE,,,,
base1-24,Charmeleon,R,1,y,,,,"Does decent damage but does not want to fight. Prefers to sit on the bench and pre-Over-Attach energies for an evolution to Charizard, even when Charizard isn't in the hand. Flamethrower does good damage but requires an energy funnel on the card that you want to evolve into the biggest energy funnel of all, so it's best avoided unless necessary. A Charmeleon that ends up fighting and having to use Flamethrower should almost be written off for evolution and used only as a fodder attacker.",,TRUE,,,Opener Archetype Key:,
base1-25,Dewgong,W,1,n,2,,SL,Classic Attack Choice between Aurora Beam and Ice Beam. Punches above its weight and doesn't retreat,,TRUE,,,,
base1-26,Dratini,C,b,y,,,,,,TRUE,,,A,"Attack Opener. Openers that use stalling attacks, low damage attacks w/ high HP, or build up to damage quickly without evo. Should be weighted high for starter selection or stalling jobs, lower for retreat. Can sometimes also build up to stronger moves while stalling. Ex: Onix, Jynx"
base1-27,Farfetch'd,C,b,n,,a,,"Likes to open, and its only useful role ever is to open, and even that is not very useful. Should use Leek Slap and then be left to die while other things are powered up, unless desperate enough to need to power up Pot Smash. Our autobuilder should probably weight this one rather low",,TRUE,,,T,Tanks. Usually used as openers but attacks are usually defensive stalling or card drawing. Usually weighted higher than other openers. Ex: Chansey
base1-28,Growlithe,R,b,y,,,,Low-weight opener. Arcanine's high energy cost makes it prefer the bench,,TRUE,,,F,"Fallback opener. Good cheap attack option during game, not a main weapon but capable of bridging gaps. Good opener if other options aren't available. Ex: Mewtwo (1-10)"
base1-29,Haunter,P,1,y,,,SL,"Hypnosis + Dream Eater is a Setup Turn combo but Dream Eater only has a 1/4 chance of being successful before even before you factor in the opponent's chance to wake up by evolving. Therefore it doesn't want to fight, and should be used only as a staller when it does. It's still useful to keep at 2 energies rather than Dream Eater being a reactive energy-add at the time it's needed, due to Gengar's attack needing 3 energies. If kept at 2 while Haunter, it can evolve and attack the same turn a Gengar is drawn (as long as its player has the extra energy in hand)",,TRUE,,,E,"Evo openerer. Lower weight when it comes to opening due to evolution possibility but does have stalling moves or can do damage, and should be prioritized when stalling is needed and no other options available. Higher priority if evolution exists in hand and is realistic to survive long enough to evolve. Ex: Squirtle"
base1-3,Chansey,C,b,n,1,t,WP,"To work as a tank or staller, hiding behind Scrunch and rarely ever retreating or using Double-Edge",,TRUE,,,N,Avoid using as an opener when possible. Should be weighted lower than the baseline and possibly even switched out when other options become available. Ex: Magikarp
base1-30,Ivysaur,G,1,y,,,SL,"A middle stage that doesn't mind fighting due to Poisonpowder's guaranteed poisoning. If it evolved from Bulbasaur in the active spot, then it's already in good position to deal damage due to Bulbasaur's attack costing 2 energies, and both of Ivysaur's costing 3, meaning Bulbasaur can be evolved fluidly without being pre-loaded while fighting",,TRUE,,,H,"HP staller. A high HP card that would normally be used as an attacker is substituted as a tank due to lack of other options. Committed to once in, not retreated or powered up unless smart to do so. A complete sacrifice. Ex: Zapdos "
base1-31,Jynx,P,b,n,0.5,a,,"Meditate is preferred and can be extremely effective against much stronger (but damaged) pokemon. Loves to start and use Doubleslap while powering up Meditate, or might choose to tank without only Doubleslap while something more valuable is powered up on the bench instead. Meditate's potential damage should always be considered by the bot when choosing something to promote",,TRUE,,,,
base1-32,Kadabra,P,1,y,,,HD,"Super Psy does high damage for what it is, and even outdoes its own evolution's damage. The evolution is still preferred in most situations though due to its pokemon power and chance to confuse. Recover should never be used. It drains an energy from a pokemon that wants to stay at 3 energies at all times. Getting in a 50 dmg hit and dying is almost always preferable to recovery or retreat",,TRUE,,,,
base1-33,Kakuna,G,1,y,,,SL,Is a good fighting mid-stage that likes to meddle with Poisonpowder. Damage and chance to poison is almost always preferable to a 50/50 chance at damage prevention with Stiffen,,TRUE,,,,
base1-34,Machoke,F,1,y,,,,"A tough card to use because one attack's damage shrinks very quickly with damage taken, and the other deals self-damage. Can deal high damage to an opponent quickly but can become useless after that. Prefers to evolve on the bench unless a quick cheap hit is needed, at which time it does have a use",,TRUE,,,Trainer Function Key (uses the Deck Feature Tier column):,
base1-35,Magikarp,W,b,y,,n,,"If this guy is fighting, you're in a bad spot",,TRUE,,,D,Draw. Cards are picked up from the top of the deck
base1-36,Magmar,R,b,n,,f,HD,"Flamethrower does good damage but requires an energy funnel, and this is not a pokemon you want consuming all your energies. Use Fire Punch as default but be ready for Flamethrower when needed. Low HP means it dies rather quickly.",,TRUE,,,S,Search. Search for a card in the deck
base1-37,Nidorino,G,1,y,,,,"Horn Drill preferred, Double Kick only when it can't be afforded",,TRUE,,,P,Disruption. Interferes with the opponent or the status of the board
base1-38,Poliwhirl,W,1,y,,,,Amnesia can block an opponent's damage before Doubleslap has the energy to be used or if Poliwhirl needs to survive to the next turn to evolve. Otherwise Doubleslap is always preferred,,TRUE,,,H,Heal. Removes damage from Pokemon
base1-39,Porygon,C,b,n,,a,,"To use Conversion 2 to stay resistant to its opponent while it stalls as long as it can before death. Conversion 1 should only be used when Conversion 2 can't be afforded, and when it is, the bot should shift the opponent's weakness the type of their own current strongest (non-colorless) bench pokemon",,TRUE,,,M,Movement. Moves someone from somewhere to somewhere
base1-4,Charizard,R,2,,4,,HD,"A deck where four DCE replace four R energies, and to be pre-Over-Attached with as many energies as possibe before being sent into battle. Even Charmeleon should be preloaded on the bench before evolution in anticipation of this card's high Energy Funel costs.",,TRUE,,,R,Recovery. Removes status conditions
base1-40,Raticate,C,1,n,,,,"Bite is primary, and Super Fang usually isn't worth it. Power up beyond Bite only if there are no better options for that energy",,TRUE,,,E,Exclude from baseline. Doesn't fall in with the other functions but should be excluded from baseline readings
base1-41,Seel,W,b,y,,,,,,TRUE,,,T,Stadium. Designates stadium cards
base1-42,Wartortle,W,1,y,,,,Only withdraws when it can't use Bite. Doesn't mind fighting while it waits to evolve,,TRUE,,,,
base1-43,Abra,P,b,y,,e,SL,,,TRUE,,,,
base1-44,Bulbasaur,G,b,y,,,,To open if starting with an Ivysaur in hand,,TRUE,,,Pressure,
base1-45,Caterpie,G,b,y,,e,SL,,,TRUE,,,ED,Energy Denial - Strips the investement you already made
base1-46,Charmander,R,b,y,,,,"Ember is an energy funnel on a card whose evolutions also demand energy funnels, so a Charmander forced to use it should almost be written off for evolution if there are other options",,TRUE,,,BD,Bench Damage - Your cards aren't safe
base1-47,Diglett,F,b,y,,e,,To open when a better option isn't available due to Mud Slap's high damage for that stage,,TRUE,,,PC,Position Control - You fight with the wrong pokemon
base1-48,Doduo,C,b,y,,a,,,,TRUE,,,SL,Status Lock - It takes your turns away
base1-49,Drowzee,P,b,y,,a,SL,Pound only used when Confuse Ray can't be,,TRUE,,,HT,Hand/Trainer Denial - Your outs stop arriving
base1-5,Clefairy,C,b,y,0.5,,SL,"Prefers to evolve on the bench. Sing is only a 25% chance to cost the opponent an attack and Metronome takes up a turn before the Copied Effect can be used, during which time Clefairy would likely die (if copying any move worthwhile).",,TRUE,,,WP,Wall/Prevention - Your damage stops landing
base1-50,Gastly,P,b,y,,,,"Sleeping gas only has a 25% chance to cost the opponent a turn, so this pokemon probably shouldn't be used at all. Destiny Bond does become useful if it's in the active spot and about to die, though it requires an energy funnel and any opponent (including the bot) should weigh the option of just not attacking for that turn, as Gastly would need another Energy Funneled in to try it again.",,TRUE,,,AP,Attrition/Recovery - It refuses to run out
base1-51,Koffing,G,b,y,,a,SL,Loves to open and wreaks havok when it does. Foul Gas guarantees one of two different status conditions,,TRUE,,,HD,High Damage - Hits you harder than you can absorb
base1-52,Machop,F,b,y,,e,,To open as a solid attacker. Low Kick deals high damage for low energy and Machop has high HP relative to other evolving basics,,TRUE,,,BG,Bench Growth - Your opponent is able to build up their reserves more quickly. Definition expanded to include drawing cards and skipping turns via quick evolution or extra energy attachments
base1-53,Magnemite,E,b,y,,e,"SL, HD, BD","Thunder Wave is primary and tries to paralyze, while Selfdestruct should be a Kamakaze Timer that also weighs the damage to both players' benches",,TRUE,,,,
base1-54,Metapod,G,1,y,,,SL,"Stun Spore is always preferred, and there are extremely few situations Stiffen is used due to the 50/50 damage block chance. For the same energy cost and same 50/50 chance, Stun Spore can cost a turn through paralysis while dealing 20 guaranteed damage",,TRUE,,,Order matters for pokemon with multiple pressures listed. The first has priority,
base1-55,Nidoran ♂,G,1,y,,a,,To open but its effectiveness depends on Coin Luck,,TRUE,,,,
base1-56,Onix,F,b,n,,t,,"Loves to open as a tank. Never powers up to Harden because it doesn't need it. Rock Throw is a good, cheap, steady 10 dmg to do each turn",,TRUE,,,,
base1-57,Pidgey,C,b,y,,,PC,"Likes the bench, but plays position control when it's forced to attack",,TRUE,,,Promo cards become available in *all* packs after the one it's gated until,
base1-58,Pikachu,E,b,y,,,,Thunder Jolt is the preferred attack but risks self-damage toward a low-HP pokemon. Prefers to evolve on the bench. There are about a thousand Pikachu variants and our autobuilder should prefer most of the others over this one.,,TRUE,,,Promo Card gate order contains judgement calls for balance and is not always released in order for us,
base1-59,Poliwag,W,b,y,,e,,"Wants to Over-Attach two energies for Water Gun while fighting, which puts in a good position for evolution",,TRUE,,,"Promo suffexes are for differentiation in the spreadsheet, not necessarily in-game",
base1-6,Gyarados,W,1,n,2.5,,SL,Magikarp kept safe enough to evolve,,TRUE,,,,
base1-60,Ponyta,R,b,y,,e,,An okay starter if Rapidash is in hand,,TRUE,,,Promo Suffix Key,
base1-61,Rattata,C,b,y,,,,,,TRUE,,,GP,General Promo release
base1-62,Sandshrew,F,b,y,,a,WP,,,TRUE,,,MS,Movie Stamp - Special visual stamp from movie release
base1-63,Squirtle,W,b,y,,e,SL,"Likes to open if its deck contains Blastoise, as it's a very good line to evolve while fighting at the start of a match",,TRUE,,,CH,Cosmos Holo - A special holo promo card
base1-64,Starmie,W,1,n,1.5,,SL,Recover needs an Energy Funnel and should be avoided. See Kadabra entry for more detail,,TRUE,,,,
base1-65,Staryu,W,b,y,,,,,,TRUE,,,,
base1-66,Tangela,G,b,n,,f,SL,"Poisonpowder first, Bind once poisoned or before it can be afforded. See Nidoking for reasoning",,TRUE,,,,
base1-67,Voltorb,E,b,y,,,,,,TRUE,,,"Ancient Mew, which is unnumbered and not part of any set, has been given a number and added to the Promo set by me. This might be done for some other unnumbered cards as well in the future",
base1-68,Vulpix,R,b,y,,e,SL,,,TRUE,,,"Per WotC rulings: Promo Cool Porygon *can* evolve (when Porygon2 is introduced), but the [adjective] Pikachu variants *cannot* evolve",
base1-69,Weedle,G,b,y,,a,SL,,,TRUE,,,"""Trevor's Pikachu"" was originally ""_____'s Pikachu"" that has variable attack damage based on its owner's birthday. Rather than building in a birthday system, I decided to use mine as a placeholder",
base1-7,Hitmonchan,F,b,n,0.5,a,,A stalling or opening role. Jab is the main one to power up. Special Punch is expensive and should only be powered up if the bench doesn't have better options. ,,TRUE,,,If you don't have stats for Ancient Mew I can provide them.,
base1-70,Clefairy Doll,T,r,,e,,,,y,FALSE,,,,
base1-71,Computer Search,T,r,,s,,,"To be used to find a needed evolution card, another basic if basics are in short supply or if its evolution is in hand, or whatever else might be most needed at the moment",,TRUE,,,,
base1-72,Devolution Spray,T,r,,r,,,,y,FALSE,,,,
base1-73,Impostor Professor Oak,T,r,,p,,,"To be used when its opponent has a lot of cards in their hand. It's disruptive in many cases, but this gets the largest effect",,TRUE,,,,
base1-74,Item Finder,T,r,,s,,,,,TRUE,,,,
base1-75,Lass,T,r,,p,,,A deck with relatively few trainer cards so the opponent is disproportionately affected,,TRUE,,,,
base1-76,Pokemon Breeder,T,r,,m,,,"A deck with many stage 2 cards, and preferably multiple stage 2 lines",,TRUE,,,,
base1-77,Pokemon Trader,T,r,,s,,,Same use case as Computer Search but a card is sent back to the deck rather than discarded,,TRUE,,,,
base1-78,Scoop Up,T,r,,m,,,"To rescue a high-HP basic pokemon, usually a tank like Snorlax or Chansey, after it has high damage. As a tank, there are usually few energy cards attached so not much is lost, and as a basic they can just be thrown back to the bench right away with now damage. This works great in combination with Alakazam's Pokemon Power loading up a tank on the bench with damage, scooping up the high damage pokemon, and then putting it right back on the bench to be loaded up again",,TRUE,,,,
base1-79,Super Energy Removal,T,r,,p,,,"Costs you a turn of tempo in exchange for costing the opponent two turns of tempo. Your own energy drop should be from a pokemon who needs it the least, and the opponent pokemon selected should be one where this would really cost it, usually the active one. DOES NOT want to be used on an opponent pokemon with only one energy because then you don't gain an advantage.",,TRUE,,,,
base1-8,Machamp,F,2,,3,,,A very standard card that our bot will do fine with. Strikes Back is more of a passive punishment for killing it that's hard to strategize for other than the nuisanse it is just by existing,,TRUE,,,,
base1-80,Defender,T,u,,p,,,"To be used only when the active pokemon expects to take damage on the next turn, and only damage that's survivable with the Defender attached. Defenders also block self-damage, so they can be used strategically there as well (our game does not block self-damage yet with Defender but it should). The best time to use it is when it would save a valuable active pokemon that would otherwise die. Should not be played just because it exists in the bot's hand.",,TRUE,,,,
base1-81,Energy Retrieval,T,u,,s,,,"To be in decks that require energy funnels, or in multi-type decks where a desired energy can be rescued from discard if running short",,TRUE,,,,
base1-82,Full Heal,T,u,,r,,,"To be in most decks, and save a pokemon from a missed turn from an opponent's status move. It especially loves decks with pokemon that apply status conditions to themselves, like Vileplume",,TRUE,,,,
base1-83,Maintenance,T,u,,d,,,Not a useful card. Autobuilder should avoid,,TRUE,,,,
base1-84,PlusPower,T,u,,p,,,"To be used strategically but not be held onto like it's in a vault. The best times are when your own pokemon would fall 10 damage short of knocking out the opponent, or when an additional 10 damage would result in 1 fewer turn to kill the opponent, as in a move doing 30 damage attacking a pokemon with 70 HP. The best practice there is to plant to hit for 30 on the first turn and use the PlusPower for 40 on the second turn. If you might not survive until the second turn, the PlusPower could probably be used early",,TRUE,,,,
base1-85,Pokemon Center,T,u,,h,,,,y,FALSE,,,,
base1-86,Pokemon Flute,T,u,,m,,,,y,FALSE,,,,
base1-87,Pokedex,T,u,,p,,,Best if the autobuilder avoids,,TRUE,,,,
base1-88,Professor Oak,T,u,,d,,,"To be played when either desperate for cards or when little of value would be lost by discarding its owner's hand. Consumables like Potion or PlusPower want to be used immediately before Professor Oak even if they're not needed, because they get discarded otherwise",,TRUE,,,,
base1-89,Revive,T,u,,m,,,"To be used to revive a tank, and not much else. Best if the autobuilder avoids",y,FALSE,,,,
base1-9,Magneton,E,1,n,2,,"SL, HD",The same logic as base1 Magnemite and other Kamakaze Timers. Thunder Wave is used as a status lock until that's needed,,TRUE,,,,
base1-90,Super Potion,T,u,,h,,,"To heal a moderate amount of damage at the cost of 1 tempo of energy. Should not be used to save a pokemon that it would prevent from powering up enough to attack, as that would just be stalling for no benefit",,TRUE,,,,
base1-91,Bill,T,c,,d,,,"To be used right away and exist in almost every deck. Weak decks have 1-2, stronger decks have 3-4",,TRUE,,,,
base1-92,Energy Removal,T,c,,p,,,"To be used liberally and strategically. Do not remove an energy just to remove an energy, do it to something that it would inconvenience by having to re-attach. The opponent's active pokemon usually makes for the best target, but something powerful on the bench could work as well. Denying the active pokemon forces the opponent to re-power that one instead of preparing the bench, might lead to the opponent taking an extra turn to attack, and might completely stop the opponent if he doesn't have any extra energies. After a pokemone is selected, if it has multiple energy types, DCE should be the first target and its own energy type (as in the hard requirements for its moves rather than the colorless extras) should be the second.",,TRUE,,,,
base1-93,Gust of Wind,T,c,,m,,,"To drag in a damaged bench pokemon to finish it off, preferably a strong one that could pose a menace. Bringing in a high damage pokemon from the bench with low HP can still lay a large hit on you before you have a turn to finish it off, and this card allows you to preempt that. It can also shift a dangerous pokemon out of the active spot and replace it with something else that doesn't have the energy to attack or retreat yet.",,TRUE,,,,
base1-94,Potion,T,c,,h,,,To not be used to heal only 10 damage unless that has the immediate potential to be life saving (and the pokemon is worth saving),,TRUE,,,,
base1-95,Switch,T,c,,m,,,"To retreat a high value pokemon without paying the retreat cost, or launch a sudden switch for a quick attack that the opponent wasn't expecting. Does not want to be used on a free-retreat cost pokemon and prefers heavier retreat costs to nullify. Should not be played just because it exists in the bot's hand",,TRUE,,,,
base1-96,DC Energy,Energy,,,,,,,,TRUE,,,,
base1-97,F Energy,Energy,,,,,,,,TRUE,,,,
base1-98,R Energy,Energy,,,,,,,,TRUE,,,,
base1-99,G Energy,Energy,,,,,,,,TRUE,,,,
base2-1,Clefable,C,1,n,2,,HD,"To never use Minimize. Metronome is a Copy Effects move that requires a Setup Turn to actually copy the target move, but the very low energy cost makes it worth it. It could potentially copy a Charizard's attack on the first turn (as long as the Charizard can't attack on its turn to kill it), and then use it against the Charizard on the next turn with only 1 energy and no discards. It just needs to survive long enough to copy and then use on separate turns. Hates coming in against cards with only weak attacks or ones that don't do damage at all",,TRUE,,,,
base2-10,Scyther,G,b,n,,,,"Swords Dance is a Setup Turn move that eats a turn in order to deal double damage with Slash on the next turn. This balances out to the same damage total each way, so best strategy is to only use Swords Dance at exactly 2 energies when a third can be attached for Slash on the next turn. Otherwise, it's better to deal the guaranteed Slash damage each turn",,TRUE,,,,
base2-11,Snorlax,C,b,n,1,t,WP,"To stall, not attack or retreat. It can't be affected by status conditions, making it a very effective tank. Its attack is decent for what it is, but shouldn't be powered up by the bot when preparing evolutions on the bench is available instead due to its high cost. It exists to eat damage, eat turns, and then die. Likes decks with Alakazam, because that allows it to eat the active pokemon's damage from the bench. Likes playing against Psychic type decks because it's resistant, making it the ultimate tank against those decks (applies to Chansey as well)",,TRUE,,,,
base2-12,Vaporeon,W,1,n,2,,,"Water Gun asks to Over-Attach two extra energies for extra damage, and should be seen as the primary attack. Quick Attack has two use cases: When Water Gun can't be afforded, and when Vaporeon is played in a non-water deck. The latter is viable because Quick Attack only requires Colorless energy, meaning it can be used in any deck if the user is okay never having access to Water Gun. Does well in multi-type decks with other Eevee-lutions.",,TRUE,,,,
base2-13,Venomoth,G,1,n,2,,SL,"To use its pokemon power to change its type to whatever the defending pokemon is weak to. This should happen at the first opportunity, as its attack is underwhelming even with its layered status chances without it. It probably shouldn't change its type arbitrarily though; if the opponent has no weakness it should just stay in its current type. But due to this type changing, its attack can be considered 20 dmg instead of 10 in most cases. Maybe the bot can calculate damage ahead of time by assuming Venomoth is already whatever the defender is weak to, as it will be by the time it attacks. ",,TRUE,,,,
base2-14,Victreebel,G,2,,2,,"SL, PC",Acid is the primary attack but its retreat-blocking ability has too limited of a use-case to train the bot to account for it. Lure follows the same logic as it does with Ninetales,,TRUE,,,,
base2-15,Vileplume,G,2,,3,,"AP, HD","To attempt to heal damaged G pokemon each turn, which I've already witnessed the bot do correctly. Its attack is too valuable to keep it confined to the bench though, though it should be considered a one (or two) and done that can deal very high potential damage when fighting. Likes decks with a Full Heal, since it can self-confuse",,TRUE,,,,
base2-16,Wigglytuff,C,1,n,3,,"HD, SL","To have many allies on the bench. Do The Wave scales in damage with bench pokemon numbers. At a full bench Wigglytuff punches above its weight, becoming a Stage 1 with the stopping power and survivability of a Stage 2. Lullaby should only be used when Do The Wave can't be, and this card doesn't like being put in a position where it has to use it.",,TRUE,,,,
base2-17,Clefable NH,C,1,n,2,,HD,Same as holo variant,,TRUE,,,,
base2-18,Electrode B2 NH,E,1,n,1.5,,BD,Same as holo variant,,TRUE,,,,
base2-19,Flareon NH,R,1,n,2,,,Same as holo variant,,TRUE,,,,
base2-2,Electrode B2,E,1,n,1.5,,BD,"Many pokemon on the opponent's bench that are the same type as their active pokemon (as long as not colorless). Chain Lightning's bench damage potential should be a factor the bot considers when promoting this card to active. Other than this, I think the bot will handle fine.",,TRUE,,,,
base2-20,Jolteon NH,E,1,n,2,,,Same as holo variant,,TRUE,,,,
base2-21,Kangaskhan NH,C,b,n,1.5,t,BG,Same as holo variant,,TRUE,,,,
base2-22,Mr. Mime NH,P,b,n,1,a,WP,Same as holo variant,,TRUE,,,,
base2-23,Nidoqueen NH,G,2,,2,,,Same as holo variant,,TRUE,,,,
base2-24,Pidgeot NH,C,2,,3,,PC,Same as holo variant,,TRUE,,,,
base2-25,Pinsir NH,G,b,n,1,,SL,Same as holo variant,,TRUE,,,,
base2-26,Scyther NH,G,b,n,,f,,Same as holo variant,,TRUE,,,,
base2-27,Snorlax NH,C,b,n,1,t,WP,Same as holo variant,,TRUE,,,,
base2-28,Vaporeon NH,W,1,n,2,,,Same as holo variant,,TRUE,,,,
base2-29,Venomoth NH,G,1,n,2,,SL,Same as holo variant,,TRUE,,,,
base2-3,Flareon,R,1,n,2,,,"Needs an Energy Funnel for Flamethrower but can do large damage with it. Quick attack follows the same logic as Vaporeon's move of the same name, including deck composition options",,TRUE,,,,
base2-30,Victreebel NH,G,2,,2,,"SL, PC",Same as holo variant,,TRUE,,,,
base2-31,Vileplume NH,G,2,,3,,"AP, HD",Same as holo variant,,TRUE,,,,
base2-32,Wigglytuff NH,C,1,n,3,,"HD, SL",Same as holo variant,,TRUE,,,,
base2-33,Butterfree,G,2,,2.5,,"PC, AP","To move dangerous pokemon away with Whirlwind, while Mega Drain is used as the primary. Always wants Mega Drain powered up and only uses Whirlwind while powering, or when a dangerous pokemon needs to be moved away in a situation where it can't just be brought back right away on the next turn (as in none of the potential replacements are able to retreat). Often evolves in the active spot so this is sometimes a legitimate scenario. Mega Drain's healing should be factored into the bot's calculations",,TRUE,,,,
base2-34,Dodrio,C,1,n,1,,,"To stay in when damaged and use Rage, which relies on Damage Scaling. Its pokemon power makes it prefer the bench as it's more useful there, but it has zero retreat cost so it can be sent in and pulled out at-will. Its pokemon power can be useful but probably doesn't have enough use-cases to train the bot on it. Its current behavior will probably manage it okay enough",,TRUE,,,,
base2-35,Exeggutor,G,1,n,2,,"HD, PC","To Over-Attach for Big Eggsplosion by as many energies as it can (unless about to die and the bot weighs a bench powerup's future benefit higher than an additional coin flip for Big Eggsplosion). It wants to be used in a Grass OR Psychic deck, and Teleport can't be used at all in a pure-grass one (but it shouldn't be avoided in grass decks for that reason). Teleport is rarely beneficial, as it's usually better to try for high damage with Big Eggsplosion even if it risks death on the next turn. Teleport becomes a benefit when Big Eggsplosion's damage potential isn't very high, as long as you weren't planning to use Exeggutor as a staller",,TRUE,,,,
base2-36,Fearow,C,1,n,1,,WP,"Classic Attack Choice in the same shape as Dewgong, except rolling for damage prevention instead of a status lock. Our bot probably handles it fine",,TRUE,,,,
base2-37,Gloom,G,1,y,,,SL,"Foul Odor confuses both Gloom and the opponent at the same time, which can be strategic if Gloom is planning to evolve on the next turn or otherwise isn't expecting to need to attack again itself. Gloom can be turned into an effective sacrifice by doing this as well. Poisonpowder is also very useful and should be used as the default at all other times. Foul Odor wants to be powered up even when not being used to help prepare it for evolution, as Vileplume wants 4 energies to attack",,TRUE,,,,
base2-38,Lickitung,C,b,n,0.5,t,SL,"An opening role due to its high HP and chance to paralyze, making it an excellent opening staller. It rarely uses Supersonic as the coin flip for confusion coupled with non-damage doesn't make the energy price worth it, and most often doesn't even power up for it.",,TRUE,,,,
base2-39,Marowak,F,1,n,1,,,"To use Bonemerang primarily and not even power up Call for Friend, which is only used in desperate scenarios where bench pokemon are needed, such as Marowak being the only pokemon left and its death impending.",,TRUE,,,,
base2-4,Jolteon,E,1,n,2,,,"Pin Missile is primary. Quick Attack uses the same logic as Vaporeon's move of the same name, including deck composition options",,TRUE,,,,
base2-40,Nidorina,G,1,y,,,,Double Kick is primary. It doesn't want to be in a situation where it has to use Supersonic,,TRUE,,,,
base2-41,Parasect,G,1,n,1,,,"Spore causes Sleep automatically, but that only results in a 50/50 chance the opponent will miss a turn. Therefore, Slash is usually preferable.",,TRUE,,,,
base2-42,Persian,C,1,n,1,,WP,"Pounce is preferable due to the resulting damage reduction on the next turn. I think the bot will probably play this fine, though we should check if it accounts for the damage reduction in its planning",,TRUE,,,,
base2-43,Primeape,F,1,n,1,,HD,"Our bot might favor Tantrum due to the damage math, but it should account for the self-confuse potential as well. Tantrum does do high damage and the self-confuse isn't guaranteed, so using it as the primary might still be viable. I'd rather not try to overdictate to the bot on this one unless we find it's needed later",,TRUE,,,,
base2-44,Rapidash,R,1,n,1.5,,WP,Classic Attack Choice in the same shape as Fearow. The bot is probably fine,,TRUE,,,,
base2-45,Rhydon,F,1,n,2,,PC,"Horn Attack is primary since Ram does self-damage that might not be worth the attack damage. Ram becomes useful when it would kill but Horn Attack wouldn't, or if pushing the opponent's active pokemon to the bench would be useful",,TRUE,,,,
base2-46,Seaking,W,1,n,,,,Very weak for a stage 1 with no attack benefits. Autobuilder should avoid,,TRUE,,,,
base2-47,Tauros,C,b,n,,f,,Follows Primeape's logic in terms of Damage Scaling attack choices,,TRUE,,,,
base2-48,Weepinbell,G,1,y,,,SL,"Same logic as others who poison first, switch to a more damaging attack once poisoned",,TRUE,,,,
base2-49,Bellsprout,G,b,y,,,,"Vine Whip is primary. Call for Family should only be used on the first turn if there's little on the bench, or when desperate for bench pokemon. ",,TRUE,,,,
base2-5,Kangaskhan,C,b,n,1.5,t,BG,"To go first/stall while using Fetch. Only rarely wants to use Comet Punch or retreat. Its best use is to sit there and draw cards for as long as possible to help its owner power up the bench more quickly than their opponent. Comes at the risk of draining your own deck too quickly if it survives for too long, so Fetch should be instantly de-prioritized when deck cards start running low. At a certain point, passing without attacking becomes preferable over drawing more of the remaining card supply.",,TRUE,,,,
base2-50,Cubone,F,b,y,,a,WP,"To open or stall using Snivel. Rage is damage scaling and should be powered up, but only used when it might kill. The damage reduction from Swivel is usually higher value and should factor into the bot's choices. Rage is powered up ahead of time only because the energy is needed for Marowak",,TRUE,,,,
base2-51,Eevee,C,b,y,,e,"AP, SL",Likes to open if an evolution card is in hand. Otherwise it prefers the bench to wait until one shows up.,,TRUE,,,,
base2-52,Exeggcute,G,b,y,,e,,"Its primary attack depends on the deck it's in, as each cost different energy types. It can do just fine in a Psychic deck (due to Exeggutor's energy requirements more than its own), and if so, Hypnosis is available. If in a grass deck, Leech Seed is the one that can be used. Both being available is probably too rare to train the bot on for a basic pokemon that's trying to evolve anyway.",,TRUE,,,,
base2-53,Goldeen,W,b,y,,,,,,TRUE,,,,
base2-54,Jigglypuff,C,b,y,,a,SL,"Same Attack Choice logic as Wigglytuff, minus the scale of Wigglytuff's damage",,TRUE,,,,
base2-55,Mankey,F,b,y,,n,,"To use its pokemon power liberally so the bot can find out which prizes it wants to take or what's in the deck. Even if this doesn't actually give the bot a benefit, it looks like it's doing something",,TRUE,,,,
base2-56,Meowth,C,b,y,,e,BG,"To go first/early and use Pay Day to draw cards. Less valuable than Kangaskhan for the same function, even with its evolution factored in. ",,TRUE,,,,
base2-57,Nidoran ♀,G,b,y,,f,,"Same Call for Family logic as others with the same move, like Bellsprout. Should still power it up to ready it for evolution rather than actually wanting to use that attack",,TRUE,,,,
base2-58,Oddish,G,b,y,,a,SL,Sprout logic is the same as Call for Family in Bellsprout.,,TRUE,,,,
base2-59,Paras,G,b,y,,,,"To use Scratch instead of Spore in most cases following the same logic as others. If the bot does not do this for Paras specifically, it's probably fine. The others are more worth tuning than this one",,TRUE,,,,
base2-6,Mr. Mime,P,b,n,1,a,WP,"To be thrown in mid-game against anything that doesn't have an attack that deals 20 dmg or below, or confers a status condition other than paralysis, due to its pokemon power blocking damage above 20 and persistent status conditions nullifying that power. Its attack Damage Scales by the amount of damage the opponent has taken, so it can be a very effective finisher. It's a tank against strong things and flimsy against weak things.",,TRUE,,,,
base2-60,Pikachu B2,E,b,y,,a,BD,Opponent bench pokemon to deal sneaky damage to. Targets vulnerable ones.,,TRUE,,,,
base2-61,Rhyhorn,F,b,y,,a,WP,"Leer is the primary as it turns Rhyhorn into a very good staller. Horn Attack should only be powered up if it's planning to evolve, but takes over the primary position once powered. 3 energy on Rhyhorn usually translates into an evolution though, so this doesn't happen much.",,TRUE,,,,
base2-62,Spearow,C,b,y,,,,"Peck is primary. 3 energies is a lot to want to attach to a pokemon as weak as Spearow just for a chance at Mirror Move, and Spearow's HP is so low that a copied attack that it previously survived would probably not do much damage. It shouldn't even try to power this up unless readying itself for evolution",,TRUE,,,,
base2-63,Venonat,G,b,y,,a,SL,"Stun Spore is primary, due to its HP being too low to benifit much from Leech Life's healing. ",,TRUE,,,,
base2-64,Poke Ball,T,c,,s,,,To be used right away,,TRUE,,,,
base2-7,Nidoqueen,G,2,,2,,,"Mega Punch is the primary since having enough Nidokings on the bench for Boyfriends to be effective is unrealistic, even for a human player actively attempting to do it. The bot should only use this if energies don't allow for Mega Punch, and I think the bot will probably get this right already",,TRUE,,,,
base2-8,Pidgeot,C,2,,3,,PC,"Hurricane is the most disruptive attack in the game so far and should be preferred in all cases. Pidgeot loves to fight because of its harrassement potential, and it has high value in the active spot and low value on the bench",,TRUE,,,,
base2-9,Pinsir,G,b,n,1,,SL,"To usually only power up Irongrip. Guillotine does good damage but is expensive, and its energies are usually better applied elsewhere. If nothing else needs it, then Pinsir becomes happy to have Guillotine powered up, after which it becomes the primary attack",,TRUE,,,,
base3-1,Aerodactyl,F,1,n,3,,HT,To evolve before most opponent pokemon due to its evolution blocking other evolutions for both players. Prefers a deck with a lot of no-evolve pokemon to maximize the advantage. Hates fighting unless a duplicate exists because keeping its pokemon power active is too valuable to risk losing.,,TRUE,,,,
base3-10,Lapras,W,b,n,1,a,SL,"To Over-Attach energy for Water Gun, which is used as the primary attack. As long as it doesn't cost an extra turn in terms of killing the opponent, Lapras will try to confuse with Confuse Ray as well. Performs the function of a tank but fully invests in its attacks, unlike most other tanks, which is why it's not labeled as one. A high value single-stage pokemon for the autobuilder",,TRUE,,,,
base3-11,Magneton B3,E,1,n,2,,"HD, BD","Kamikaze Timing pattern in the same shape as others with self-destruct. Like those, potential bench self-kills and opponent kills should be factored into the weight.",,TRUE,,,,
base3-12,Moltres,R,b,n,0.5,h,,"To only use Dive Bomb since Wildfire asks for an Energy Funnel just to discard the opponent's next card(s) in the deck, and is nowhere near a good tradeoff unless the opponent's deck is close to empty (then it suddenly gains a lot of value). This will be excedingly rare though and might be a waste of time to tune. Its main attack is expensive and is a 50/50 chance of landing, making this card nearly useless. If the autobuilder wants a Moltres, it should take a different variant.",,TRUE,,,,
base3-13,Muk,G,1,n,2,,SL,"Very valuable against decks with passive pokemon powers, which is common in the Team Rocket set but doesn't get much play elsewhere. Most useful to nullify Aerodactyl, Mr. Mime, or Charizard's ability to attach DCE, which are not in every deck of their energy type. Muk's main attack is decent though, so the autobuilder shouldn't ignore.",,TRUE,,,,
base3-14,Raichu B3,E,1,n,2,,BD,"To come in against an opponent with 3 or more bench pokemon in order to take full advantage of its attack. As multiple bench pokemon can be damaged, it's best practice to choose already-damaged ones, ones with low HP that you can kill across multiple turns, and stronger ones that you might want to pre-weaken a little.",,TRUE,,,,
base3-15,Zapdos B3,E,b,n,2,h,BD,"To use Thunderstorm and weight potential bench damage over potential self-damage, unless close to death itself. Self-kills allow the opponent first strike against your replacement pokemon, so it'll affect your next fighter negatively as well. Depending on potential benefits of the attack, it's sometimes best to pass rather than take a self-kill. ",,FALSE,,,,
base3-16,Aerodactyl NH,F,1,n,3,,HT,Same as holo variant,,TRUE,,,,
base3-17,Articuno NH,W,b,n,2,h,"SL, BD",Same as holo variant,,TRUE,,,,
base3-18,Ditto NH,C,b,n,0.5,,,Same as holo variant,,TRUE,,,,
base3-19,Dragonite NH,C,2,,3,,"HD, PC",Same as holo variant,,TRUE,,,,
base3-2,Articuno,W,b,n,2,h,"SL, BD","Follows the Dewgong pattern for Attack Choice. Potential self-damage to the bench should be factored in to using Blizzard as well. It has a 50/50 shot to damage each bench so the bot might price it the same, but potential deaths on either bench should be factored in too. Costing yourself a prize if you have something with only 10 HP left might not always be worth it.",,TRUE,,,,
base3-20,Gengar NH,P,2,,3,,BD,Same as holo variant,,TRUE,,,,
base3-21,Haunter B3 NH,P,1,y,1.5,,"WP, SL",Same as holo variant,,TRUE,,,,
base3-22,Hitmonlee NH,F,b,n,1,f,"BD, HD",Same as holo variant,,TRUE,,,,
base3-23,Hypno NH,P,1,n,2,,BD,Same as holo variant,,TRUE,,,,
base3-24,Kabutops NH,F,2,,2,,AP,Same as holo variant,,TRUE,,,,
base3-25,Lapras NH,W,b,n,1,a,SL,Same as holo variant,,TRUE,,,,
base3-26,Magneton B3 NH,E,1,n,2,,HD,Same as holo variant,,TRUE,,,,
base3-27,Moltres NH,R,b,n,0.5,h,,Same as holo variant,,TRUE,,,,
base3-28,Muk NH,G,1,n,2,,SL,Same as holo variant,,TRUE,,,,
base3-29,Raichu B3 NH,E,1,n,2,,BD,Same as holo variant,,TRUE,,,,
base3-3,Ditto,C,b,n,0.5,,,To copy a pesky opponent or one with a high damage/low energy cost ratio. Autobuilder should probably block this,,TRUE,,,,
base3-30,Zapdos B3 NH,E,b,n,2,h,BD,Same as holo variant,,FALSE,,,,
base3-31,Arbok,G,1,n,1.5,,"SL, PC","Poison Fang is the primary. Terror Strike's logic follows the same shape as Ninetales' Lure, except with a small amount of damage dealt first. That damage still does not weight it above Poison Fang, but also makes Arbok more willing to enter in situations that force its use than Ninetales is to enter when only Lure is available",,TRUE,,,,
base3-32,Cloyster,W,1,n,2,,SL,Spike Cannon is primary. Already confirmed that the bot handles correctly as it even corrected my original logic here,,TRUE,,,,
base3-33,Gastly B3,P,b,y,,e,"SL, BG","To always use Lick in every situation, except the extremely rare scenario of not having enough energies in hand for building the bench/evolving Gastly while those energies do exist in the discard pile. We probably don't need to teach the bot Energy Conversion due to the rarity of its use cases. Gastly should still accept the second energy though because it's needed for evolution. If not hoping to evolve, no second energy.",,TRUE,,,,
base3-34,Golbat,G,1,n,1,,AP,"Wing Attack should be primary even if Golbat has damage that can be removed with Leech Life, so 30 offensive damage should outweigh 20 offensive damage + 20 healing. Leech Life becomes preferred if its healing will allow Golbat to survive until its next turn, when it would otherwise die. The damage potential of the next turn should be factored into the decision, as 20 offensive damage + 30 on the next turn is preferable to just doing 30 this turn and dying.",,TRUE,,,,
base3-35,Golduck,W,1,n,1.5,,ED,"A deck that is a combo Water/Psychic type, but is perfectly viable in just water. Should be avoided in just Psychic. Hyper Beam is an Energy Denial move, and those should always be weighted highly due to turning every turn into an Energy Funnel for the opponent. Works even better if the opponent's move is already an energy funnel. If it is not in a deck with P type energy, its other move isn't usable and doesn't need to be tuned. If both are available it's a standard Attack Choice in the shape of several others, including Dragonair",,TRUE,,,,
base3-36,Golem,F,2,,3,,HD,"Kamikaze Timing pattern in the same shape as others with self-destruct. Like those, potential bench self-kills and opponent kills should be factored into the weight. Should never, ever retreat unless retreating prevents an outright loss due to its astronomical retreat cost (and kamikazes should very rarely be retreated anyway).",,TRUE,,,,
base3-37,Graveler,F,1,y,,,WP,"Harden only if Rock Throw is not available or if a turn is needed to stall. Not indefinite stalling like Kangaskhan or another tank, but intentional stalling like it needs another turn before it can be powered up enough to evolve.",,TRUE,,,,
base3-38,Kingler,W,1,n,,,,"Crabhammer is usually primary but Flail follows the same Damage Scaling pattern as anything with Rage, and can potentially overtake Crabhammer in terms of damage dealt. The bot should be fine as long as it doesn't retreat in this position, which based on observed behavior, it might.",,TRUE,,,,
base3-39,Magmar B3,R,b,n,1,a,"WP, SL","An opening role, as it's one of the best openers available. Smokescreen has the potential to deny an attack, and Smog has a chance to poison. Similar to Beedrill, use Smog when opponent is not poisoned, Smokescreen after it is or before Smog is ready. If opening, it's perfectly valid to give that second energy to the bench instead if something high value is already available or can be evolved realistically quickly.",,TRUE,,,,
base3-4,Dragonite,C,2,,3,,"HD, PC","To evolve on the bench and use its Pokemon Power to Step In at an opportune time. Its attack is relatively underwhelming for what it is but can be powered up quickly in a deck with available DCE. Step In, if used well, can make up for this to some degree too, but is useless if Dragonite evolves in the active spot, which it might considering how useful Dragonair's attacks are. ",,TRUE,,,,
base3-40,Omastar,W,2,,2,,,"Water Gun asks for an Over-Attach of up to two additional energies. As long as the bot can do that freely and purposefully, it should handle this card fine",,TRUE,,,,
base3-41,Sandslash,F,1,n,1,,,Fury Swipes preferred due to damage potential. Slash should only be used when a guaranteed 20 dmg is needed and rarely ever else,,TRUE,,,,
base3-42,Seadra,W,1,n,1,,WP,"Water Gun asks for an Over-Attach in the same pattern as Omastar. Normal Attack Choice decisions after that, with Agility's potential damage denial being preferred unless Water Gun's added damage can kill or cost fewer turns to get to a kill",,TRUE,,,,
base3-43,Slowbro,P,1,n,1.5,,"AP, SL","To hide on the bench and take damage away from the active pokemon, rather than fight itself. Its attack is decent but it'll often already have stolen damage on it, as its pokemon power is more valuable than its attack. The bot should use it every turn where it's viable, but avoid actually killing Slowbro with it",,TRUE,,,,
base3-44,Tentacruel,W,1,n,1.5,,SL,"Pretty useless, autobuilder should avoid. Jellyfish Sting is primary, bot probably does fine.",,TRUE,,,,
base3-45,Weezing,G,1,n,2,,SL,"Another Kamikaze Timer with Selfdestruct, same pattern as the others. Bench damage is guaranteed to both benches rather than a coin flip",,FALSE,,,,
base3-46,Ekans,G,b,y,,e,SL,"To open, as it's an excellent status-locker. Poison first with Spit Poison and then switch to Wrap, in the same pattern as Beedrill",,TRUE,,,,
base3-47,Geodude,F,b,y,,,,Coin luck for doing any damage at all. Would much rather be on the bench collecting energy to evolve.,,TRUE,,,,
base3-48,Grimer,G,b,y,,a,SL,Almost no situation where Minimize would be used due to a 50/50 attack denial chance coming from Nasty Goo.,,TRUE,,,,
base3-49,Horsea,W,b,y,,e,WP,"Both Dark Mind and its pokemon power follow Hypno's bench damage logic. Its pokemon power should look to move damage from an injured pokemon on the bench to the active one if it results in a quicker death, or away from the active (or another bench pokemon) and onto a vulnerable bench pokemon. Taking damage away from the opponent's active should account for what the new HP would be after it loses that 10 dmg, and should not be done if that results in an additional turn required to kill it. Killing an opponent's active pokemon with its pokemon power (rather than an attack) is a situation it loves and should possibly even aim for, as that gives it a free attack against the replacement. A bot on the other side of that should be able to recognize it and try to avoid it by healing or retreating, as giving the opponent first attack against a fresh pokemon should be a high weight to avoid, overriding even the unwillingness to spend a retreat cost in many cases. This is why a post-attack poison death (right before the opponent's turn) and a self-kill are rated low as well. ",,TRUE,,,,
base3-5,Gengar,P,2,,3,,BD,To sneaky knock out opponents using bench damage or its Pokemon Power,,TRUE,,,,
base3-50,Kabuto,F,1,y,,,WP,"To sit on the bench and wait for an evolution, though its pokemon power does help it survive if forced to fight. This should not be counted on though, and it hates a fighting evolution due to low HP and the energy disparity between itself and Kabutops",,TRUE,,,,
base3-51,Krabby,W,b,y,,,,Call for Family follows the same pattern as with Bellsprout,,TRUE,,,,
base3-52,Omanyte,W,1,y,,,,"To Over-Attach two additional energies, though it prefers to stay on the bench and evolve. Its pokemon power is passive but shouldn't factor into decisions.",,TRUE,,,,
base3-53,Psyduck,W,b,y,,,,"To play in a combined Water/Psychic deck if Golduck (from this set or Team Rocket) is there too. Does just fine in a water-only deck but can't use Headache if it does, which should should rarely be used anyway",,TRUE,,,,
base3-54,Shellder,W,b,y,,,"WP, SL","To Confuse with Supersonic first, deny damage with Hide in Shell second.",,TRUE,,,,
base3-55,Slowpoke,P,b,y,,,AP,"Space Out is the primary attack due to the Energy Funnel cost of Scavenge. Scavenge should be useful if a specific Trainer card is wanted from the discard pile that could benefit the player more than anything that can be done with Slowpoke at the time, as Slowpoke likely won't survive to evolve after using this.",,TRUE,,,,
base3-56,Tentacool,W,b,y,,n,PC,"To escape to the player's hand using its pokemon power when the situation looks bad for it. This can happen mid-turn so the turn-loss of a 'Teleport'-type move shouldn't be a factor. This is free so it should be done rather than letting Tentacool be killed on the next turn, unless there's a need to stall for one additional turn at the cost of sacrificing Tentacool instead",,TRUE,,,,
base3-57,Zubat,G,b,y,,e,"SL, AP","Confusing with Supersonic first is the most valuable move. Once the opponent is confused, Leech Life becomes preferred.",,TRUE,,,,
base3-58,Mr. Fuji,T,u,,"m, r",,,"The same function as Scoop Up, except it only applies to the bench and cards are shuffled back into the deck rather than the player's hand. GBC didn't give this to the CPU decks, and I don't think we should either",y,FALSE,,,,
base3-59,Energy Search,T,c,,s,,,"To exist in multiple numbers in decks with more than one energy type. Used very easily and possibly by default just because it exists in the bot's hand. The best time is when a specific variety of energy is needed at the time but lacked in its owner's hand. Its weight when an energy is not immediately needed could come from the fact that it removes an additional card from the deck, meaning desired cards have one less card to contend with for being drawn by the RNG on subsequent turns. That weight inverts as the number of cards in its user's deck gets lower. If we do this right, the bot should be forced to make difficult decisions in situations where it draws an Energy Search, desperately needs energy, but is running low on cards in its deck. A test of our success might be the bot doing a variety of different choices here based on all the other factors around it, though the situation won't be super common.",,TRUE,,,,
base3-6,Haunter B3,P,1,y,1.5,,"WP, SL","To punch above its weight while stalling for an evolution, as it's a very competent fighter that might even be overpowered for an evolving Stage 1. Its pokemon power requires a coin flip for damage to land, so the bot should factor that in to promotion decisions. Playing this guy without an evolution ready is a valid choice, though it should still choose to evolve rather than stay as a Haunter when it doesn have the option. The autobuilder should limit the number of these in deck for balance rather than because it's a bad card, but not avoid them entirely. Maybe combine with other Haunter variants instead of keeping it consistent in either direction.",,TRUE,,,,
base3-60,Gambler,T,c,,d,,,"Trigger conditions should be the same as Professor Oak, but its usefulness should be weighted lower. Hand cards get returned to the deck rather than sent to the discard pile, but this means a tails not only gives you a worse hand but also adds more noise to the deck's remaining RNG pool, though you don't have to worry about burning as many cards as you can before discarding your hand like with Oak.",,TRUE,,,,
base3-61,Recycle,T,c,,m,,,To be used liberally and resurrect valuable pokemon or a needed evolution card,,TRUE,,,,
base3-62,Mysterious Fossil,T,c,,e,,,"To sit on the bench and not be put in the active spot unless used to stall, which will normally only provide a single extra turn, but does not give the opponent a prize for killing it. Its preferred spot is the bench, where it's Over-Attached with energy needed for its eventual evolution, if planning to evolve it",,TRUE,,,,
base3-7,Hitmonlee,F,b,n,1,f,"BD, HD","To use Stretch Kick whenever High Jump Kick isn't available or when it can kill something on the bench. Otherwise, High Jump Kick is a very high value move. ",,TRUE,,,,
base3-8,Hypno,P,1,n,2,,BD,"Rarely ever uses Prophecy, as it doesn't want to enter a match when Dark Mind isn't available. Dark Mind should be used to deal steady bench damage to whatever is vulnerable, even choosing to build up damage on a bench pokemon over multiple turns. Weak things like Magikarp or something already close to death are preferred. The next priority after that is to pre-damage something strong that hasn't entered the fight yet. ",,TRUE,,,,
base3-9,Kabutops,F,2,,2,,AP,"Absorb is primary and should be built up to. As long as that happens, it's a classic Attack Choice for the bot that it will probably get correct",,TRUE,,,,
base5-1,Dark Alakazam,P,2,,3,,PC,"To hit and run with Teleport Blast. Attack the opponent and escape to the bench behind sacrificial fodder or a tank (fodder allows a quick return at the cost of giving the opponent a prize). A low/zero retreat cost pokemon that can eat the attack is also an option. Mind Shock is useful when the opponent is resistant to Psychic type or if the added 10 damage can result in a kill. If the opponent is not a threat, Dark Alakazam can hang in there and Mind Shock",,TRUE,,,,
base5-10,Dark Machamp,F,2,,2,,PC,"To jump in mid-game and surprise a strong, evolved, and powered-up opponent pokemon with Fling, sending all the cards back into the opponent's deck. It does not want to use Mega Punch and does not want to be put in a position where it will ever be forced to use Mega Punch unless the opponent is on their last pokemon",,TRUE,,,,
base5-11,Dark Magneton,E,1,n,2,,ED,"To use Magnetic Lines to sweep energy away from the opponent's active pokemon each turn and onto the most useless looking bench pokemon. Not one like Magikarp that can evolve strong and be aided in its evolution by additional energies. Preferably a non-evolving one like Electabuzz who doesn't benefit much from additional energies, pushing as many as it can onto these targets. If the opponent pokemon is already as powered up as they will need to be, additional energy attachments become free. It only needs Sonicboom when the opponent is resistant to Electric type",,TRUE,,,,
base5-12,Dark Slowbro,P,1,n,1,,AP,"To time its evolution in order to resurrect high value pokemon from the discard pile. Its attack is very under powered and using it is almost a throwaway of the card while trying to inflict a 50/50 shot at a medium amount of damage, which can be more valid than retreating.",,TRUE,,,,
base5-13,Dark Vileplume,G,2,,2,,"HT, HD","To strategically deny the opponent's use of trainer cards by simply existing, meaning its evolution involves timing since it blocks your own trainers too. Its attack has high damage potential but almost guarantees death on the next turn. Therefore its best place is on the bench, holding off trainer usage. It should only be sent in when its trainer-blocking abilities are no longer wanted, no longer needed, if a duplicate exists on the bench, if your need to try for large damage quickly becomes great enough. It prefers a deck that intentionally does not use many trainer cards in order to use this denial as a strategy.",,TRUE,,,,
base5-14,Dark Weezing,G,1,n,2,,"SL, HD","To ruin a strong opponent pokemon's day by showing up and using Stun Gas, where Poisoning is the opponent's best possible outcome. It likes to live in a deck full of Koffings and Weezings/Dark Weezings, and if enough exist on the bench at the same time, it can become a competent attacker with Mass Explosion, with a maximum of 80 dmg if all four Koffings/evolutions are in play, which is enough to one-shot almost any other ""dark"" pokemon",,TRUE,,,,
base5-15,Here Comes Team Rocket!,T,r,,p,,,,,TRUE,,,,
base5-16,Rocket's Sneak Attack,T,r,,p,,,To check the opponent's hand and get rid of the most dangerous Trainer card there,,TRUE,,,,
base5-17,Rainbow Energy,Energy,,,,,,,,TRUE,,,,
base5-18,Dark Alakazam NH,P,2,,3,,PC,"To hit and run with Teleport Blast. Attack the opponent and escape to the bench behind sacrificial fodder or a tank (fodder allows a quick return at the cost of giving the opponent a prize). A low/zero retreat cost pokemon that can eat the attack is also an option. Mind Shock is useful when the opponent is resistant to Psychic type or if the added 10 damage can result in a kill. If the opponent is not a threat, Dark Alakazam can hang in there and Mind Shock",,TRUE,,,,
base5-19,Dark Arbok NH,G,1,n,2,,"BD, SL","To deal bench damage and poison the opponent at the same time with Poison Vapor. Stare is used before Dark Arbok is powered up enough for Poison Vapor or if there is an actively disruptive Pokemon Power on the opponent's bench, like Aerodactyl's Prehistoric Power. This is a much more menacing card than the 10 damage number on its face suggests, though its HP is low",,TRUE,,,,
base5-2,Dark Arbok,G,1,n,2,,"BD, SL","To deal bench damage and poison the opponent at the same time with Poison Vapor. Stare is used before Dark Arbok is powered up enough for Poison Vapor or if there is an actively disruptive Pokemon Power on the opponent's bench, like Aerodactyl's Prehistoric Power. This is a much more menacing card than the 10 damage number on its face suggests, though its HP is low",,TRUE,,,,
base5-20,Dark Blastoise NH,W,2,,3,,"HD, WP",Hydrocannon wants Over-attach. Attack Choice between that and Rocket Tackle once powered up enough,,TRUE,,,,
base5-21,Dark Charizard NH,R,2,,3,,HD,"Wants Coin Luck for Continuous Fireball, and to Over-Attach as many energies as possible (though maybe not more than 8 or so) for additional chances at Coin Luck",,TRUE,,,,
base5-22,Dark Dragonite NH,C,2,,2,,HD,"Loves to come from the bench to summon additional pokemon when the bench is low. Other than that it depends on luck, as it's low HP and its attack is all or nothing",,TRUE,,,,
base5-23,Dark Dugtrio NH,F,1,n,2,,PC,"A Bench Engine that wants to hang out on the bench in high numbers, multiplying the number of 20 Dmg coin flips a retreating opponent pokemon must go through",,TRUE,,,,
base5-24,Dark Golbat NH,G,1,n,1.5,,BD,"Attacks vulnerable bench pokemon through its pokemon power and Flitter. Flitter can also hit the opponent's active pokemon if beneficial. Low HP so best use-cases might be quick cheap kills. It's hard to keep a vulnerable pokemon safe from this one, but it's hard to keep Dark Golbat safe after it strikes.",,TRUE,,,,
base5-25,Dark Gyarados NH,W,1,n,2,,"SL, HD","Uses Ice Beam to try to hold the opponent in place. Its Pokemon Power means that a fully powered-up Dark Gyarados has a 50/50 chance upon death to deal 60 dmg to its attacker. It also has the potential to Over-Attach energies to deal even more potential damage upon death, with the aim of being just enough to take its attacker with it. However, the 50/50 chance should make this a secondary investment, with the primary investment still being readying the bench",,TRUE,,,,
base5-26,Dark Hypno NH,P,1,n,2,,HD,"To come in after the opponent has a full or mostly full bench and deal high potential damage with Bench Manipulation, preferably as a surprise against a strong opponent pokemon. It does not want to use Psypunch, unless no pokemon exist on the bench or it evolved from Drowzee while in the active spot and does not have the required energy for its main attack yet. ",,TRUE,,,,
base5-27,Dark Machamp NH,F,2,,2,,PC,"To jump in mid-game and surprise a strong, evolved, and powered-up opponent pokemon with Fling, sending all the cards back into the opponent's deck. It does not want to use Mega Punch and does not want to be put in a position where it will ever be forced to use Mega Punch unless the opponent is on their last pokemon",,TRUE,,,,
base5-28,Dark Magneton NH,E,1,n,2,,ED,"To use Magnetic Lines to sweep energy away from the opponent's active pokemon each turn and onto the most useless looking bench pokemon. Not one like Magikarp that can evolve strong and be aided in its evolution by additional energies. Preferably a non-evolving one like Electabuzz who doesn't benefit much from additional energies, pushing as many as it can onto these targets. If the opponent pokemon is already as powered up as they will need to be, additional energy attachments become free. It only needs Sonicboom when the opponent is resistant to Electric type",,TRUE,,,,
base5-29,Dark Slowbro NH,P,1,n,1,,AP,"To time its evolution in order to resurrect high value pokemon from the discard pile. Its attack is very under powered and using it is almost a throwaway of the card while trying to inflict a 50/50 shot at a medium amount of damage, which can be more valid than retreating.",,TRUE,,,,
base5-3,Dark Blastoise,W,2,,3,,"HD, WP",Hydrocannon wants Over-attach. Attack Choice between that and Rocket Tackle once powered up enough,,TRUE,,,,
base5-30,Dark Vileplume NH,G,2,,2,,"HT, HD","To strategically deny the opponent's use of trainer cards by simply existing, meaning its evolution involves timing since it blocks your own trainers too. Its attack has high damage potential but almost guarantees death on the next turn. Therefore its best place is on the bench, holding off trainer usage. It should only be sent in when its trainer-blocking abilities are no longer wanted, no longer needed, if a duplicate exists on the bench, if your need to try for large damage quickly becomes great enough. It prefers a deck that intentionally does not use many trainer cards in order to use this denial as a strategy.",,TRUE,,,,
base5-31,Dark Weezing NH,G,1,n,2,,"SL, HD","To ruin a strong opponent pokemon's day by showing up and using Stun Gas, where Poisoning is the opponent's best possible outcome. It likes to live in a deck full of Koffings and Weezings/Dark Weezings, and if enough exist on the bench at the same time, it can become a competent attacker with Mass Explosion, with a maximum of 80 dmg if all four Koffings/evolutions are in play, which is enough to one-shot almost any other ""dark"" pokemon",,TRUE,,,,
base5-32,Dark Charmeleon,R,1,y,0.5,,HD,"To evolve rather than attack, but is capable of having a 50/50 chance at dealing a high amount of surprise damage. It is extremely vulnerable after attacking so it should avoid having to. If it's ever in a position where it has to use Tail Slap, it's either extremely safe, the opponent has 20 HP or less remaining (as it's guaranteed damage for a finisher rather than a coin flip), or if something went very very wrong. Fireball specifies that it can ONLY be used if there's at least one R energy attached, but the attack costs RRR. Therefore, I think this implies that it excludes Rainbow in terms of requiring at least one actual R energy to be used, and that the real R energy would have to be the one discarded on a successful attack.",,TRUE,,,,
base5-33,Dark Dragonair,C,1,y,1,,BG,"To evolve whenever it wants by using its Pokemon Power to summon a Dark Dragonite from the deck, or even aid other bench pokemon by summoning their evolutions. It can even be thrown into the active spot, summon its own evolution, and evolve in the same turn, so it's smart to pre-load enough energy for what Dark Dragonite might need. It should very rarely stay unevolved in the active spot long enough to use its own attack. This would mean it's in action before it's ready.",,TRUE,,,,
base5-34,Dark Electrode,E,1,n,1,,BG,"To stall for a small amount of time against a weaker opponent or deal some quick damage before loading up the bench. Energy Bomb's usage will transfer both/all of its energies to bench pokemon however its user would like, but means Dark Electrode will have to wait two turns to use it again, during which time it'll likely be killed. Rolling Tackle should only be used if it isn't ready to use Energy Bomb or it's not an opportune time with survival until the opportune time seeming likely.",,TRUE,,,,
base5-35,Dark Flareon,R,1,n,1.5,,,"Uses Playing with Fire as the main attack, which requires a single R energy discard each use, which requires the player to invest their only energy attachment each turn to keep it going. Once it takes enough damage, Rage can become a viable alternative. Card wording contains the same R energy caveat as Dark Charmeleon",,TRUE,,,,
base5-36,Dark Gloom,G,1,y,,,SL,"Pollen Stench is a gamble in terms of Confusing the opponent vs itself. Therefore it wants to be used after the opponent has already been poisoned by Poisonpowder, or if it seems like Poison Powder will not be able to be used.",,TRUE,,,,
base5-37,Dark Golduck,W,1,n,1.5,,HD,"Super Psy is a high damage attack and it wants to be used. Third Eye is much cheaper but requires an energy discard, meaning it should only be used when the player doesn't want to power up to Super Psy. If it was about to be killed on the opponent's next turn and cannot afford Super Psy, that would be a good time.",,TRUE,,,,
base5-38,Dark Jolteon,E,1,n,2,,"SL, WP","Is not afraid to enter right after evolving or unpowered, or even from a quick evolution from an Eevee opener. Lighting Flash is an excellent stalling attack while it builds up energy for Thunder Attack, which should become the primary attack after. Thunder Attack has a 50/50 chance at 10 self-damage, so Lightning Flash becomes cheaper again if it can get a clean kill or 10 self-damage might kill Dark Jolteon and Kamazake is decided against.",,TRUE,,,,
base5-39,Dark Kadabra,P,1,y,0.5,,BG,"Its Pokemon Power wants to be used liberally, but only if there are duplicate cards in the hand that can be cheaply dumped. Dumping energy cards from the hand can be cheap or expensive depending on how many others are currently required for bench evolutions and exist in the hand.",,TRUE,,,,
base5-4,Dark Charizard,R,2,,3,,HD,"Wants Coin Luck for Continuous Fireball, and to Over-Attach as many energies as possible (though maybe not more than 8 or so) for additional chances at Coin Luck",,TRUE,,,,
base5-40,Dark Machoke,F,1,y,0.5,,"BD, PC","To leave a copy strategically unevolved on the bench, as long as the evolved version is also available. If one is available on the bench and powered up, it has the potential to jump in at any time and auto-kill any pokemon on the opponent's bench with 20 HP or less remaining by draggin them into the active spot. It can also do the reverse where it damages the active opponent and throws that pokemon back to the bench, so these should be chosen based on the situaiton. Due to their energy cost, powering up before an evolution exists in the hand is viable in case it needs to enter and land a cheap shot",,TRUE,,,,
base5-41,Dark Muk,G,1,n,1.5,,"PC, SL","Prevents the opponent from leaving when it's in the active spot. There aren't many situaitons where this is beneficial but it can be sometimes. If it's obvious the opponent will want to retreat rather than let a pokemon be killed, it's a good idea to move Dark Muk to the active spot to stop it if it's something high value. It should be prioritized as a poisoner over that.",,TRUE,,,,
base5-42,Dark Persian,C,1,n,0.5,,"SL, PC","To be a better card because it's pretty useless for a Stage 1, and the autobuilder should probably avoid it. Only uses Fascinate when there is not enough energy for Poison Claws and the options on the bench would be the same or preferable.",,TRUE,,,,
base5-43,Dark Primeape,F,1,n,1,,HD,"Coin Luck and a Setup Turn, so it can deal decent damage, confuse itself, and then flip heads to deal high damage on the next turn. If it flips tails, it (likely) kills itself and gives the opponent first attack against the replacement pokemon. And that's if its 60 HP even survives the setup turn.",,TRUE,,,,
base5-44,Dark Rapidash,R,1,n,1.5,,BD,"To use Flame Pillar only if it finds doing 10 dmg to the bench worth having to use your only energy attachment to recharge its R energy on your next turn. Right before it's about to die is a good time, as well as right before an opp. bench pokemon is about to die. There is almost no situation where Rear Kick should be used.",,TRUE,,,,
base5-45,Dark Vaporeon,W,1,n,1.5,,ED,"To use Whirlpool as a primary attack to force the opponent to discard energies, which is a very effective form of harrassment. Bite should be used when it can kill but Whirlpool can't. ",,TRUE,,,,
base5-46,Dark Wartortle,W,1,n,0.5,,HD,To use Mirror Shell any turn it thinks it's about to die. Doesn't like to fight unless used as a trap,,TRUE,,,,
base5-47,Magikarp R,W,b,y,,n,BG,"To power up for evolution before the evolution card is in hand. It wants to evolve on the bench but if an evolution card never shows up, it can switch to the active spot and summon its own evolution card from the deck using Rapid Evolution. This costs its attack for the turn though, so the cost is a free hit from the opponent on the evolved pokemon.",,TRUE,,,,
base5-48,Porygon R,C,b,n,,n,,"To assist the next turn by changing the opponent pokemon's type to be weak to your deck or the next pokemon you want to bring in. Porygon will likely die on the next turn so it comes at the price of a prize. If Porygon isn't killed, it has a free retreat cost, and should do so immediately to switch with the planned attacker, before becoming available to be used again. Things are going either very poorly or very well if Psybeam gets charged up, let alone used. Autobuilder should avoid",,TRUE,,,,
base5-49,Abra R,P,b,y,,e,SL,Psyshock to be its primary attack. Vanish is almost never used unless about to die and prizes are short,,TRUE,,,,
base5-5,Dark Dragonite,C,2,,2,,HD,"Loves to come from the bench to summon additional pokemon when the bench is low. Other than that it depends on luck, as it's low HP and its attack is all or nothing",,TRUE,,,,
base5-50,Charmander R,R,b,y,,e,BG,"To use its Pokemon Power to attach an extra energy needed before evolving. It can open a game, attach an energy Turn 1 and use Fire Tail, and then its next turn attach a second energy, use Gather Fire to attach a third, and then evolve and use Charmeleon's three-energy attacks right away",,TRUE,,,,
base5-51,Dark Raticate,C,1,n,1.5,,,"To use Hyper Fang even though it's 50/50 to land, Gnaw is weaker than Hyper Fang landing half the time. Gnaw becomes useful when a guaranteed 20 damage is needed for a kill",,TRUE,,,,
base5-52,Diglett R,F,b,y,,a,BD,"To open a game by wreaking havok on the bench while it itself hopes to evolve. Both attacks are good ones for a basic vs basic matchup, and Scratch is also worth investing in. Even when Scratch is powered up, Dig Under should be considered when a bench strike can earn a kill in the next couple turns.",,TRUE,,,,
base5-53,Dratini R,C,b,y,,,SL,To not start a match unless theres a DCE ready to attach. Would prefer to evolve on the bench,,TRUE,,,,
base5-54,Drowzee R,P,b,y,,f,SL,"Its Pokemon Power is a gamble so it doesn't want to be used as a default. If the player won't be able to attack this turn anyway, that might be a very good time to take the chance. Worth keeping on the bench for that reason. Nightmare along with its 50 HP doesn't make it a bad opener either, but sitting on the bench is where it's most valuable. The card text does not state a limit, so a valid strategy would be to have multiple of these on the bench for multiple chances and putting an opponent to sleep on a turn where you already couldn't attack",,TRUE,,,,
base5-55,Eevee R,C,b,y,,,WP,"Only wants to open if an evolution and realistic energy path is in hand. If fighting, which it would prefer to avoid, Tackle is only used if Sand-attack is unaffordable.",,TRUE,,,,
base5-56,Ekans R,G,b,y,,,SL,Poison Sting is the primary attack but it Poisons on a coin flip. This card would prefer to evolve on the bench but would stand a chance if dragged out against another basic,,TRUE,,,,
base5-57,Grimer R,G,b,y,,a,SL,"To open a match as often as it can. Any chance it gets to use Sticky Hands is a good one, even in a sacrific/stalling situation, and Poison Gas is an excellent move to build up to it (though isn't used anymore after Sticky Hands is available)",,TRUE,,,,
base5-58,Koffing R,G,b,y,,e,SL,To fight only if it can survive to evolve. Would prefer the bench. Poison Gas is the primary attack and Tackle is never needed after Poison Gas is affordable,,TRUE,,,,
base5-59,Machop R,F,b,y,,,,"Only wants to open if a DCE is in hand. Otherwise its attacks take to long to build it and it's better off sitting on the bench to evolve. If you already have a deck that uses DCE and the Machamp line, this card will be an asset above all other Machop cards. Otherwise it's worse than the base1 Machop.",,TRUE,,,,
base5-6,Dark Dugtrio,F,1,n,2,,PC,"A Bench Engine that wants to hang out on the bench in high numbers, multiplying the number of 20 Dmg coin flips a retreating opponent pokemon must go through",,TRUE,,,,
base5-60,Magnemite R,E,b,y,,,,To open only if a DCE is already in-deck and in-hand. Otherwise the bench is where it belongs. There are very few occasions where Magnetism would be useful and I suspect our bot would get it right without extra planning,,TRUE,,,,
base5-61,Mankey R,F,b,y,,,,"Doesn't want to fight. Might not survive long enough to use Anger if opening, might not survive to its next turn if brought in to use Anger later. Would prefer the bench. Mischief is only used if Anger can't be.",,TRUE,,,,
base5-62,Meowth R,C,b,y,,,BD,Prefers not to open without a DCE in hand,,TRUE,,,,
base5-63,Oddish R,G,b,y,,a,SL,"Loves to open. Uses Sleep Powder when it wants to cost the opponent a turn, and uses Poisonpowder when it wants to do damage. Since Sleep Powder is 50/50 and both attacks have the same energy cost, it's probably better to Poison first and then attempt to put the poisoned pokemon to sleep.",,TRUE,,,,
base5-64,Ponyta R,R,b,y,,n,,"Hates to fight because its attack requires an Energy Funnel, and energy feeding a basic pokemon that you'd rather power up to evolve is a very bad thing. Only worth doing if no other option is available.",,TRUE,,,,
base5-65,Psyduck R,W,b,y,,,,"To play in a Water/Psychic combo deck, though it would do just fine in Water only (but not Psychic only). Doesn't mind opening, especially in a deck with Psychic energy. Water Gun is an Over-Attach move, though it might be best to not stack energy beyond what Golduck/Dark Golduck will need, unless doing so scores a kill.",,TRUE,,,,
base5-66,Rattata R,C,b,y,,e,,"Likes to open if its evolution is in hand. There's no way to know if its Pokemon Power is benefiting its user or hurting it, so it can be used liberally by the AI as long as it's not just swapping out the same card over and over.",,TRUE,,,,
base5-67,Slowpoke R,P,b,y,,e,BG,"Loves to open if its evolution is in hand. Headbutt should be used if not planning to evolve, Afternoon Nap should be used if evolution is in hand and survivability until then is realistic, as it's a Setup Turn to steal an extra energy",,TRUE,,,,
base5-68,Squirtle R,W,b,y,,,,Probably shouldn't open but isn't the worst option. Wants the bench,,TRUE,,,,
base5-69,Voltorb R,E,b,y,,e,,Decent evo opener. Prefers the bench if not planning to evolve,,TRUE,,,,
base5-7,Dark Golbat,G,1,n,1.5,,BD,"Attacks vulnerable bench pokemon through its pokemon power and Flitter. Flitter can also hit the opponent's active pokemon if beneficial. Low HP so best use-cases might be quick cheap kills. It's hard to keep a vulnerable pokemon safe from this one, but it's hard to keep Dark Golbat safe after it strikes.",,TRUE,,,,
base5-70,Zubat R,G,b,y,,e,,Might not survive to use Bite if coming in cold. Prefers the bench if evolution isn't realistic,,TRUE,,,,
base5-71,Here Comes Team Rocket! NH,T,r,,p,,,"The bot can play this liberally. The only benefit is revealing prizes for both players, which the bot can then use to be strategic in what it takes.",,TRUE,,,,
base5-72,Rocket's Sneak Attack NH,T,r,,p,,,To check the opponent's hand and get rid of the most dangerous Trainer card there,,TRUE,,,,
base5-73,The Boss's Way,T,u,,s,,,"To be used right away to find a desired evolution card. The autobuilder should only put this in decks with multiple cards with ""Dark"" in its name.",,FALSE,,,,
base5-74,Challenge!,T,u,,s,,,Probably doesn't need additional logic if the bot treats it like Bill. The exception might be holding off if the bench is already full and it doesn't feel like it's desperate for any cards.,,TRUE,,,,
base5-75,Digger,T,u,,p,,,To be used when doing 10 dmg to the opponent would mean more than 10 points of self-damage. To be avoided when the bot's own bench has pokemon with only 10 HP remaining,,TRUE,,,,
base5-76,Imposter Oak's Revenge,T,u,,p,,,"To be played any time the bot has a hand card it doesn't mind throwing away (duplicate, energy card when energy is in abundance, etc)",,TRUE,,,,
base5-77,Nightly Garbage Run,T,u,,m,,,"Should prefer a balance beetween basic, evo, and energy cards as the default. Card families should be prefered when available, like a Staryu -> Starmie, energy should be preferred if a lot of energy has been burned through and the AI is running short",,TRUE,,,,
base5-78,Goop Gas Attack,T,c,,p,,,Should be played when its opponent has a passive Pokemon Power currently in use that directly hampers what the AI would like to do. Aerodactyl and Mr. Mime are prime targets,,TRUE,,,,
base5-79,Sleep!,T,c,,p,,,"Should not be played against a pokemon that's going to die in the same turn or is already asleep. Other than that, it's a very good thing to play whenever it's received",,TRUE,,,,
base5-8,Dark Gyarados,W,1,n,2,,"SL, HD","Uses Ice Beam to try to hold the opponent in place. Its Pokemon Power means that a fully powered-up Dark Gyarados has a 50/50 chance upon death to deal 60 dmg to its attacker. It also has the potential to Over-Attach energies to deal even more potential damage upon death, with the aim of being just enough to take its attacker with it. However, the 50/50 chance should make this a secondary investment, with the primary investment still being readying the bench. If expected to die in the next turn, an additional Over-Attach might actually be desired as long as it's not denying that energy from something on the bench that needs it more.",,TRUE,,,,
base5-80,Rainbow Energy NH,Energy,,,,,,,,TRUE,,,,
base5-81,Full Heal Energy,Energy,,,,,,,,TRUE,,,,
base5-82,Potion Energy,Energy,,,,,,,,TRUE,,,,
base5-83,Dark Raichu,E,1,n,1.5,,BD,"Coin Luck in terms of dealing high bench damage before it's killed itself. Would prefer several turns to attack the bench without being killed itself, so it likes facing weaker pokemon or tanks.",,TRUE,,,,
base5-9,Dark Hypno,P,1,n,2,,HD,"To come in after the opponent has a full or mostly full bench and deal high potential damage with Bench Manipulation, preferably as a surprise against a strong opponent pokemon. It does not want to use Psypunch, unless no pokemon exist on the bench or it evolved from Drowzee while in the active spot and does not have the required energy for its main attack yet. ",,TRUE,,,,
basep-1,Pikachu GP,E,b,y,,a,"SL, WP",To use Thundershock as its main attack and rarely ever use Growl. Similar pattern to other basics,,TRUE,base1,,,
basep-10,Meowth CH,C,b,y,,a,BD,"To open and use Cat Punch, which has a 50/50 chance to force the opponent to choose which pokemon to damage on the bench. Our bot should probably weight that slightly below getting to pick its own pokemon to damage",,FALSE,Fossil,,,
basep-11,Eevee CH,C,b,y,0.5,e,BG,"To be ready to evolve even when no evolution cards exist in the hand. Its pokemon power allows it to summon its own evolution whenever an allied pokemon evolves, so timing that can be important. ",,FALSE,Fossil,,,
basep-12,Mewtwo GP,P,b,n,1,f,"BD, ED","To disrupt with Energy Control before it's ready to use Telekinesis to hurt the bench. Telekinesis can also hit the active pokemon if desired, so all in play should be considered potential targets that the bot weighs. Energy Control should only be used when Telekinesis can't, and should not be intentionally used as a stalling move. If it is used and successful, energy choices should follow the pattern of Dark Magneton's Electric Lines.",,FALSE,Jungle,,,
basep-13,Venusaur CH,G,2,,3,,AP,"To sit on the bench against status-pressure opponents and heal every status infliction right after it's inflicted. It doesn't like to fight itself, as its attack is weak for its stage and requires a lot of energy, and losing it loses your free status healing (and it can't heal its own status conditions either). Shouldn't even be powered up if other options exist. Prime target for an opponent's Gust of Wind.",,FALSE,Challenge 1,,,
basep-14,Mewtwo GP 2,P,b,y,1,f,HD,Identical to basep-3,,FALSE,Fossil,,,
basep-15,Cool Porygon,C,b,n,,n,WP,"To use Texture Magic to become resistant to its opponent, and then use 3-D Attack. If the opponent switches out and is replaced by a new type, first priority becomes changing its resistance again.",,FALSE,Challenge 1,,,
basep-16,Computer Error,T,r,,d,,,"To be used only when desperate, as the card drawing also benefits your opponent AND it makes you miss a turn",y,FALSE,Team Rocket,,,
basep-17,Dark Persian CH,C,1,n,,,,"To only use Poison Claws. Tempt is only useful in the same pattern as Ninetales' Lure, except it relies on a coin flip and should be treated with even less value because of that",,FALSE,Team Rocket,,,
basep-18,Team Rocket's Meowth,C,b,y,,f,HD,To enter play when a lot of pokemon occupy both benches against a strong opponent and attempt a Kamikaze as its main strategy.,,FALSE,Gym Challenge,,,
basep-19,Sabrina's Abra GP,P,b,y,,e,HD,"To match the opponent's energy amount and use Synchronize, and to otherwise use Pound. The bot should be willing to even Over-Attach a third energy if the opponent pokemon has three energies and could be killed by a 40 dmg move (but not a 10 dmg one)",,FALSE,Gym Heroes,,,
basep-2,Electabuzz MS,E,b,n,,a,,"Quick Attack is primary, Light Screen only if it can't be afforded or won't land damage (like if the opponent protects itself first)",,FALSE,base1,,,
basep-20,Psyduck GP,W,b,y,,e,,Identical to base3-53,,FALSE,Team Rocket,,,
basep-21,Moltres GP,R,b,n,0.5,h,HD,"To deal quick damage and be sacrificed, as it's a liability as a sustained attacker.",,FALSE,Challenge 2,,,
basep-22,Articuno GP,W,b,n,2,h,"BD, SL",Straightforward for the bot,,FALSE,Challenge 2,,,
basep-23,Zapdos GP,E,b,n,2,h,BD,"Straightforward with bench damage mechanics, nothing fancy",,FALSE,Challenge 2,,,
basep-24,Trevor's Pikachu,E,b,n,,a,,To deal bonus damage every July 31. Probably shouldn't be played any other day as it can't evolve,,FALSE,Gym Heroes,,,
basep-25,Flying Pikachu,E,b,n,0.5,a,"SL, DP",The bot should try to use Fly most often but will probably be fine on its own,,FALSE,Challenge 1,,,
basep-26,Pikachu GP 2,E,b,y,,e,HD,See basep-54 for Thunderbolt logic,,TRUE,Fossil,,,
basep-27,Pikachu GP 3,E,b,y,,,"SL, DP","Attack Choice, should prefer Agility due to higher damage. Both moves have a 50/50 chance at damage denial",,FALSE,Gym Challenge,,,
basep-28,Surfing Pikachu,E,b,n,,,,To play in a Water type deck instead of Lightning type,,FALSE,Challenge 1,,,
basep-3,Mewtwo MS,P,b,n,1,f,HD,"To come in mid-game with energy in the discard pile without even being powered up. As long as two energy exist in discard, it can attach a single energy and use a Setup Turn (Energy Absorbtion attack) to power up the rest of the way, essentially skipping a turn of powerup at the cost of giving the opponent a free attack during the Setup Turn. Having it enter fully powered is a good strategy too. Does not want to fight if there is insufficient energy in the discard pile and doesn't have enough energy for Psyburn on its own.",,FALSE,base1,,,
basep-4,Pikachu MS,E,b,y,0.5,a,HD,"Thunderbolt deals high damage but costs 3 energy and demands that all be discarded each time. However, Recharge adds an extra energy from the deck, making it a Setup Turn move that recharges Thunderbolt in 2 turns rather than the natural 3. The bot might do fine with this ",,FALSE,Jungle,,,
basep-5,Dragonite MS,C,2,,1.5,,BG,"To sit on the bench and use its Pokemon Power when needed, as its attack makes it a low-value card. The pokemon power should be used every turn, as it allows for the card just drawn from the deck to be the one returned if it's not desirable. The bot should do this each turn and then select from what's in its hand with the drawn card added when choosing what to send back to the deck, prioritizing both strength and current need.",,FALSE,Jungle,,,
basep-6,Arcanine GP,R,1,n,1.5,,HD,"Flames of Rage is a Damage Scaling move that should be treated like a Kamikaze Timer. It requires a double Energy Funnel to maintain, so it should not plan to be maintained. Quick Attack is preferred unless near death, then Flames of Rage becomes valuable. This card should be expected to be lost on the following turn.",,FALSE,Jungle,,,
basep-7,Jigglypuff GP,C,b,n,,,,"To evolve before fighting. If fighting, it only wants to use Double-Edge if there aren't better targets on the bench for those energy cards. If it's already powered up, Double-Edge is the primary attack unles resulting in self-kill",,FALSE,Fossil,,,
basep-8,Mew GP,P,b,n,0.5,f,,"To use Devolution Beam only when the HP reduction from the de-evolved opponent would result in its death. Otherwise, the opponent can just re-evolve it again. Otherwise, Psywave scales in damage based on opponent energy count, and can be a hard hitting attack in certain situations. The bot should calculate that when deciding who to promote.",,FALSE,base1,,,
basep-9,Mew GP CH,P,b,n,0.5,f,,Identical to basep-8,,FALSE,Jungle,,,
,,,,,,,,,,FALSE,,,,
gym1-7,Lt. Surge's Fearow,C,1,n,2,,PC,Nothing special. Classic Attack Choice that our bot can resolve. Clutch prevents retreat but I don't think that needs to be priced.,,FALSE,,,,
gym1-64,Blaine's Tauros,C,b,n,1,f,,Full Speed Charge is primary but risks variable recoil damage. Reluctance to use it should probably scale with how many negative coin flips it would need to self-kill,,FALSE,,,,
gym1-3,Erika's Clefable,C,1,n,1,,AP,"To attempt to use Fairy Power to return a damaged bench card to its player's hand, being willing to sacrifice itself across multiple turns to do so if the Coin Luck doesn't cooperate right away. The bot probalby should not decimate its own bench by doing this every turn though, and only select pokemon with damage. Operates under similar rules as Scoop Up. Moon Impact is an afterthought, or when it needs to be offensive.",,FALSE,,,,
gym1-51,Lt. Surge's Raticate,C,1,n,1,,,Its only attack always deals damage equal to half of the opponent's remaining HP (rounded up). This live counter should be priced into all calclations,,TRUE,,,,
gym1-33,Rocket's Snorlax,C,b,n,1,h,,To be a tank that also powers up its main attack when viable and realistic to reach. Its effectiveness as a tank goes up when able to attack,,FALSE,,,,
gym1-36,Blaine's Kangaskhan,C,b,n,0.5,h,,One-Two Punch is primary. Child's Punch sucks too much to be a stalling move,,TRUE,,,,
gym1-25,Erika's Clefairy,C,b,y,0.5,,BG,"To use Moonwatching when its owner's hand is low on energy, even if it has to enter and be sacrificed just for that. Otherwise, Comet Slap becomes primary",,FALSE,,,,
gym1-4,Erika's Dragonair,C,1,y,0.5,,"PC, BD","To tuse Take Away as a pseudo-Kamikaze Timer, only better because it doesn't involve killing the card. An extremely good eject button to be used when death seems imminent. Blizzard should be used in all other situations.",,TRUE,,,,
gym1-41,Brock's Lickitung,C,b,n,,a,,Standard Attack Choice. Works better if our bot prices DCE in hand as a two energy bump.,,FALSE,,,,
gym1-42,Erika's Dratini,C,b,y,,e,WP,Its pokemon power should be priced into damage projection calculations against opponent basic pokemon,,TRUE,,,,
gym1-82,Lt. Surge's Rattata,C,b,y,,e,,"Focus Energy is a Setup Turn for Gnaw, but only the first time before Gnaw can be afforded",,TRUE,,,,
gym1-52,Lt. Surge's Spearow,C,b,y,,,,Nothing special. Mark this as green,,FALSE,,,,
gym1-83,Lt. Surge's Spearow 2,C,b,y,,e,"PC, WP",Whirlwind follows same logic as other moves of the same name. Razor Wind will probably get priced higher by the bot and I don't want to fight that,,FALSE,,,,
gym1-8,Lt. Surge's Magneton,E,1,n,2,,BG,"To be considered ready for fighting 2 energies away from max rather than the normal 1, but only if another energy already exists on the bench. Its pokemon power allows it to move a single energy from the bench to itself once active, so two energies can be attached to it this turn in total",,FALSE,,,,
gym1-6,Lt. Surge's Electabuzz,E,b,n,1,a,,"To possibly use multiple setup turns if there are enough discard pile energies to grab and if it can realistically survive long enough. Not many situations where that would happen though, so we might not need to build it. Best strategy might just be one Charge one Discharge anyway.",,TRUE,,,,
gym1-27,Lt. Surge's Electabuzz 2,E,b,n,1,a,BG,"An Energy Funnel, but one that supplies the bench and should not be seen as a negative as long as the bench wants energy. Supplying Electric Current on a turn that it can be used should probably even be seen as an equivalent to directly attaching that energy to the intended bench target, if we want to match Pocket's bot. Charge only becomes a Setup Turn move when energy for Electric Current can't be supplied from the hand, and the bot should hate being in that situation. ",,FALSE,,,,
gym1-50,Lt. Surge's Magnemite,E,b,y,,a,"ED, SL","Confusion Pulse is primary but Removal Pulse is so close in value that we could possibly even deprioritize its powerup very slightly without gating it, if possible. Consider that an extra mile kind of thing",,FALSE,,,,
gym1-80,Lt. Surge's Magnemite 2,E,b,y,,e,,Tackle preferred over Thundershock whenever possible,,FALSE,,,,
gym1-81,Lt. Surge's Pikachu,E,b,y,,f,,"Charge is a Setup-Turn move for attaching energy, if conditions are met. It would not save a turn but allow an energy to be allocated to the bench that would otherwise have been spent on this card",,TRUE,,,,
gym1-28,Lt. Surge's Raichu,E,1,n,2,,,Same archetype as other Kamikaze Timer electric types. Mega Punch is primary and Thunderbolt is used right before death.,,TRUE,,,,
gym1-84,Lt. Surge's Voltorb,E,b,y,,e,,Bot will prob be fine,,FALSE,,,,
gym1-20,Brock's Golem,F,2,,3,,BD,Faces a unique Attack Choice in that both attacks are valuable. GBC would take the easy way out and weight Fissure over Rock Slide. Hard mode would be to price how quickly Rock Slide could kill bench pokemon against how quickly Fissure could kill the active one. ,,FALSE,,,,
gym1-2,Brock's Rhydon,F,1,n,1.5,,BG,To sit on the bench as a Bench Engine and absorb a small amount of damage every turn for the active pokemon (passive due to its pokemon power). Prefers not to fight because its main attack needs Coin Luck not to do zero damage,,TRUE,,,,
gym1-11,Rocket's Hitmonchan,F,b,n,1.5,a,HD,"To be used in almost any sitution at almost any energy level. Crosscounter is extremely dangerous, and puts a fresh and highly energized Charizard just a coin flip away from Kamikaze death. Magnum Punch is worth powering up as well, becoming the primary attack once ready. This card is not afraid of coming in fresh and leaning on Crosscounter until powered up though.",,FALSE,,,,
gym1-21,Brock's Onix,F,b,n,1,,BD,Bot should be fine as-is. Standard Attack Choice and Bench Target mechancis,,FALSE,,,,
gym1-23,Brock's Sandslash,F,1,n,1,,SL,"Follows similar logic to many Jungle/Fossil poisoners. Needles should be used to poison. Once poisoned, Sandstorm becomes primary.",,TRUE,,,,
gym1-69,Brock's Onix 2,F,b,n,0.5,a,SL,Bot will probably be fine. Only light checks probably needed just to be safe,,TRUE,,,,
gym1-38,Brock's Geodude,F,b,y,,e,BD,Lucky Shot is primary due to 15 avg dmg vs Tackle's 10. Standard Bench Target mechanics. Bot should be fine,,FALSE,,,,
gym1-66,Brock's Geodude 2,F,b,y,,e,BG,Hook Shot is primary and bypasses resistance. This bypass should be priced in to calculations for the bot,,FALSE,,,,
gym1-40,Brock's Graveler,F,1,y,,,,Nothing special. File as clear,,FALSE,,,,
gym1-67,Brock's Mankey,F,b,y,,f,PC,Taunt follows Lure logic. Light Kick is primary,,FALSE,,,,
gym1-68,Brock's Mankey 2,F,b,y,,,,"Karate Chop is primary but Fidget is okay to be used any turn that Karate Chop can't be, though should never be priced as an attack itself. It's harmless and costs nothing but doesn't provide anything either",,FALSE,,,,
gym1-22,Brock's Rhyhorn,F,b,y,,f,PC,"All mechanics exist, bot should be fine. Horn Toss is Whirlwind by a different name",,TRUE,,,,
gym1-70,Brock's Rhyhorn 2,F,b,y,0.5,a,HD,"Drill Tackle is a 75% success chance rather than a 50/50, and should be priced as such. This card is an OP opener and should be used as a high damage starting card, or in many situations. It's cheap high damage with an only 25% chance of failure",,TRUE,,,,
gym1-71,Brock's Sandshrew,F,b,y,,e,WP,Same logic as base1 Wartortle's Attack Choice,,TRUE,,,,
gym1-72,Brock's Sandshrew 2,F,b,y,,e,PC,Blocks retreat but that doesn't need pricing imo,,FALSE,,,,
gym1-26,Erika's Victreebel,G,2,,3,,PC,"To be a Bench Engine that wreaks havok by using its pokemon power every single turn to try to drag a vulnerable bench pokemon out. The exception to this is if the opponent's current active pokemon is a guaranteed kill and there are no higher value kills on the bench. If we don't track kill value based on the treat it removes, we should",,TRUE,,,,
gym1-5,Erika's Vileplume,G,2,,3,,"SL, AP","To fight, because any attack that damages it results in a 50% chance the opponent will become confused. Its only attack does not involve special strategy",,FALSE,,,,
gym1-39,Brock's Golbat,G,1,n,1.5,,,Sprial Dive should price against Dive every turn in terms of damage dealt. Tie goes to Dive unless Spiral Dive can kill a bench pokemon,,FALSE,,,,
gym1-44,Erika's Exeggutor,G,1,n,1,,,"To only use Psychic Exchange if there are less than 5 cards in its hand and none of them are of particular value, like an impending evolution card",,FALSE,,,,
gym1-13,Rocket's Scyther,G,b,n,1,a,WP,"Usage is similar to Rocket's Hitmonchan, minus the Kamikaze aspect.",,TRUE,,,,
gym1-34,Sabrina's Venomoth,G,1,n,1,,AP,"To come in when multiple bench pokemon have damage on them and use Healing Pollen. Its value is limited by needing to be in a multi-type deck to be worth its space in the deck, as each attack needs a different energy type. If both are available, the damage-dealing one should be used unless healing value outweighs it",,TRUE,,,,
gym1-24,Brock's Zubat,G,b,y,,,,"To open a game and use Alert right away. Otherwise, Wing Attack should be preferred because Alert would bring in a fresh pokemon to face an attack before it can attack itself",,FALSE,,,,
gym1-74,Brock's Zubat 2,G,b,y,,a,SL,Bot will be fine. Probably green,,FALSE,,,,
gym1-75,Erika's Bellsprout,G,b,y,,a,SL,Vine Whip should be priced above Poison Vine,,TRUE,,,,
gym1-76,Erika's Bellsprout 2,G,b,y,,,,"Takes guaranteed recoil damage, should be priced as such",,TRUE,,,,
gym1-43,Erika's Exeggcute,G,b,y,,,,Deflector onlly if Egg Bomb can't be used or might result in a subpar Kamikaze result,,FALSE,,,,
gym1-77,Erika's Exeggcute 2,G,b,y,,f,,An Over-Attach that isn't supported by its evolution and so shouldn't be priced past the second energy,,FALSE,,,,
gym1-45,Erika's Gloom,G,1,y,,,"SL, AP","Magic Pollen in primary and the condition chosen should be Poison if the opponent will be 10 HP away from death after the attack lands. Otherwise, confusion is preferred as it risks damage negation, self-damage, and hindering retreat all in one. If the opponent is already under confusion, Healing Pollen can be used when this card approaches death. If the opponent is not status'd when this card is close to death, attempting to get it status'd takes priority over survival.",,FALSE,,,,
gym1-46,Erika's Gloom 2,G,1,y,,,SL,"Vile Smell is a Setup Turn for *evolution*, since this card will just evolve out of its confusion. Otherwise, Dream Dance is preferred due to the disproportionate chance the opponent will be cost an attack over its user",,FALSE,,,,
gym1-47,Erika's Oddish,G,b,y,,e,SL,"Its pokemon power is identical to Charizard's but with Grass type. However, this advantage doesn't carry over to its evolutions so it shouldn't be priced",,FALSE,,,,
gym1-78,Erika's Oddish 2,G,b,y,,e,WP,To price in the healing potential of both moves,,FALSE,,,,
gym1-79,Erika's Tangela,G,b,n,,,BD,"Stretch Vine is primary, Bench Targeter",,FALSE,,,,
gym1-48,Erika's Weepinbell,G,1,y,,,PC,To use Flytrap to drag out vulnerable Bench Targets into the active spot to be killed,,FALSE,,,,
gym1-49,Erika's Weepinbell 2,G,1,y,,,SL,"Vine Whip preferred, Sleep Poison used before Vine Whip is ready",,TRUE,,,,
gym1-96,Sabrina's Venonat,G,b,y,,e,ED,"Removal Beam would be primary even without Energy Denial, which it also is. However, it asks for a Psychic energy. If this card's deck does not have that, the C cost for Removal Beam should not be paid either",,TRUE,,,,
gym1-14,Sabrina's Gengar,P,2,,3,,"BD, PC",Attack Choice follows the same pattern as Rocket's Scyther. Pain Amplifier is chosen in almost all situations in which it would result in a bench death. The bot might get this right but worth testing once,,FALSE,,,,
gym1-60,Sabrina's Slowbro,P,1,n,1.5,,,"To alternate between Screaming Headbutt and Naptime, but only the latter if it has damage on it. Since Screaming Headbutt can't be used two turns in a row, this might naturally work out.",,TRUE,,,,
gym1-59,Sabrina's Jynx,P,b,n,0.5,f,SL,Good Morning primary. Nothing special,,TRUE,,,,
gym1-94,Sabrina's Mr. Mime,P,b,n,0.5,a,,Sleight of Hand should be used if low on energy and the number chosen scaling based on need,,TRUE,,,,
gym1-91,Sabrina's Abra,P,b,y,,n,,"Its attack is pointless unless it's about to die on the next turn, then its useful for saving the energy. In any other case it would rather pass without attacking",,FALSE,,,,
gym1-92,Sabrina's Drowzee,P,b,y,,e,,Headbutt primary,,FALSE,,,,
gym1-93,Sabrina's Gastly,P,b,y,,,,Retreat hindrance doesn't need pricing,,FALSE,,,,
gym1-58,Sabrina's Haunter,P,1,y,,,,To get a bias towards entering play when its evolution   line fills the bench. That would mean pricing in the future damage based on what exists on the bench,,FALSE,,,,
gym1-95,Sabrina's Slowpoke,P,b,y,,,,Shouldn't be deterred too much by the self-sleep,,TRUE,,,,
gym1-12,Rocket's Moltres,R,b,n,1.5,h,PC,"Rebirth should be built as an option and the bot should always accept. It's low HP makes it a spawn camp risk if the bot keeps repeating it against a strong opponent, but this might be too niche to worry about",,TRUE,,,,
gym1-1,Blaine's Moltres,R,b,n,1,h,HD,"An uncomfortable amount of energy just for an attack that relies on Coin Luck to avoid yeeting itself straight back into the deck, where all 5 of those energies will need to be attached all over again just for another 50/50 chance. There is no other option. This card sucks",,TRUE,,,,
gym1-37,Blaine's Magmar,R,b,n,0.5,,,Lava Burst is primary but should be used sparingly as it discards 5 cards from its own deck. This should be priced against remaining card count as the deck lowers,,TRUE,,,,
gym1-61,Blaine's Charmander,R,b,y,,n,,"Kindle is an Energy Funnel but it Energy Denies the opponent at the same time. Pricing-wise, I'd say that's a net negative because then this card itself can never power up. It should want to be able to power up to Slash without burning through energy doing Kindle over and over. The best way to avoid this decision at all is to keep it out of the active spot without being ready for Slash",,FALSE,,,,
gym1-35,Blaine's Growlithe,R,b,y,,e,PC,Standard Attack Choice with Lure mechanics on the secondary. Fire Tackle is primary,,FALSE,,,,
gym1-62,Blaine's Growlithe 2,R,b,y,,e,BD,Has conditional Bench Target conditions that should be priced into damage assessments for bringing it into battle,,FALSE,,,,
gym1-63,Blaine's Ponyta,R,b,y,,e,WP,Agility should be priced to include its chance to prevent damage each turn,,FALSE,,,,
gym1-65,Blaine's Vulpix,R,b,y,,,AP,Its pokemon power should be used every turn that it has damage on it,,FALSE,,,,
gym1-73,Brock's Vulpix,R,b,y,,e,,Flame should be primary for its guaranteed damage. Quick Attack shouldn't even be built up to on its own unless prepping for evolution,,FALSE,,,,
gym1-124,Narrow Gym,T,c,,t,,,A deck without a large variety of basic pokemon (duplicates rather than different ones). Usage follows normal Stadium logic,,TRUE,,,,
gym1-122,Energy Flow,T,c,,p,,,"To be used when a pokemon is about to die, has energies attached, and the value of the energy saved outweighs any attack that pokemon can make instead, which would be the minority of cases. One that might be valid is something Over-Attached for evolution that will die before it can evolve, removing the excess energy and leaving it with only what it needs to attack. Another use case is when the bot does not have the energy in hand to power up its active pokemon to the desired level or prep it for impending evolution (card in hand), to remove energy from a bench pokemon to then give it to the active one",,FALSE,,,,
gym1-126,Trash Exchange,T,c,,m,,,To be used after a valuable pokemon has been knocked out to put it back in the deck,,TRUE,,,,
gym1-121,Blaine's Gamble,T,c,,d,,,"Same drawing/discarding logic as Secret Mission, though the gamble aspect should be priced as well",,TRUE,,,,
gym1-123,Misty's Duel,T,c,,d,,,"A UI setup where the player picks rock, paper, or scissors and the bot comes back with a random selection. If a tie, do it again. Usage logic similar to Professor Oak",,FALSE,,,,
gym1-125,Sabrina's Gaze,T,c,,d,,,Follows logic similar to Professor Oak but cards are re-shuffled into the deck rather than being discarded and should be priced accordingly. Should be played for its benefit to the bot over its disruptive effect on the opponent,,TRUE,,,,
gym1-103,No Removal Gym,T,r,,t,,,"Should follow normal Stadium play logic, once we create that",,TRUE,,,,
gym1-104,The Rocket's Training Gym,T,r,,t,,,To be played when the bot's current active pokemon doesn't want to retreat itself. Otherwise we don't need to price too much into this,,FALSE,,,,
gym1-19,The Rocket's Trap,T,r,,p,,,"To be used liberally, but only when the opponent has 3 or more cards in their hand. Some situations override, like dumping cards ahead of a Professor Oak usage",,FALSE,,,,
gym1-17,Lt. Surge,T,r,,m,,,"To be used in a similar fashion to Switch, in that it should be seen as an escape item primarily. The replacement pokemon should be seen as fodder regardless of what it is, as it's likely to take damage and die before being powered up or evolved. Anything can be used except something highly valuable, but preferred would be something with a 1 energy attack cost that has a status chance",,FALSE,,,,
gym1-101,Lt. Surge NH,T,r,,m,,,Same as holo variant,,FALSE,,,,
gym1-15,Brock,T,r,,h,,,"Prefers to be used when multiple pokemon have damage on them, but this isn't exclusive. Desperation or an ability to prevent death on the next turn should lower the barrier for use on a single pokemon considerably. ",,FALSE,,,,
gym1-98,Brock NH,T,r,,h,,,Same as holo variant,,TRUE,,,,
gym1-99,Charity,T,r,,e,,,,y,FALSE,,,,
gym1-105,Blaine's Last Resort,T,r,,d,,,The card's conditions are enough to shape the bot's behavoir. Mark as green,,FALSE,,,,
gym1-97,Blaine's Quiz #1,T,r,,d,,,"I almost don't even want to include this card because we'll have to invent game-wide mechanics for pokemon length tracking just for this one card that isn't even that good. If we figure out how to do it cheaply, the bot should treat the play logic like Bill's. I'm open to many options here including changing the card itself or even just scrapping it",,FALSE,,,,
gym1-16,Erika,T,r,,d,,,"Similar usage to Bill. The bot should be careful with the number of cards it draws when the deck is running out and it has fewer remaining cards than the player. Otherwise, it should always choose to draw three",,FALSE,,,,
gym1-100,Erika NH,T,r,,d,,,Same as holo variant,,FALSE,,,,
gym1-18,Misty,T,r,,c,,,"To be used when conditions apply. If forced to discard valuable hand cards to use, that should be priced against the decision though should not outright preclude it. The best time to use this is when it will surprise the opponent by knocking out their pokemon on a turn where it otherwise wouldn't have, destroying their turn-based calculations.",,TRUE,,,,
gym1-102,Misty NH,T,r,,c,,,Same as holo variant,,FALSE,,,,
gym1-107,Celadon City Gym,T,u,,t,,,"Play logic follows normal Stadium rules, though it doesn't want to be in any deck without some of Erika's cards in it because then it would be useless. Stadiums benefit both sides equally but this one disproportionately affects the one who plays it, because the opponent would need Erika cards as well to benefit. ",,FALSE,,,,
gym1-108,Cerulean City Gym,T,u,,t,,,"Normal stadium logic. Wants a deck with many pokemon with a 1-energy retreat cost, because this will make a music chairs retreating game free in such a case.",,FALSE,,,,
gym1-115,Pewter City Gym,T,u,,t,,,Normal stadium logic,,FALSE,,,,
gym1-120,Vermilion City Gym,T,u,,t,,,To be in decks with Lt. Surge cards. Damage boost when applicable should be priced into the bot's decisions at all levels,,FALSE,,,,
gym1-106,Brock's Training Method,T,u,,s,,,"To be used liberally. The card selected should be an evolution card for something it currently has in play, and if not then something it has in its hand. If neither is applicable, it can just pick something. Wants to be in a deck with Brock cards because it's useless otherwise",,FALSE,,,,
gym1-109,Erika's Maids,T,u,,s,,,Similar logic to Brock's Training Method. The card traded should be less valuable ones or duplicates to ones already in play,,FALSE,,,,
gym1-111,Good Manners,T,u,,s,,,"To be used when there are no basic pokemon in its player's hand. Since the card rules themselves exclude usage at any other time, we don't need to train the bot. Can probably be marked green",,FALSE,,,,
gym1-119,Tickling Machine,T,u,,p,,,"To only be used when the bot wasn't going to attack this turn anyway. Otherwise, other conditions aren't really needed. If used against the bot, the card rules handle the logic. WotC ruling - It disables the opponent's entire hand for a turn",,TRUE,,,,
gym1-110,Erika's Perfume,T,u,,m,,,Best use case is to put weak pokemon onto your opponent's bench when your own active pokemon deals bench damage. Much too limited to be worth training the bot on,y,TRUE,,,,
gym1-113,Minion of Team Rocket,T,u,,m,,,"To be played liberally if the opponent has benched pokemon with weight scaling depending on benched pokemon value. The bot should probably resist using it against just an unpowered basic pokemon on the bench but love to use it against something with energy attached, especially something strong or evolved (if evolved, that should add to the weight more than energy)",,TRUE,,,,
gym1-112,Lt. Surge's Treaty,T,u,,e,,,"To be used only when the opponent has fewer prizes than the bot, so that the opponent accepting the treaty doesn't disadvantage the bot. If prizes are equal, it should be weighted low by default but scaled up slightly if the bot's own active pokemon has the advantage over its opponent's active pokemon. If the player uses one, the bot's choice whether or not to accept should be based on the same logic but from the opposite perspective; only accept if it's currently in the lead prize-wise. Not even a tie scenario when on the receiving end.",,FALSE,,,,
gym1-114,Misty's Wrath,T,u,,d,,,"To have the card selection decision based on which cards it doesn't want to throw away rather than the ones it wants to keep. It should take whatever is most valuable to it at the time, with needed evolutions or energy during a drought getting a boost when applicable",,FALSE,,,,
gym1-118,Secret Mission,T,u,,d,,,"Allows a look at the opponent's hand but I don't think the bot will need to do anything with that info. For discarding and drawing, the bot should first find what it deems duplicate or not valuable and discard them. The number drawn is automatic based on that decision. It should only be careful when running low on cards, following Bill logic there.",,FALSE,,,,
gym1-116,Recall,T,u,,c,,,"Likes to be played when an evolved pokemon can't currently attack but when its prior evolution could with the same energy amount. This applies to cards that have physically been played only, so a pokemon that skips stage 1 by evolving with Pokemon Breeder can't use its stage 1 evolution's moves. Likes decks with cards that require a down turn in between its main attacks, such as Charizard (if not Over-Attached in advance). This would allow Charizard to use Charmeleon's Slash (not Flamethrower since it's an Energy Funnel and defeats the purpose) in the down turn when Charizard would only have 3 energies",,FALSE,,,,
gym1-117,Sabrina's ESP,T,u,,c,,,"A deck with Sabrina cards that involve coin flipping, as that is its only use case. Card rules dictate its usage situations, so risk for the bot is only playing it when a card doesn't want a coin flip this turn. The bot should ask for a re-flip when the result is below the 50/50 odds chance, so if 3 coins are flipped, 1 heads is a re-flip but 2 heads are not. An equal 1/2 or 2/4 situation should not be a re-flip",,FALSE,,,,
gym1-31,Misty's Poliwrath,W,2,,3,,BD,"To play in an all water or mostly water type deck, because its attack damages every non-water pokemon on either bench. Loves to fight because of that. One attack, logic is easy",,FALSE,,,,
gym1-9,Misty's Seadra,W,1,n,2,,HD,"Coin Luck to land a big hit with Knockout Needle, which is the primary attack. Bot's probably fine",,FALSE,,,,
gym1-10,Misty's Tentacruel,W,1,n,2,,"PC, SL","To be a guerrilla fighter. It jumps into active to attempt to poison the opponent with its only attack, before its pokemon power bounces it back to the bench. The 'bail' option should be accepted in most scenarios excpet ones where it can deal disproportionate damage at little risk to itself, or if there are no other viable options on the bench (or more valuable ones).",,FALSE,,,,
gym1-29,Misty's Cloyster,W,1,n,1.5,,WP,"Tankier than it looks due to its pokemon power. Attack logic is standard, needs some degree of Coin Luck",,FALSE,,,,
gym1-56,Misty's Starmie,W,1,n,1.5,,SL,"Water Gun Over-Attaches twice, but should never be used after the first Over-Attach because Bubblebeam becomes affordable is and is primary after that. Same damage plus chance to paralyze",,FALSE,,,,
gym1-55,Misty's Seaking,W,1,n,1,,BD,Standard Attack Choice and Bench Target. Probably green,,FALSE,,,,
gym1-30,Misty's Goldeen,W,b,y,,e,,"Coin Luck, otherwise its attack does nothing. Probably shouldn't fight unless it can survive to evolution, which would need to be imminent in order for it to live that long with its low HP",,FALSE,,,,
gym1-85,Misty's Goldeen 2,W,b,y,,e,SL,"Fury Attack primary, Supersonic probably shouldn't get used",,FALSE,,,,
gym1-86,Misty's Horsea,W,b,y,,e,WP,Wall-ness boost from Smokescreen,,FALSE,,,,
gym1-87,Misty's Poliwag,W,b,y,,e,,Tail Wrap primary,,FALSE,,,,
gym1-53,Misty's Poliwhirl,W,1,y,,,ED,"Rapids is a 50/50 chance at Energy Denial, and Energy Denial is disproportionately valuable (though still dampened by the coin flip). However, Water Punch calls for Over-Attach with an unlimited cap, but this card's evolution only takes 4 energies max. Therefore, this card should probably be capped at 4 since the benefit of more isn't very good. I don't know which move should be primary. Let the bot sort it out",,FALSE,,,,
gym1-54,Misty's Psyduck,W,b,y,,f,,Same Call For Friend logic as other cards,,FALSE,,,,
gym1-88,Misty's Seel,W,b,y,,f,,"No logic needed, mark green",,FALSE,,,,
gym1-89,Misty's Shellder,W,b,y,,e,SL,"Clamp primary, probably safe to mark green",,FALSE,,,,
gym1-90,Misty's Staryu,W,b,y,,e,,"Swift does 20 damage no matter what and can't be blocked, and should be priced a such",,FALSE,,,,
gym1-32,Misty's Tentacool,W,b,y,,e,,"Jellyfish Pod is the primary unless the bot's hand already has 2 or more tentacool evolutions. Priced slightly differently to other moves that summon their own evolution, as it only summons it until its owner's hand rather than as an immediate evolution. Therefore, it's more suceptible to death on the opponent's next turn",,FALSE,,,,
gym1-57,Misty's Tentacool 2,W,b,y,,a,ED,"Main attack is energy denial, which is valuable. It should possibly even get a wall-ness boost if able to deny the energy needed for an attack. That's another extra mile item",,FALSE,,,,